CPU Reset (CPU 0)
EAX=00000000 EBX=00000000 ECX=00000000 EDX=00060fb1
ESI=00000000 EDI=00000000 EBP=00000000 ESP=00000000
EIP=0000fff0 EFL=00000002 [-------] CPL=0 II=0 A20=1 SMM=0 HLT=0
ES =0000 00000000 0000ffff 00009300
CS =f000 ffff0000 0000ffff 00009b00
SS =0000 00000000 0000ffff 00009300
DS =0000 00000000 0000ffff 00009300
FS =0000 00000000 0000ffff 00009300
GS =0000 00000000 0000ffff 00009300
LDT=0000 00000000 0000ffff 00008200
TR =0000 00000000 0000ffff 00008b00
GDT=     00000000 0000ffff
IDT=     00000000 0000ffff
CR0=60000010 CR2=00000000 CR3=00000000 CR4=00000000
DR0=0000000000000000 DR1=0000000000000000 DR2=0000000000000000 DR3=0000000000000000 
DR6=00000000ffff0ff0 DR7=0000000000000400
CCS=00000000 CCD=00000000 CCO=EFLAGS
EFER=0000000000000000
FCW=037f FSW=0000 [ST=0] FTW=00 MXCSR=00001f80
FPR0=0000000000000000 0000 FPR1=0000000000000000 0000
FPR2=0000000000000000 0000 FPR3=0000000000000000 0000
FPR4=0000000000000000 0000 FPR5=0000000000000000 0000
FPR6=0000000000000000 0000 FPR7=0000000000000000 0000
XMM00=0000000000000000 0000000000000000 XMM01=0000000000000000 0000000000000000
XMM02=0000000000000000 0000000000000000 XMM03=0000000000000000 0000000000000000
XMM04=0000000000000000 0000000000000000 XMM05=0000000000000000 0000000000000000
XMM06=0000000000000000 0000000000000000 XMM07=0000000000000000 0000000000000000
CPU Reset (CPU 0)
EAX=00000000 EBX=00000000 ECX=00000000 EDX=00060fb1
ESI=00000000 EDI=00000000 EBP=00000000 ESP=00000000
EIP=0000fff0 EFL=00000002 [-------] CPL=0 II=0 A20=1 SMM=0 HLT=0
ES =0000 00000000 0000ffff 00009300
CS =f000 ffff0000 0000ffff 00009b00
SS =0000 00000000 0000ffff 00009300
DS =0000 00000000 0000ffff 00009300
FS =0000 00000000 0000ffff 00009300
GS =0000 00000000 0000ffff 00009300
LDT=0000 00000000 0000ffff 00008200
TR =0000 00000000 0000ffff 00008b00
GDT=     00000000 0000ffff
IDT=     00000000 0000ffff
CR0=60000010 CR2=00000000 CR3=00000000 CR4=00000000
DR0=0000000000000000 DR1=0000000000000000 DR2=0000000000000000 DR3=0000000000000000 
DR6=00000000ffff0ff0 DR7=0000000000000400
CCS=00000000 CCD=00000000 CCO=EFLAGS
EFER=0000000000000000
FCW=037f FSW=0000 [ST=0] FTW=00 MXCSR=00001f80
FPR0=0000000000000000 0000 FPR1=0000000000000000 0000
FPR2=0000000000000000 0000 FPR3=0000000000000000 0000
FPR4=0000000000000000 0000 FPR5=0000000000000000 0000
FPR6=0000000000000000 0000 FPR7=0000000000000000 0000
XMM00=0000000000000000 0000000000000000 XMM01=0000000000000000 0000000000000000
XMM02=0000000000000000 0000000000000000 XMM03=0000000000000000 0000000000000000
XMM04=0000000000000000 0000000000000000 XMM05=0000000000000000 0000000000000000
XMM06=0000000000000000 0000000000000000 XMM07=0000000000000000 0000000000000000
SMM: enter
EAX=00000000 EBX=00000000 ECX=02000000 EDX=02000628
ESI=0000000b EDI=02000000 EBP=06fed190 ESP=00006d54
EIP=000f055d EFL=00000046 [---Z-P-] CPL=0 II=0 A20=1 SMM=0 HLT=0
ES =0010 00000000 ffffffff 00cf9300 DPL=0 DS   [-WA]
CS =0008 00000000 ffffffff 00cf9b00 DPL=0 CS32 [-RA]
SS =0010 00000000 ffffffff 00cf9300 DPL=0 DS   [-WA]
DS =0010 00000000 ffffffff 00cf9300 DPL=0 DS   [-WA]
FS =0010 00000000 ffffffff 00cf9300 DPL=0 DS   [-WA]
GS =0010 00000000 ffffffff 00cf9300 DPL=0 DS   [-WA]
LDT=0000 00000000 0000ffff 00008200 DPL=0 LDT
TR =0000 00000000 0000ffff 00008b00 DPL=0 TSS32-busy
GDT=     000f7420 00000037
IDT=     000f745e 00000000
CR0=00000011 CR2=00000000 CR3=00000000 CR4=00000000
DR0=0000000000000000 DR1=0000000000000000 DR2=0000000000000000 DR3=0000000000000000 
DR6=00000000ffff0ff0 DR7=0000000000000400
CCS=00000044 CCD=ffffffff CCO=EFLAGS
EFER=0000000000000000
SMM: after RSM
EAX=00000000 EBX=00000000 ECX=02000000 EDX=02000628
ESI=0000000b EDI=02000000 EBP=06fed190 ESP=00006d54
EIP=000f055d EFL=00000046 [---Z-P-] CPL=0 II=0 A20=1 SMM=0 HLT=0
ES =0010 00000000 ffffffff 00c09300 DPL=0 DS   [-WA]
CS =0008 00000000 ffffffff 00c09b00 DPL=0 CS32 [-RA]
SS =0010 00000000 ffffffff 00c09300 DPL=0 DS   [-WA]
DS =0010 00000000 ffffffff 00c09300 DPL=0 DS   [-WA]
FS =0010 00000000 ffffffff 00c09300 DPL=0 DS   [-WA]
GS =0010 00000000 ffffffff 00c09300 DPL=0 DS   [-WA]
LDT=0000 00000000 0000ffff 00008200 DPL=0 LDT
TR =0000 00000000 0000ffff 00008b00 DPL=0 TSS32-busy
GDT=     000f7420 00000037
IDT=     000f745e 00000000
CR0=00000011 CR2=00000000 CR3=00000000 CR4=00000000
DR0=0000000000000000 DR1=0000000000000000 DR2=0000000000000000 DR3=0000000000000000 
DR6=00000000ffff0ff0 DR7=0000000000000400
CCS=00000044 CCD=00000000 CCO=EFLAGS
EFER=0000000000000000
Servicing hardware INT=0x08
SMM: enter
EAX=000000b5 EBX=000f86ac ECX=00001234 EDX=00006cff
ESI=00006cc8 EDI=06fff761 EBP=00006c88 ESP=00006c88
EIP=000086a9 EFL=00000006 [-----P-] CPL=0 II=0 A20=1 SMM=0 HLT=0
ES =de80 000de800 ffffffff 008f9300
CS =f000 000f0000 ffffffff 008f9b00
SS =0000 00000000 ffffffff 008f9300
DS =0000 00000000 ffffffff 008f9300
FS =0000 00000000 ffffffff 008f9300
GS =0000 00000000 ffffffff 008f9300
LDT=0000 00000000 0000ffff 00008200
TR =0000 00000000 0000ffff 00008b00
GDT=     00000000 00000000
IDT=     00000000 000003ff
CR0=00000010 CR2=00000000 CR3=00000000 CR4=00000000
DR0=0000000000000000 DR1=0000000000000000 DR2=0000000000000000 DR3=0000000000000000 
DR6=00000000ffff0ff0 DR7=0000000000000400
CCS=00000000 CCD=00006c88 CCO=ADDL
EFER=0000000000000000
SMM: after RSM
EAX=000000b5 EBX=000f86ac ECX=00001234 EDX=00006cff
ESI=00006cc8 EDI=06fff761 EBP=00006c88 ESP=00006c88
EIP=000f86ac EFL=00000046 [---Z-P-] CPL=0 II=0 A20=1 SMM=0 HLT=0
ES =0010 00000000 ffffffff 00c09300 DPL=0 DS   [-WA]
CS =0008 00000000 ffffffff 00c09b00 DPL=0 CS32 [-RA]
SS =0010 00000000 ffffffff 00c09300 DPL=0 DS   [-WA]
DS =0010 00000000 ffffffff 00c09300 DPL=0 DS   [-WA]
FS =0010 00000000 ffffffff 00c09300 DPL=0 DS   [-WA]
GS =0010 00000000 ffffffff 00c09300 DPL=0 DS   [-WA]
LDT=0000 00000000 0000ffff 00008200 DPL=0 LDT
TR =0000 00000000 0000ffff 00008b00 DPL=0 TSS32-busy
GDT=     000f7420 00000037
IDT=     000f745e 00000000
CR0=00000011 CR2=00000000 CR3=00000000 CR4=00000000
DR0=0000000000000000 DR1=0000000000000000 DR2=0000000000000000 DR3=0000000000000000 
DR6=00000000ffff0ff0 DR7=0000000000000400
CCS=00000044 CCD=00000000 CCO=EFLAGS
EFER=0000000000000000
SMM: enter
EAX=000000b5 EBX=000086c6 ECX=00005678 EDX=06fffe68
ESI=000ed6e0 EDI=06fff761 EBP=00006c88 ESP=00006c88
EIP=000f86c3 EFL=00000016 [----AP-] CPL=0 II=0 A20=1 SMM=0 HLT=0
ES =0010 00000000 ffffffff 00c09300 DPL=0 DS   [-WA]
CS =0008 00000000 ffffffff 00c09b00 DPL=0 CS32 [-RA]
SS =0010 00000000 ffffffff 00c09300 DPL=0 DS   [-WA]
DS =0010 00000000 ffffffff 00c09300 DPL=0 DS   [-WA]
FS =0010 00000000 ffffffff 00c09300 DPL=0 DS   [-WA]
GS =0010 00000000 ffffffff 00c09300 DPL=0 DS   [-WA]
LDT=0000 00000000 0000ffff 00008200 DPL=0 LDT
TR =0000 00000000 0000ffff 00008b00 DPL=0 TSS32-busy
GDT=     000f7420 00000037
IDT=     000f745e 00000000
CR0=00000011 CR2=00000000 CR3=00000000 CR4=00000000
DR0=0000000000000000 DR1=0000000000000000 DR2=0000000000000000 DR3=0000000000000000 
DR6=00000000ffff0ff0 DR7=0000000000000400
CCS=00000008 CCD=00006c74 CCO=ADDL
EFER=0000000000000000
SMM: after RSM
EAX=000000b5 EBX=000086c6 ECX=00005678 EDX=06fffe68
ESI=000ed6e0 EDI=06fff761 EBP=00006c88 ESP=00006c88
EIP=000086c6 EFL=00000006 [-----P-] CPL=0 II=0 A20=1 SMM=0 HLT=0
ES =de80 000de800 ffffffff 00809300
CS =f000 000f0000 ffffffff 00809b00
SS =0000 00000000 ffffffff 00809300
DS =0000 00000000 ffffffff 00809300
FS =0000 00000000 ffffffff 00809300
GS =0000 00000000 ffffffff 00809300
LDT=0000 00000000 0000ffff 00008200
TR =0000 00000000 0000ffff 00008b00
GDT=     00000000 00000000
IDT=     00000000 000003ff
CR0=00000010 CR2=00000000 CR3=00000000 CR4=00000000
DR0=0000000000000000 DR1=0000000000000000 DR2=0000000000000000 DR3=0000000000000000 
DR6=00000000ffff0ff0 DR7=0000000000000400
CCS=00000004 CCD=00000001 CCO=EFLAGS
EFER=0000000000000000
SMM: enter
EAX=000000b5 EBX=000f86ac ECX=00001234 EDX=000069ff
ESI=000069ae EDI=06fff761 EBP=0000696e ESP=0000696e
EIP=000086a9 EFL=00000002 [-------] CPL=0 II=0 A20=1 SMM=0 HLT=0
ES =de80 000de800 ffffffff 008f9300
CS =f000 000f0000 ffffffff 008f9b00
SS =0000 00000000 ffffffff 008f9300
DS =0000 00000000 ffffffff 008f9300
FS =0000 00000000 ffffffff 008f9300
GS =c900 000c9000 ffffffff 008f9300
LDT=0000 00000000 0000ffff 00008200
TR =0000 00000000 0000ffff 00008b00
GDT=     00000000 00000000
IDT=     00000000 000003ff
CR0=00000010 CR2=00000000 CR3=00000000 CR4=00000000
DR0=0000000000000000 DR1=0000000000000000 DR2=0000000000000000 DR3=0000000000000000 
DR6=00000000ffff0ff0 DR7=0000000000000400
CCS=00000000 CCD=0000696e CCO=ADDL
EFER=0000000000000000
SMM: after RSM
EAX=000000b5 EBX=000f86ac ECX=00001234 EDX=000069ff
ESI=000069ae EDI=06fff761 EBP=0000696e ESP=0000696e
EIP=000f86ac EFL=00000046 [---Z-P-] CPL=0 II=0 A20=1 SMM=0 HLT=0
ES =0010 00000000 ffffffff 00c09300 DPL=0 DS   [-WA]
CS =0008 00000000 ffffffff 00c09b00 DPL=0 CS32 [-RA]
SS =0010 00000000 ffffffff 00c09300 DPL=0 DS   [-WA]
DS =0010 00000000 ffffffff 00c09300 DPL=0 DS   [-WA]
FS =0010 00000000 ffffffff 00c09300 DPL=0 DS   [-WA]
GS =0010 00000000 ffffffff 00c09300 DPL=0 DS   [-WA]
LDT=0000 00000000 0000ffff 00008200 DPL=0 LDT
TR =0000 00000000 0000ffff 00008b00 DPL=0 TSS32-busy
GDT=     000f7420 00000037
IDT=     000f745e 00000000
CR0=00000011 CR2=00000000 CR3=00000000 CR4=00000000
DR0=0000000000000000 DR1=0000000000000000 DR2=0000000000000000 DR3=0000000000000000 
DR6=00000000ffff0ff0 DR7=0000000000000400
CCS=00000044 CCD=00000000 CCO=EFLAGS
EFER=0000000000000000
SMM: enter
EAX=000000b5 EBX=000086c6 ECX=00005678 EDX=00000005
ESI=00000000 EDI=06fff761 EBP=0000696e ESP=0000696e
EIP=000f86c3 EFL=00000006 [-----P-] CPL=0 II=0 A20=1 SMM=0 HLT=0
ES =0010 00000000 ffffffff 00c09300 DPL=0 DS   [-WA]
CS =0008 00000000 ffffffff 00c09b00 DPL=0 CS32 [-RA]
SS =0010 00000000 ffffffff 00c09300 DPL=0 DS   [-WA]
DS =0010 00000000 ffffffff 00c09300 DPL=0 DS   [-WA]
FS =0010 00000000 ffffffff 00c09300 DPL=0 DS   [-WA]
GS =0010 00000000 ffffffff 00c09300 DPL=0 DS   [-WA]
LDT=0000 00000000 0000ffff 00008200 DPL=0 LDT
TR =0000 00000000 0000ffff 00008b00 DPL=0 TSS32-busy
GDT=     000f7420 00000037
IDT=     000f745e 00000000
CR0=00000011 CR2=00000000 CR3=00000000 CR4=00000000
DR0=0000000000000000 DR1=0000000000000000 DR2=0000000000000000 DR3=0000000000000000 
DR6=00000000ffff0ff0 DR7=0000000000000400
CCS=00000008 CCD=0000695a CCO=ADDL
EFER=0000000000000000
SMM: after RSM
EAX=000000b5 EBX=000086c6 ECX=00005678 EDX=00000005
ESI=00000000 EDI=06fff761 EBP=0000696e ESP=0000696e
EIP=000086c6 EFL=00000002 [-------] CPL=0 II=0 A20=1 SMM=0 HLT=0
ES =de80 000de800 ffffffff 00809300
CS =f000 000f0000 ffffffff 00809b00
SS =0000 00000000 ffffffff 00809300
DS =0000 00000000 ffffffff 00809300
FS =0000 00000000 ffffffff 00809300
GS =c900 000c9000 ffffffff 00809300
LDT=0000 00000000 0000ffff 00008200
TR =0000 00000000 0000ffff 00008b00
GDT=     00000000 00000000
IDT=     00000000 000003ff
CR0=00000010 CR2=00000000 CR3=00000000 CR4=00000000
DR0=0000000000000000 DR1=0000000000000000 DR2=0000000000000000 DR3=0000000000000000 
DR6=00000000ffff0ff0 DR7=0000000000000400
CCS=00000000 CCD=00000001 CCO=EFLAGS
EFER=0000000000000000
SMM: enter
EAX=000000b5 EBX=000f86ac ECX=00001234 EDX=000069ff
ESI=000069a8 EDI=06fff761 EBP=00006968 ESP=00006968
EIP=000086a9 EFL=00000002 [-------] CPL=0 II=0 A20=1 SMM=0 HLT=0
ES =de80 000de800 ffffffff 00809300
CS =f000 000f0000 ffffffff 00809b00
SS =0000 00000000 ffffffff 00809300
DS =0000 00000000 ffffffff 00809300
FS =0000 00000000 ffffffff 00809300
GS =c900 000c9000 ffffffff 00809300
LDT=0000 00000000 0000ffff 00008200
TR =0000 00000000 0000ffff 00008b00
GDT=     00000000 00000000
IDT=     00000000 000003ff
CR0=00000010 CR2=00000000 CR3=00000000 CR4=00000000
DR0=0000000000000000 DR1=0000000000000000 DR2=0000000000000000 DR3=0000000000000000 
DR6=00000000ffff0ff0 DR7=0000000000000400
CCS=00000000 CCD=00006968 CCO=ADDL
EFER=0000000000000000
SMM: after RSM
EAX=000000b5 EBX=000f86ac ECX=00001234 EDX=000069ff
ESI=000069a8 EDI=06fff761 EBP=00006968 ESP=00006968
EIP=000f86ac EFL=00000046 [---Z-P-] CPL=0 II=0 A20=1 SMM=0 HLT=0
ES =0010 00000000 ffffffff 00c09300 DPL=0 DS   [-WA]
CS =0008 00000000 ffffffff 00c09b00 DPL=0 CS32 [-RA]
SS =0010 00000000 ffffffff 00c09300 DPL=0 DS   [-WA]
DS =0010 00000000 ffffffff 00c09300 DPL=0 DS   [-WA]
FS =0010 00000000 ffffffff 00c09300 DPL=0 DS   [-WA]
GS =0010 00000000 ffffffff 00c09300 DPL=0 DS   [-WA]
LDT=0000 00000000 0000ffff 00008200 DPL=0 LDT
TR =0000 00000000 0000ffff 00008b00 DPL=0 TSS32-busy
GDT=     000f7420 00000037
IDT=     000f745e 00000000
CR0=00000011 CR2=00000000 CR3=00000000 CR4=00000000
DR0=0000000000000000 DR1=0000000000000000 DR2=0000000000000000 DR3=0000000000000000 
DR6=00000000ffff0ff0 DR7=0000000000000400
CCS=00000044 CCD=00000000 CCO=EFLAGS
EFER=0000000000000000
SMM: enter
EAX=000000b5 EBX=000086c6 ECX=00005678 EDX=00000003
ESI=06fd4130 EDI=06fff761 EBP=00006968 ESP=00006968
EIP=000f86c3 EFL=00000012 [----A--] CPL=0 II=0 A20=1 SMM=0 HLT=0
ES =0010 00000000 ffffffff 00c09300 DPL=0 DS   [-WA]
CS =0008 00000000 ffffffff 00c09b00 DPL=0 CS32 [-RA]
SS =0010 00000000 ffffffff 00c09300 DPL=0 DS   [-WA]
DS =0010 00000000 ffffffff 00c09300 DPL=0 DS   [-WA]
FS =0010 00000000 ffffffff 00c09300 DPL=0 DS   [-WA]
GS =0010 00000000 ffffffff 00c09300 DPL=0 DS   [-WA]
LDT=0000 00000000 0000ffff 00008200 DPL=0 LDT
TR =0000 00000000 0000ffff 00008b00 DPL=0 TSS32-busy
GDT=     000f7420 00000037
IDT=     000f745e 00000000
CR0=00000011 CR2=00000000 CR3=00000000 CR4=00000000
DR0=0000000000000000 DR1=0000000000000000 DR2=0000000000000000 DR3=0000000000000000 
DR6=00000000ffff0ff0 DR7=0000000000000400
CCS=00000008 CCD=00006954 CCO=ADDL
EFER=0000000000000000
SMM: after RSM
EAX=000000b5 EBX=000086c6 ECX=00005678 EDX=00000003
ESI=06fd4130 EDI=06fff761 EBP=00006968 ESP=00006968
EIP=000086c6 EFL=00000002 [-------] CPL=0 II=0 A20=1 SMM=0 HLT=0
ES =de80 000de800 ffffffff 00809300
CS =f000 000f0000 ffffffff 00809b00
SS =0000 00000000 ffffffff 00809300
DS =0000 00000000 ffffffff 00809300
FS =0000 00000000 ffffffff 00809300
GS =c900 000c9000 ffffffff 00809300
LDT=0000 00000000 0000ffff 00008200
TR =0000 00000000 0000ffff 00008b00
GDT=     00000000 00000000
IDT=     00000000 000003ff
CR0=00000010 CR2=00000000 CR3=00000000 CR4=00000000
DR0=0000000000000000 DR1=0000000000000000 DR2=0000000000000000 DR3=0000000000000000 
DR6=00000000ffff0ff0 DR7=0000000000000400
CCS=00000000 CCD=00000001 CCO=EFLAGS
EFER=0000000000000000
SMM: enter
EAX=000000b5 EBX=000f86ac ECX=00001234 EDX=000069ff
ESI=000069ae EDI=06fff761 EBP=0000696e ESP=0000696e
EIP=000086a9 EFL=00000002 [-------] CPL=0 II=0 A20=1 SMM=0 HLT=0
ES =de80 000de800 ffffffff 00809300
CS =f000 000f0000 ffffffff 00809b00
SS =0000 00000000 ffffffff 00809300
DS =0000 00000000 ffffffff 00809300
FS =0000 00000000 ffffffff 00809300
GS =c900 000c9000 ffffffff 00809300
LDT=0000 00000000 0000ffff 00008200
TR =0000 00000000 0000ffff 00008b00
GDT=     00000000 00000000
IDT=     00000000 000003ff
CR0=00000010 CR2=00000000 CR3=00000000 CR4=00000000
DR0=0000000000000000 DR1=0000000000000000 DR2=0000000000000000 DR3=0000000000000000 
DR6=00000000ffff0ff0 DR7=0000000000000400
CCS=00000000 CCD=0000696e CCO=ADDL
EFER=0000000000000000
SMM: after RSM
EAX=000000b5 EBX=000f86ac ECX=00001234 EDX=000069ff
ESI=000069ae EDI=06fff761 EBP=0000696e ESP=0000696e
EIP=000f86ac EFL=00000046 [---Z-P-] CPL=0 II=0 A20=1 SMM=0 HLT=0
ES =0010 00000000 ffffffff 00c09300 DPL=0 DS   [-WA]
CS =0008 00000000 ffffffff 00c09b00 DPL=0 CS32 [-RA]
SS =0010 00000000 ffffffff 00c09300 DPL=0 DS   [-WA]
DS =0010 00000000 ffffffff 00c09300 DPL=0 DS   [-WA]
FS =0010 00000000 ffffffff 00c09300 DPL=0 DS   [-WA]
GS =0010 00000000 ffffffff 00c09300 DPL=0 DS   [-WA]
LDT=0000 00000000 0000ffff 00008200 DPL=0 LDT
TR =0000 00000000 0000ffff 00008b00 DPL=0 TSS32-busy
GDT=     000f7420 00000037
IDT=     000f745e 00000000
CR0=00000011 CR2=00000000 CR3=00000000 CR4=00000000
DR0=0000000000000000 DR1=0000000000000000 DR2=0000000000000000 DR3=0000000000000000 
DR6=00000000ffff0ff0 DR7=0000000000000400
CCS=00000044 CCD=00000000 CCO=EFLAGS
EFER=0000000000000000
SMM: enter
EAX=000000b5 EBX=000086c6 ECX=00005678 EDX=00000005
ESI=00000000 EDI=06fff761 EBP=0000696e ESP=0000696e
EIP=000f86c3 EFL=00000006 [-----P-] CPL=0 II=0 A20=1 SMM=0 HLT=0
ES =0010 00000000 ffffffff 00c09300 DPL=0 DS   [-WA]
CS =0008 00000000 ffffffff 00c09b00 DPL=0 CS32 [-RA]
SS =0010 00000000 ffffffff 00c09300 DPL=0 DS   [-WA]
DS =0010 00000000 ffffffff 00c09300 DPL=0 DS   [-WA]
FS =0010 00000000 ffffffff 00c09300 DPL=0 DS   [-WA]
GS =0010 00000000 ffffffff 00c09300 DPL=0 DS   [-WA]
LDT=0000 00000000 0000ffff 00008200 DPL=0 LDT
TR =0000 00000000 0000ffff 00008b00 DPL=0 TSS32-busy
GDT=     000f7420 00000037
IDT=     000f745e 00000000
CR0=00000011 CR2=00000000 CR3=00000000 CR4=00000000
DR0=0000000000000000 DR1=0000000000000000 DR2=0000000000000000 DR3=0000000000000000 
DR6=00000000ffff0ff0 DR7=0000000000000400
CCS=00000008 CCD=0000695a CCO=ADDL
EFER=0000000000000000
SMM: after RSM
EAX=000000b5 EBX=000086c6 ECX=00005678 EDX=00000005
ESI=00000000 EDI=06fff761 EBP=0000696e ESP=0000696e
EIP=000086c6 EFL=00000002 [-------] CPL=0 II=0 A20=1 SMM=0 HLT=0
ES =de80 000de800 ffffffff 00809300
CS =f000 000f0000 ffffffff 00809b00
SS =0000 00000000 ffffffff 00809300
DS =0000 00000000 ffffffff 00809300
FS =0000 00000000 ffffffff 00809300
GS =c900 000c9000 ffffffff 00809300
LDT=0000 00000000 0000ffff 00008200
TR =0000 00000000 0000ffff 00008b00
GDT=     00000000 00000000
IDT=     00000000 000003ff
CR0=00000010 CR2=00000000 CR3=00000000 CR4=00000000
DR0=0000000000000000 DR1=0000000000000000 DR2=0000000000000000 DR3=0000000000000000 
DR6=00000000ffff0ff0 DR7=0000000000000400
CCS=00000000 CCD=00000001 CCO=EFLAGS
EFER=0000000000000000
SMM: enter
EAX=000000b5 EBX=000f86ac ECX=00001234 EDX=000069ff
ESI=000069a8 EDI=06fff761 EBP=00006968 ESP=00006968
EIP=000086a9 EFL=00000002 [-------] CPL=0 II=0 A20=1 SMM=0 HLT=0
ES =de80 000de800 ffffffff 00809300
CS =f000 000f0000 ffffffff 00809b00
SS =0000 00000000 ffffffff 00809300
DS =0000 00000000 ffffffff 00809300
FS =0000 00000000 ffffffff 00809300
GS =c900 000c9000 ffffffff 00809300
LDT=0000 00000000 0000ffff 00008200
TR =0000 00000000 0000ffff 00008b00
GDT=     00000000 00000000
IDT=     00000000 000003ff
CR0=00000010 CR2=00000000 CR3=00000000 CR4=00000000
DR0=0000000000000000 DR1=0000000000000000 DR2=0000000000000000 DR3=0000000000000000 
DR6=00000000ffff0ff0 DR7=0000000000000400
CCS=00000000 CCD=00006968 CCO=ADDL
EFER=0000000000000000
SMM: after RSM
EAX=000000b5 EBX=000f86ac ECX=00001234 EDX=000069ff
ESI=000069a8 EDI=06fff761 EBP=00006968 ESP=00006968
EIP=000f86ac EFL=00000046 [---Z-P-] CPL=0 II=0 A20=1 SMM=0 HLT=0
ES =0010 00000000 ffffffff 00c09300 DPL=0 DS   [-WA]
CS =0008 00000000 ffffffff 00c09b00 DPL=0 CS32 [-RA]
SS =0010 00000000 ffffffff 00c09300 DPL=0 DS   [-WA]
DS =0010 00000000 ffffffff 00c09300 DPL=0 DS   [-WA]
FS =0010 00000000 ffffffff 00c09300 DPL=0 DS   [-WA]
GS =0010 00000000 ffffffff 00c09300 DPL=0 DS   [-WA]
LDT=0000 00000000 0000ffff 00008200 DPL=0 LDT
TR =0000 00000000 0000ffff 00008b00 DPL=0 TSS32-busy
GDT=     000f7420 00000037
IDT=     000f745e 00000000
CR0=00000011 CR2=00000000 CR3=00000000 CR4=00000000
DR0=0000000000000000 DR1=0000000000000000 DR2=0000000000000000 DR3=0000000000000000 
DR6=00000000ffff0ff0 DR7=0000000000000400
CCS=00000044 CCD=00000000 CCO=EFLAGS
EFER=0000000000000000
SMM: enter
EAX=000000b5 EBX=000086c6 ECX=00005678 EDX=00000003
ESI=06f34130 EDI=06fff761 EBP=00006968 ESP=00006968
EIP=000f86c3 EFL=00000012 [----A--] CPL=0 II=0 A20=1 SMM=0 HLT=0
ES =0010 00000000 ffffffff 00c09300 DPL=0 DS   [-WA]
CS =0008 00000000 ffffffff 00c09b00 DPL=0 CS32 [-RA]
SS =0010 00000000 ffffffff 00c09300 DPL=0 DS   [-WA]
DS =0010 00000000 ffffffff 00c09300 DPL=0 DS   [-WA]
FS =0010 00000000 ffffffff 00c09300 DPL=0 DS   [-WA]
GS =0010 00000000 ffffffff 00c09300 DPL=0 DS   [-WA]
LDT=0000 00000000 0000ffff 00008200 DPL=0 LDT
TR =0000 00000000 0000ffff 00008b00 DPL=0 TSS32-busy
GDT=     000f7420 00000037
IDT=     000f745e 00000000
CR0=00000011 CR2=00000000 CR3=00000000 CR4=00000000
DR0=0000000000000000 DR1=0000000000000000 DR2=0000000000000000 DR3=0000000000000000 
DR6=00000000ffff0ff0 DR7=0000000000000400
CCS=00000008 CCD=00006954 CCO=ADDL
EFER=0000000000000000
SMM: after RSM
EAX=000000b5 EBX=000086c6 ECX=00005678 EDX=00000003
ESI=06f34130 EDI=06fff761 EBP=00006968 ESP=00006968
EIP=000086c6 EFL=00000002 [-------] CPL=0 II=0 A20=1 SMM=0 HLT=0
ES =de80 000de800 ffffffff 00809300
CS =f000 000f0000 ffffffff 00809b00
SS =0000 00000000 ffffffff 00809300
DS =0000 00000000 ffffffff 00809300
FS =0000 00000000 ffffffff 00809300
GS =c900 000c9000 ffffffff 00809300
LDT=0000 00000000 0000ffff 00008200
TR =0000 00000000 0000ffff 00008b00
GDT=     00000000 00000000
IDT=     00000000 000003ff
CR0=00000010 CR2=00000000 CR3=00000000 CR4=00000000
DR0=0000000000000000 DR1=0000000000000000 DR2=0000000000000000 DR3=0000000000000000 
DR6=00000000ffff0ff0 DR7=0000000000000400
CCS=00000000 CCD=00000001 CCO=EFLAGS
EFER=0000000000000000
Servicing hardware INT=0x08
Servicing hardware INT=0x08
Servicing hardware INT=0x08
Servicing hardware INT=0x08
Servicing hardware INT=0x08
Servicing hardware INT=0x08
Servicing hardware INT=0x08
Servicing hardware INT=0x08
Servicing hardware INT=0x08
Servicing hardware INT=0x08
Servicing hardware INT=0x08
Servicing hardware INT=0x08
Servicing hardware INT=0x08
Servicing hardware INT=0x08
Servicing hardware INT=0x08
Servicing hardware INT=0x08
Servicing hardware INT=0x08
Servicing hardware INT=0x08
Servicing hardware INT=0x08
Servicing hardware INT=0x08
Servicing hardware INT=0x08
Servicing hardware INT=0x08
Servicing hardware INT=0x08
Servicing hardware INT=0x09
Servicing hardware INT=0x08
Servicing hardware INT=0x09
Servicing hardware INT=0x08
Servicing hardware INT=0x09
Servicing hardware INT=0x09
Servicing hardware INT=0x08
Servicing hardware INT=0x20
     0: v=20 e=0000 i=0 cpl=0 IP=0008:00000000001034a6 pc=00000000001034a6 SP=0010:0000000000136390 env->regs[R_EAX]=000000000000002e
RAX=000000000000002e RBX=000000000014c888 RCX=00000000ffff8e00 RDX=0000000000000010
RSI=0000000000000010 RDI=0008010100080101 RBP=0000000000129870 RSP=0000000000136390
R8 =0000000000000000 R9 =0000000000000000 R10=0000000000080101 R11=0000000000143dc0
R12=0000000000000000 R13=000000000014c888 R14=0000000000129870 R15=0000000000000000
RIP=00000000001034a6 RFL=00200202 [-------] CPL=0 II=0 A20=1 SMM=0 HLT=0
ES =0010 0000000000000000 ffffffff 00af9300 DPL=0 DS   [-WA]
CS =0008 0000000000000000 ffffffff 00af9a00 DPL=0 CS64 [-R-]
SS =0010 0000000000000000 ffffffff 00af9300 DPL=0 DS   [-WA]
DS =0010 0000000000000000 ffffffff 00af9300 DPL=0 DS   [-WA]
FS =0018 0000000000000000 ffffffff 00cf9300 DPL=0 DS   [-WA]
GS =0018 0000000000000000 ffffffff 00cf9300 DPL=0 DS   [-WA]
LDT=0000 0000000000000000 0000ffff 00008200 DPL=0 LDT
TR =0000 0000000000000000 0000ffff 00008b00 DPL=0 TSS64-busy
GDT=     00000000001001d0 00000017
IDT=     0000000000142dc0 00000fff
CR0=80000011 CR2=0000000000000000 CR3=000000000012f000 CR4=00000020
DR0=0000000000000000 DR1=0000000000000000 DR2=0000000000000000 DR3=0000000000000000 
DR6=00000000ffff0ff0 DR7=0000000000000400
CCS=0000000000000020 CCD=0000000000000010 CCO=SARQ
EFER=0000000000000500
Servicing hardware INT=0x20
     1: v=20 e=0000 i=0 cpl=0 IP=0008:0000000000109d30 pc=0000000000109d30 SP=0010:0000000000136350 env->regs[R_EAX]=0000000000000326
RAX=0000000000000326 RBX=0000000000000004 RCX=0000000000142d60 RDX=00000000fd15dc98
RSI=0000000000000001 RDI=000000000000015d RBP=00000000fd000000 RSP=0000000000136350
R8 =0000000000136430 R9 =0000000000000300 R10=0000000000000c98 R11=0000000000000020
R12=0000000000000400 R13=0000000000136430 R14=00ffffff00000000 R15=0000000000000000
RIP=0000000000109d30 RFL=00200246 [---Z-P-] CPL=0 II=0 A20=1 SMM=0 HLT=0
ES =0010 0000000000000000 ffffffff 00af9300 DPL=0 DS   [-WA]
CS =0008 0000000000000000 ffffffff 00af9a00 DPL=0 CS64 [-R-]
SS =0010 0000000000000000 ffffffff 00af9300 DPL=0 DS   [-WA]
DS =0010 0000000000000000 ffffffff 00af9300 DPL=0 DS   [-WA]
FS =0018 0000000000000000 ffffffff 00cf9300 DPL=0 DS   [-WA]
GS =0018 0000000000000000 ffffffff 00cf9300 DPL=0 DS   [-WA]
LDT=0000 0000000000000000 0000ffff 00008200 DPL=0 LDT
TR =0000 0000000000000000 0000ffff 00008b00 DPL=0 TSS64-busy
GDT=     00000000001001d0 00000017
IDT=     0000000000142dc0 00000fff
CR0=80000011 CR2=0000000000000000 CR3=000000000012f000 CR4=00000020
DR0=0000000000000000 DR1=0000000000000000 DR2=0000000000000000 DR3=0000000000000000 
DR6=00000000ffff0ff0 DR7=0000000000000400
CCS=0000000000000044 CCD=0000000000000000 CCO=EFLAGS
EFER=0000000000000500
Servicing hardware INT=0x20
     2: v=20 e=0000 i=0 cpl=0 IP=0008:0000000000109d8e pc=0000000000109d8e SP=0010:0000000000136350 env->regs[R_EAX]=00000000ffffffff
RAX=00000000ffffffff RBX=0000000000400020 RCX=0000000000000a16 RDX=0000000000000015
RSI=0000000000000001 RDI=0000000000142d60 RBP=00000000000000d0 RSP=0000000000136350
R8 =0000000000136430 R9 =0000000000000020 R10=0000000000400020 R11=00000000001269c8
R12=0000000000400020 R13=0000000000ffffff R14=00000000001269c8 R15=00000000001268c0
RIP=0000000000109d8e RFL=00200202 [-------] CPL=0 II=0 A20=1 SMM=0 HLT=0
ES =0010 0000000000000000 ffffffff 00af9300 DPL=0 DS   [-WA]
CS =0008 0000000000000000 ffffffff 00af9a00 DPL=0 CS64 [-R-]
SS =0010 0000000000000000 ffffffff 00af9300 DPL=0 DS   [-WA]
DS =0010 0000000000000000 ffffffff 00af9300 DPL=0 DS   [-WA]
FS =0018 0000000000000000 ffffffff 00cf9300 DPL=0 DS   [-WA]
GS =0018 0000000000000000 ffffffff 00cf9300 DPL=0 DS   [-WA]
LDT=0000 0000000000000000 0000ffff 00008200 DPL=0 LDT
TR =0000 0000000000000000 0000ffff 00008b00 DPL=0 TSS64-busy
GDT=     00000000001001d0 00000017
IDT=     0000000000142dc0 00000fff
CR0=80000011 CR2=0000000000000000 CR3=000000000012f000 CR4=00000020
DR0=0000000000000000 DR1=0000000000000000 DR2=0000000000000000 DR3=0000000000000000 
DR6=00000000ffff0ff0 DR7=0000000000000400
CCS=0000000000000000 CCD=0000000000000020 CCO=EFLAGS
EFER=0000000000000500
Servicing hardware INT=0x20
     3: v=20 e=0000 i=0 cpl=0 IP=0008:0000000000109d30 pc=0000000000109d30 SP=0010:00000000001361d0 env->regs[R_EAX]=00000000000003bb
RAX=00000000000003bb RBX=0000000000000004 RCX=0000000000142d60 RDX=00000000fd045eec
RSI=0000000000000001 RDI=0000000000000045 RBP=00000000fd000000 RSP=00000000001361d0
R8 =0000000000136430 R9 =0000000000000300 R10=0000000000000eec R11=0000000000000020
R12=0000000000000400 R13=0000000000136430 R14=00ffffff00000000 R15=0000000000000000
RIP=0000000000109d30 RFL=00200246 [---Z-P-] CPL=0 II=0 A20=1 SMM=0 HLT=0
ES =0010 0000000000000000 ffffffff 00af9300 DPL=0 DS   [-WA]
CS =0008 0000000000000000 ffffffff 00af9a00 DPL=0 CS64 [-R-]
SS =0010 0000000000000000 ffffffff 00af9300 DPL=0 DS   [-WA]
DS =0010 0000000000000000 ffffffff 00af9300 DPL=0 DS   [-WA]
FS =0018 0000000000000000 ffffffff 00cf9300 DPL=0 DS   [-WA]
GS =0018 0000000000000000 ffffffff 00cf9300 DPL=0 DS   [-WA]
LDT=0000 0000000000000000 0000ffff 00008200 DPL=0 LDT
TR =0000 0000000000000000 0000ffff 00008b00 DPL=0 TSS64-busy
GDT=     00000000001001d0 00000017
IDT=     0000000000142dc0 00000fff
CR0=80000011 CR2=0000000000000000 CR3=000000000012f000 CR4=00000020
DR0=0000000000000000 DR1=0000000000000000 DR2=0000000000000000 DR3=0000000000000000 
DR6=00000000ffff0ff0 DR7=0000000000000400
CCS=0000000000000044 CCD=0000000000000000 CCO=EFLAGS
EFER=0000000000000500
Servicing hardware INT=0x20
     4: v=20 e=0000 i=0 cpl=0 IP=0008:0000000000109d00 pc=0000000000109d00 SP=0010:00000000001361d0 env->regs[R_EAX]=00000000000002af
RAX=00000000000002af RBX=0000000000000004 RCX=0000000000142d60 RDX=00000000fd213ab8
RSI=0000000000000001 RDI=0000000000000213 RBP=00000000fd000000 RSP=00000000001361d0
R8 =0000000000136430 R9 =0000000000000300 R10=0000000000000ab8 R11=0000000000000020
R12=0000000000000400 R13=0000000000136430 R14=00ffffff00000000 R15=0000000000000000
RIP=0000000000109d00 RFL=00200287 [--S--PC] CPL=0 II=0 A20=1 SMM=0 HLT=0
ES =0010 0000000000000000 ffffffff 00af9300 DPL=0 DS   [-WA]
CS =0008 0000000000000000 ffffffff 00af9a00 DPL=0 CS64 [-R-]
SS =0010 0000000000000000 ffffffff 00af9300 DPL=0 DS   [-WA]
DS =0010 0000000000000000 ffffffff 00af9300 DPL=0 DS   [-WA]
FS =0018 0000000000000000 ffffffff 00cf9300 DPL=0 DS   [-WA]
GS =0018 0000000000000000 ffffffff 00cf9300 DPL=0 DS   [-WA]
LDT=0000 0000000000000000 0000ffff 00008200 DPL=0 LDT
TR =0000 0000000000000000 0000ffff 00008b00 DPL=0 TSS64-busy
GDT=     00000000001001d0 00000017
IDT=     0000000000142dc0 00000fff
CR0=80000011 CR2=0000000000000000 CR3=000000000012f000 CR4=00000020
DR0=0000000000000000 DR1=0000000000000000 DR2=0000000000000000 DR3=0000000000000000 
DR6=00000000ffff0ff0 DR7=0000000000000400
CCS=0000000000000085 CCD=fffffffffffffeaf CCO=EFLAGS
EFER=0000000000000500
Servicing hardware INT=0x20
     5: v=20 e=0000 i=0 cpl=0 IP=0008:0000000000109e20 pc=0000000000109e20 SP=0010:00000000001361d0 env->regs[R_EAX]=0000000000000000
RAX=0000000000000000 RBX=0000000000400020 RCX=0000000000002168 RDX=0000000000000068
RSI=0000000000000347 RDI=0000000000142d60 RBP=0000000000000239 RSP=00000000001361d0
R8 =0000000000136430 R9 =0000000000000000 R10=0000000000400020 R11=00000000001269c1
R12=0000000000400020 R13=0000000000ffffff R14=00000000001269c8 R15=00000000001268c0
RIP=0000000000109e20 RFL=00200212 [----A--] CPL=0 II=0 A20=1 SMM=0 HLT=0
ES =0010 0000000000000000 ffffffff 00af9300 DPL=0 DS   [-WA]
CS =0008 0000000000000000 ffffffff 00af9a00 DPL=0 CS64 [-R-]
SS =0010 0000000000000000 ffffffff 00af9300 DPL=0 DS   [-WA]
DS =0010 0000000000000000 ffffffff 00af9300 DPL=0 DS   [-WA]
FS =0018 0000000000000000 ffffffff 00cf9300 DPL=0 DS   [-WA]
GS =0018 0000000000000000 ffffffff 00cf9300 DPL=0 DS   [-WA]
LDT=0000 0000000000000000 0000ffff 00008200 DPL=0 LDT
TR =0000 0000000000000000 0000ffff 00008b00 DPL=0 TSS64-busy
GDT=     00000000001001d0 00000017
IDT=     0000000000142dc0 00000fff
CR0=80000011 CR2=0000000000000000 CR3=000000000012f000 CR4=00000020
DR0=0000000000000000 DR1=0000000000000000 DR2=0000000000000000 DR3=0000000000000000 
DR6=00000000ffff0ff0 DR7=0000000000000400
CCS=0000000000000010 CCD=0000000000000000 CCO=EFLAGS
EFER=0000000000000500
Servicing hardware INT=0x20
     6: v=20 e=0000 i=0 cpl=0 IP=0008:0000000000104510 pc=0000000000104510 SP=0010:0000000000136390 env->regs[R_EAX]=0000000000000000
RAX=0000000000000000 RBX=0000000000000200 RCX=0000000000000008 RDX=0000000000000000
RSI=0000000000000001 RDI=0000000000000018 RBP=0000000000136fb0 RSP=0000000000136390
R8 =0000000000142d60 R9 =00000000fd0af010 R10=00000000000af000 R11=0000000000126de8
R12=0000000000130000 R13=0000000000136430 R14=00ffffff00000000 R15=0000000000000000
RIP=0000000000104510 RFL=00200202 [-------] CPL=0 II=0 A20=1 SMM=0 HLT=0
ES =0010 0000000000000000 ffffffff 00af9300 DPL=0 DS   [-WA]
CS =0008 0000000000000000 ffffffff 00af9a00 DPL=0 CS64 [-R-]
SS =0010 0000000000000000 ffffffff 00af9300 DPL=0 DS   [-WA]
DS =0010 0000000000000000 ffffffff 00af9300 DPL=0 DS   [-WA]
FS =0018 0000000000000000 ffffffff 00cf9300 DPL=0 DS   [-WA]
GS =0018 0000000000000000 ffffffff 00cf9300 DPL=0 DS   [-WA]
LDT=0000 0000000000000000 0000ffff 00008200 DPL=0 LDT
TR =0000 0000000000000000 0000ffff 00008b00 DPL=0 TSS64-busy
GDT=     00000000001001d0 00000017
IDT=     0000000000142dc0 00000fff
CR0=80000011 CR2=0000000000000000 CR3=000000000012f000 CR4=00000020
DR0=0000000000000000 DR1=0000000000000000 DR2=0000000000000000 DR3=0000000000000000 
DR6=00000000ffff0ff0 DR7=0000000000000400
CCS=0000000000000008 CCD=0000000000136368 CCO=ADDQ
EFER=0000000000000500
Servicing hardware INT=0x20
     7: v=20 e=0000 i=0 cpl=0 IP=0008:00000000001009d0 pc=00000000001009d0 SP=0010:0000000008010000 env->regs[R_EAX]=0000000000000000
RAX=0000000000000000 RBX=0000000000000000 RCX=0000000000000000 RDX=0000000000000000
RSI=0000000000000000 RDI=0000000000000000 RBP=0000000000000000 RSP=0000000008010000
R8 =0000000000000000 R9 =0000000000000000 R10=0000000000000000 R11=0000000000000000
R12=0000000000000000 R13=0000000000000000 R14=0000000000000000 R15=0000000000000000
RIP=00000000001009d0 RFL=00000202 [-------] CPL=0 II=0 A20=1 SMM=0 HLT=0
ES =0010 0000000000000000 ffffffff 00af9300 DPL=0 DS   [-WA]
CS =0008 0000000000000000 ffffffff 00af9a00 DPL=0 CS64 [-R-]
SS =0010 0000000000000000 ffffffff 00af9300 DPL=0 DS   [-WA]
DS =0010 0000000000000000 ffffffff 00af9300 DPL=0 DS   [-WA]
FS =0018 0000000000000000 ffffffff 00cf9300 DPL=0 DS   [-WA]
GS =0018 0000000000000000 ffffffff 00cf9300 DPL=0 DS   [-WA]
LDT=0000 0000000000000000 0000ffff 00008200 DPL=0 LDT
TR =0000 0000000000000000 0000ffff 00008b00 DPL=0 TSS64-busy
GDT=     00000000001001d0 00000017
IDT=     0000000000142dc0 00000fff
CR0=80000011 CR2=0000000000000000 CR3=0000000001000000 CR4=00000020
DR0=0000000000000000 DR1=0000000000000000 DR2=0000000000000000 DR3=0000000000000000 
DR6=00000000ffff0ff0 DR7=0000000000000400
CCS=0000000000000000 CCD=00000000001362e8 CCO=EFLAGS
EFER=0000000000000500
Servicing hardware INT=0x20
     8: v=20 e=0000 i=0 cpl=0 IP=0008:00000000001009d0 pc=00000000001009d0 SP=0010:0000000008010000 env->regs[R_EAX]=0000000000000000
RAX=0000000000000000 RBX=0000000000000000 RCX=0000000000000000 RDX=0000000000000000
RSI=0000000000000000 RDI=0000000000000000 RBP=0000000000000000 RSP=0000000008010000
R8 =0000000000000000 R9 =0000000000000000 R10=0000000000000000 R11=0000000000000000
R12=0000000000000000 R13=0000000000000000 R14=0000000000000000 R15=0000000000000000
RIP=00000000001009d0 RFL=00010202 [-------] CPL=0 II=0 A20=1 SMM=0 HLT=0
ES =0010 0000000000000000 ffffffff 00af9300 DPL=0 DS   [-WA]
CS =0008 0000000000000000 ffffffff 00af9a00 DPL=0 CS64 [-R-]
SS =0010 0000000000000000 ffffffff 00af9300 DPL=0 DS   [-WA]
DS =0010 0000000000000000 ffffffff 00af9300 DPL=0 DS   [-WA]
FS =0018 0000000000000000 ffffffff 00cf9300 DPL=0 DS   [-WA]
GS =0018 0000000000000000 ffffffff 00cf9300 DPL=0 DS   [-WA]
LDT=0000 0000000000000000 0000ffff 00008200 DPL=0 LDT
TR =0000 0000000000000000 0000ffff 00008b00 DPL=0 TSS64-busy
GDT=     00000000001001d0 00000017
IDT=     0000000000142dc0 00000fff
CR0=80000011 CR2=0000000000000000 CR3=0000000001000000 CR4=00000020
DR0=0000000000000000 DR1=0000000000000000 DR2=0000000000000000 DR3=0000000000000000 
DR6=00000000ffff0ff0 DR7=0000000000000400
CCS=0000000000000000 CCD=000000000800ff58 CCO=EFLAGS
EFER=0000000000000500
Servicing hardware INT=0x21
     9: v=21 e=0000 i=0 cpl=0 IP=0008:00000000001009d0 pc=00000000001009d0 SP=0010:0000000008010000 env->regs[R_EAX]=0000000000000000
RAX=0000000000000000 RBX=0000000000000000 RCX=0000000000000000 RDX=0000000000000000
RSI=0000000000000000 RDI=0000000000000000 RBP=0000000000000000 RSP=0000000008010000
R8 =0000000000000000 R9 =0000000000000000 R10=0000000000000000 R11=0000000000000000
R12=0000000000000000 R13=0000000000000000 R14=0000000000000000 R15=0000000000000000
RIP=00000000001009d0 RFL=00010202 [-------] CPL=0 II=0 A20=1 SMM=0 HLT=0
ES =0010 0000000000000000 ffffffff 00af9300 DPL=0 DS   [-WA]
CS =0008 0000000000000000 ffffffff 00af9a00 DPL=0 CS64 [-R-]
SS =0010 0000000000000000 ffffffff 00af9300 DPL=0 DS   [-WA]
DS =0010 0000000000000000 ffffffff 00af9300 DPL=0 DS   [-WA]
FS =0018 0000000000000000 ffffffff 00cf9300 DPL=0 DS   [-WA]
GS =0018 0000000000000000 ffffffff 00cf9300 DPL=0 DS   [-WA]
LDT=0000 0000000000000000 0000ffff 00008200 DPL=0 LDT
TR =0000 0000000000000000 0000ffff 00008b00 DPL=0 TSS64-busy
GDT=     00000000001001d0 00000017
IDT=     0000000000142dc0 00000fff
CR0=80000011 CR2=0000000000000000 CR3=0000000001000000 CR4=00000020
DR0=0000000000000000 DR1=0000000000000000 DR2=0000000000000000 DR3=0000000000000000 
DR6=00000000ffff0ff0 DR7=0000000000000400
CCS=0000000000000000 CCD=000000000800ff58 CCO=EFLAGS
EFER=0000000000000500
Servicing hardware INT=0x21
    10: v=21 e=0000 i=0 cpl=0 IP=0008:00000000001009d0 pc=00000000001009d0 SP=0010:0000000008010000 env->regs[R_EAX]=0000000000000000
RAX=0000000000000000 RBX=0000000000000000 RCX=0000000000000000 RDX=0000000000000000
RSI=0000000000000000 RDI=0000000000000000 RBP=0000000000000000 RSP=0000000008010000
R8 =0000000000000000 R9 =0000000000000000 R10=0000000000000000 R11=0000000000000000
R12=0000000000000000 R13=0000000000000000 R14=0000000000000000 R15=0000000000000000
RIP=00000000001009d0 RFL=00010202 [-------] CPL=0 II=0 A20=1 SMM=0 HLT=0
ES =0010 0000000000000000 ffffffff 00af9300 DPL=0 DS   [-WA]
CS =0008 0000000000000000 ffffffff 00af9a00 DPL=0 CS64 [-R-]
SS =0010 0000000000000000 ffffffff 00af9300 DPL=0 DS   [-WA]
DS =0010 0000000000000000 ffffffff 00af9300 DPL=0 DS   [-WA]
FS =0018 0000000000000000 ffffffff 00cf9300 DPL=0 DS   [-WA]
GS =0018 0000000000000000 ffffffff 00cf9300 DPL=0 DS   [-WA]
LDT=0000 0000000000000000 0000ffff 00008200 DPL=0 LDT
TR =0000 0000000000000000 0000ffff 00008b00 DPL=0 TSS64-busy
GDT=     00000000001001d0 00000017
IDT=     0000000000142dc0 00000fff
CR0=80000011 CR2=0000000000000000 CR3=0000000001000000 CR4=00000020
DR0=0000000000000000 DR1=0000000000000000 DR2=0000000000000000 DR3=0000000000000000 
DR6=00000000ffff0ff0 DR7=0000000000000400
CCS=0000000000000000 CCD=000000000800ff50 CCO=EFLAGS
EFER=0000000000000500
Servicing hardware INT=0x20
    11: v=20 e=0000 i=0 cpl=0 IP=0008:0000000000109d30 pc=0000000000109d30 SP=0010:000000000800ff88 env->regs[R_EAX]=000000000000037f
RAX=000000000000037f RBX=0000000000000004 RCX=0000000000142d60 RDX=00000000fd1ffdfc
RSI=0000000000000001 RDI=00000000000001ff RBP=00000000fd000000 RSP=000000000800ff88
R8 =0000000000136430 R9 =0000000000000300 R10=0000000000000dfc R11=0000000000000020
R12=0000000000000400 R13=000000000011512a R14=0000000000136430 R15=0000000000000000
RIP=0000000000109d30 RFL=00000246 [---Z-P-] CPL=0 II=0 A20=1 SMM=0 HLT=0
ES =0010 0000000000000000 ffffffff 00af9300 DPL=0 DS   [-WA]
CS =0008 0000000000000000 ffffffff 00af9a00 DPL=0 CS64 [-R-]
SS =0010 0000000000000000 ffffffff 00af9300 DPL=0 DS   [-WA]
DS =0010 0000000000000000 ffffffff 00af9300 DPL=0 DS   [-WA]
FS =0018 0000000000000000 ffffffff 00cf9300 DPL=0 DS   [-WA]
GS =0018 0000000000000000 ffffffff 00cf9300 DPL=0 DS   [-WA]
LDT=0000 0000000000000000 0000ffff 00008200 DPL=0 LDT
TR =0000 0000000000000000 0000ffff 00008b00 DPL=0 TSS64-busy
GDT=     00000000001001d0 00000017
IDT=     0000000000142dc0 00000fff
CR0=80000011 CR2=0000000000000000 CR3=0000000001000000 CR4=00000020
DR0=0000000000000000 DR1=0000000000000000 DR2=0000000000000000 DR3=0000000000000000 
DR6=00000000ffff0ff0 DR7=0000000000000400
CCS=0000000000000044 CCD=0000000000000000 CCO=EFLAGS
EFER=0000000000000500
Servicing hardware INT=0x20
    12: v=20 e=0000 i=0 cpl=0 IP=0008:0000000000100a30 pc=0000000000100a30 SP=0010:000000000800ffc8 env->regs[R_EAX]=0000000000000000
RAX=0000000000000000 RBX=00ffffff0000000a RCX=0000000000000008 RDX=0000000000000000
RSI=0000000000000001 RDI=0000000000000018 RBP=000000000011512a RSP=000000000800ffc8
R8 =0000000000142d60 R9 =00000000fd0cf010 R10=00000000000cf000 R11=0000000000126de8
R12=00ffffff00000000 R13=000000000011512a R14=0000000000136430 R15=0000000000000000
RIP=0000000000100a30 RFL=00000206 [-----P-] CPL=0 II=0 A20=1 SMM=0 HLT=0
ES =0010 0000000000000000 ffffffff 00af9300 DPL=0 DS   [-WA]
CS =0008 0000000000000000 ffffffff 00af9a00 DPL=0 CS64 [-R-]
SS =0010 0000000000000000 ffffffff 00af9300 DPL=0 DS   [-WA]
DS =0010 0000000000000000 ffffffff 00af9300 DPL=0 DS   [-WA]
FS =0018 0000000000000000 ffffffff 00cf9300 DPL=0 DS   [-WA]
GS =0018 0000000000000000 ffffffff 00cf9300 DPL=0 DS   [-WA]
LDT=0000 0000000000000000 0000ffff 00008200 DPL=0 LDT
TR =0000 0000000000000000 0000ffff 00008b00 DPL=0 TSS64-busy
GDT=     00000000001001d0 00000017
IDT=     0000000000142dc0 00000fff
CR0=80000011 CR2=0000000000000000 CR3=0000000001000000 CR4=00000020
DR0=0000000000000000 DR1=0000000000000000 DR2=0000000000000000 DR3=0000000000000000 
DR6=00000000ffff0ff0 DR7=0000000000000400
CCS=0000000000000004 CCD=00000000000374a5 CCO=EFLAGS
EFER=0000000000000500
Servicing hardware INT=0x20
    13: v=20 e=0000 i=0 cpl=0 IP=0008:0000000000100a30 pc=0000000000100a30 SP=0010:000000000800ffc8 env->regs[R_EAX]=0000000000000000
RAX=0000000000000000 RBX=00ffffff0000000a RCX=0000000000000008 RDX=0000000000000000
RSI=0000000000000001 RDI=0000000000000018 RBP=000000000011512a RSP=000000000800ffc8
R8 =0000000000142d60 R9 =00000000fd0cf010 R10=00000000000cf000 R11=0000000000126de8
R12=00ffffff00000000 R13=000000000011512a R14=0000000000136430 R15=0000000000000000
RIP=0000000000100a30 RFL=00000212 [----A--] CPL=0 II=0 A20=1 SMM=0 HLT=0
ES =0010 0000000000000000 ffffffff 00af9300 DPL=0 DS   [-WA]
CS =0008 0000000000000000 ffffffff 00af9a00 DPL=0 CS64 [-R-]
SS =0010 0000000000000000 ffffffff 00af9300 DPL=0 DS   [-WA]
DS =0010 0000000000000000 ffffffff 00af9300 DPL=0 DS   [-WA]
FS =0018 0000000000000000 ffffffff 00cf9300 DPL=0 DS   [-WA]
GS =0018 0000000000000000 ffffffff 00cf9300 DPL=0 DS   [-WA]
LDT=0000 0000000000000000 0000ffff 00008200 DPL=0 LDT
TR =0000 0000000000000000 0000ffff 00008b00 DPL=0 TSS64-busy
GDT=     00000000001001d0 00000017
IDT=     0000000000142dc0 00000fff
CR0=80000011 CR2=0000000000000000 CR3=0000000001000000 CR4=00000020
DR0=0000000000000000 DR1=0000000000000000 DR2=0000000000000000 DR3=0000000000000000 
DR6=00000000ffff0ff0 DR7=0000000000000400
CCS=0000000000000010 CCD=000000000036dc80 CCO=EFLAGS
EFER=0000000000000500
Servicing hardware INT=0x20
    14: v=20 e=0000 i=0 cpl=0 IP=0008:0000000000100a30 pc=0000000000100a30 SP=0010:000000000800ffc8 env->regs[R_EAX]=0000000000000000
RAX=0000000000000000 RBX=00ffffff0000000a RCX=0000000000000008 RDX=0000000000000000
RSI=0000000000000001 RDI=0000000000000018 RBP=000000000011512a RSP=000000000800ffc8
R8 =0000000000142d60 R9 =00000000fd0cf010 R10=00000000000cf000 R11=0000000000126de8
R12=00ffffff00000000 R13=000000000011512a R14=0000000000136430 R15=0000000000000000
RIP=0000000000100a30 RFL=00000202 [-------] CPL=0 II=0 A20=1 SMM=0 HLT=0
ES =0010 0000000000000000 ffffffff 00af9300 DPL=0 DS   [-WA]
CS =0008 0000000000000000 ffffffff 00af9a00 DPL=0 CS64 [-R-]
SS =0010 0000000000000000 ffffffff 00af9300 DPL=0 DS   [-WA]
DS =0010 0000000000000000 ffffffff 00af9300 DPL=0 DS   [-WA]
FS =0018 0000000000000000 ffffffff 00cf9300 DPL=0 DS   [-WA]
GS =0018 0000000000000000 ffffffff 00cf9300 DPL=0 DS   [-WA]
LDT=0000 0000000000000000 0000ffff 00008200 DPL=0 LDT
TR =0000 0000000000000000 0000ffff 00008b00 DPL=0 TSS64-busy
GDT=     00000000001001d0 00000017
IDT=     0000000000142dc0 00000fff
CR0=80000011 CR2=0000000000000000 CR3=0000000001000000 CR4=00000020
DR0=0000000000000000 DR1=0000000000000000 DR2=0000000000000000 DR3=0000000000000000 
DR6=00000000ffff0ff0 DR7=0000000000000400
CCS=0000000000000000 CCD=00000000006b071a CCO=EFLAGS
EFER=0000000000000500
Servicing hardware INT=0x20
    15: v=20 e=0000 i=0 cpl=0 IP=0008:0000000000100a30 pc=0000000000100a30 SP=0010:000000000800ffc8 env->regs[R_EAX]=0000000000000000
RAX=0000000000000000 RBX=00ffffff0000000a RCX=0000000000000008 RDX=0000000000000000
RSI=0000000000000001 RDI=0000000000000018 RBP=000000000011512a RSP=000000000800ffc8
R8 =0000000000142d60 R9 =00000000fd0cf010 R10=00000000000cf000 R11=0000000000126de8
R12=00ffffff00000000 R13=000000000011512a R14=0000000000136430 R15=0000000000000000
RIP=0000000000100a30 RFL=00000206 [-----P-] CPL=0 II=0 A20=1 SMM=0 HLT=0
ES =0010 0000000000000000 ffffffff 00af9300 DPL=0 DS   [-WA]
CS =0008 0000000000000000 ffffffff 00af9a00 DPL=0 CS64 [-R-]
SS =0010 0000000000000000 ffffffff 00af9300 DPL=0 DS   [-WA]
DS =0010 0000000000000000 ffffffff 00af9300 DPL=0 DS   [-WA]
FS =0018 0000000000000000 ffffffff 00cf9300 DPL=0 DS   [-WA]
GS =0018 0000000000000000 ffffffff 00cf9300 DPL=0 DS   [-WA]
LDT=0000 0000000000000000 0000ffff 00008200 DPL=0 LDT
TR =0000 0000000000000000 0000ffff 00008b00 DPL=0 TSS64-busy
GDT=     00000000001001d0 00000017
IDT=     0000000000142dc0 00000fff
CR0=80000011 CR2=0000000000000000 CR3=0000000001000000 CR4=00000020
DR0=0000000000000000 DR1=0000000000000000 DR2=0000000000000000 DR3=0000000000000000 
DR6=00000000ffff0ff0 DR7=0000000000000400
CCS=0000000000000004 CCD=00000000009eac81 CCO=EFLAGS
EFER=0000000000000500
Servicing hardware INT=0x20
    16: v=20 e=0000 i=0 cpl=0 IP=0008:0000000000100a30 pc=0000000000100a30 SP=0010:000000000800ffc8 env->regs[R_EAX]=0000000000000000
RAX=0000000000000000 RBX=00ffffff0000000a RCX=0000000000000008 RDX=0000000000000000
RSI=0000000000000001 RDI=0000000000000018 RBP=000000000011512a RSP=000000000800ffc8
R8 =0000000000142d60 R9 =00000000fd0cf010 R10=00000000000cf000 R11=0000000000126de8
R12=00ffffff00000000 R13=000000000011512a R14=0000000000136430 R15=0000000000000000
RIP=0000000000100a30 RFL=00000202 [-------] CPL=0 II=0 A20=1 SMM=0 HLT=0
ES =0010 0000000000000000 ffffffff 00af9300 DPL=0 DS   [-WA]
CS =0008 0000000000000000 ffffffff 00af9a00 DPL=0 CS64 [-R-]
SS =0010 0000000000000000 ffffffff 00af9300 DPL=0 DS   [-WA]
DS =0010 0000000000000000 ffffffff 00af9300 DPL=0 DS   [-WA]
FS =0018 0000000000000000 ffffffff 00cf9300 DPL=0 DS   [-WA]
GS =0018 0000000000000000 ffffffff 00cf9300 DPL=0 DS   [-WA]
LDT=0000 0000000000000000 0000ffff 00008200 DPL=0 LDT
TR =0000 0000000000000000 0000ffff 00008b00 DPL=0 TSS64-busy
GDT=     00000000001001d0 00000017
IDT=     0000000000142dc0 00000fff
CR0=80000011 CR2=0000000000000000 CR3=0000000001000000 CR4=00000020
DR0=0000000000000000 DR1=0000000000000000 DR2=0000000000000000 DR3=0000000000000000 
DR6=00000000ffff0ff0 DR7=0000000000000400
CCS=0000000000000000 CCD=0000000000d47958 CCO=EFLAGS
EFER=0000000000000500
Servicing hardware INT=0x20
    17: v=20 e=0000 i=0 cpl=0 IP=0008:0000000000100a30 pc=0000000000100a30 SP=0010:000000000800ffc8 env->regs[R_EAX]=0000000000000000
RAX=0000000000000000 RBX=00ffffff0000000a RCX=0000000000000008 RDX=0000000000000000
RSI=0000000000000001 RDI=0000000000000018 RBP=000000000011512a RSP=000000000800ffc8
R8 =0000000000142d60 R9 =00000000fd0cf010 R10=00000000000cf000 R11=0000000000126de8
R12=00ffffff00000000 R13=000000000011512a R14=0000000000136430 R15=0000000000000000
RIP=0000000000100a30 RFL=00000202 [-------] CPL=0 II=0 A20=1 SMM=0 HLT=0
ES =0010 0000000000000000 ffffffff 00af9300 DPL=0 DS   [-WA]
CS =0008 0000000000000000 ffffffff 00af9a00 DPL=0 CS64 [-R-]
SS =0010 0000000000000000 ffffffff 00af9300 DPL=0 DS   [-WA]
DS =0010 0000000000000000 ffffffff 00af9300 DPL=0 DS   [-WA]
FS =0018 0000000000000000 ffffffff 00cf9300 DPL=0 DS   [-WA]
GS =0018 0000000000000000 ffffffff 00cf9300 DPL=0 DS   [-WA]
LDT=0000 0000000000000000 0000ffff 00008200 DPL=0 LDT
TR =0000 0000000000000000 0000ffff 00008b00 DPL=0 TSS64-busy
GDT=     00000000001001d0 00000017
IDT=     0000000000142dc0 00000fff
CR0=80000011 CR2=0000000000000000 CR3=0000000001000000 CR4=00000020
DR0=0000000000000000 DR1=0000000000000000 DR2=0000000000000000 DR3=0000000000000000 
DR6=00000000ffff0ff0 DR7=0000000000000400
CCS=0000000000000000 CCD=0000000000fd724a CCO=EFLAGS
EFER=0000000000000500
Servicing hardware INT=0x20
    18: v=20 e=0000 i=0 cpl=0 IP=0008:0000000000100a30 pc=0000000000100a30 SP=0010:000000000800ffc8 env->regs[R_EAX]=0000000000000000
RAX=0000000000000000 RBX=00ffffff0000000a RCX=0000000000000008 RDX=0000000000000000
RSI=0000000000000001 RDI=0000000000000018 RBP=000000000011512a RSP=000000000800ffc8
R8 =0000000000142d60 R9 =00000000fd0cf010 R10=00000000000cf000 R11=0000000000126de8
R12=00ffffff00000000 R13=000000000011512a R14=0000000000136430 R15=0000000000000000
RIP=0000000000100a30 RFL=00000206 [-----P-] CPL=0 II=0 A20=1 SMM=0 HLT=0
ES =0010 0000000000000000 ffffffff 00af9300 DPL=0 DS   [-WA]
CS =0008 0000000000000000 ffffffff 00af9a00 DPL=0 CS64 [-R-]
SS =0010 0000000000000000 ffffffff 00af9300 DPL=0 DS   [-WA]
DS =0010 0000000000000000 ffffffff 00af9300 DPL=0 DS   [-WA]
FS =0018 0000000000000000 ffffffff 00cf9300 DPL=0 DS   [-WA]
GS =0018 0000000000000000 ffffffff 00cf9300 DPL=0 DS   [-WA]
LDT=0000 0000000000000000 0000ffff 00008200 DPL=0 LDT
TR =0000 0000000000000000 0000ffff 00008b00 DPL=0 TSS64-busy
GDT=     00000000001001d0 00000017
IDT=     0000000000142dc0 00000fff
CR0=80000011 CR2=0000000000000000 CR3=0000000001000000 CR4=00000020
DR0=0000000000000000 DR1=0000000000000000 DR2=0000000000000000 DR3=0000000000000000 
DR6=00000000ffff0ff0 DR7=0000000000000400
CCS=0000000000000004 CCD=0000000001328ae4 CCO=EFLAGS
EFER=0000000000000500
Servicing hardware INT=0x20
    19: v=20 e=0000 i=0 cpl=0 IP=0008:0000000000100a40 pc=0000000000100a40 SP=0010:0000000008010000 env->regs[R_EAX]=0000000000000000
RAX=0000000000000000 RBX=0000000000000000 RCX=0000000000000000 RDX=0000000000000000
RSI=0000000000000000 RDI=0000000000000000 RBP=0000000000000000 RSP=0000000008010000
R8 =0000000000000000 R9 =0000000000000000 R10=0000000000000000 R11=0000000000000000
R12=0000000000000000 R13=0000000000000000 R14=0000000000000000 R15=0000000000000000
RIP=0000000000100a40 RFL=00000202 [-------] CPL=0 II=0 A20=1 SMM=0 HLT=0
ES =0010 0000000000000000 ffffffff 00af9300 DPL=0 DS   [-WA]
CS =0008 0000000000000000 ffffffff 00af9a00 DPL=0 CS64 [-R-]
SS =0010 0000000000000000 ffffffff 00af9300 DPL=0 DS   [-WA]
DS =0010 0000000000000000 ffffffff 00af9300 DPL=0 DS   [-WA]
FS =0018 0000000000000000 ffffffff 00cf9300 DPL=0 DS   [-WA]
GS =0018 0000000000000000 ffffffff 00cf9300 DPL=0 DS   [-WA]
LDT=0000 0000000000000000 0000ffff 00008200 DPL=0 LDT
TR =0000 0000000000000000 0000ffff 00008b00 DPL=0 TSS64-busy
GDT=     00000000001001d0 00000017
IDT=     0000000000142dc0 00000fff
CR0=80000011 CR2=0000000000000000 CR3=0000000001017000 CR4=00000020
DR0=0000000000000000 DR1=0000000000000000 DR2=0000000000000000 DR3=0000000000000000 
DR6=00000000ffff0ff0 DR7=0000000000000400
CCS=0000000000000000 CCD=000000000800ff18 CCO=EFLAGS
EFER=0000000000000500
Servicing hardware INT=0x20
    20: v=20 e=0000 i=0 cpl=0 IP=0008:0000000000109fb0 pc=0000000000109fb0 SP=0010:000000000800ff88 env->regs[R_EAX]=0000000000000383
RAX=0000000000000383 RBX=0000000000000004 RCX=0000000000142d60 RDX=00000000fd29de0c
RSI=0000000000000001 RDI=000000000000029d RBP=00000000fd000000 RSP=000000000800ff88
R8 =0000000000136430 R9 =0000000000000300 R10=0000000000000e0c R11=0000000000000020
R12=0000000000000400 R13=0000000000115136 R14=0000000000136430 R15=0000000000000000
RIP=0000000000109fb0 RFL=00000246 [---Z-P-] CPL=0 II=0 A20=1 SMM=0 HLT=0
ES =0010 0000000000000000 ffffffff 00af9300 DPL=0 DS   [-WA]
CS =0008 0000000000000000 ffffffff 00af9a00 DPL=0 CS64 [-R-]
SS =0010 0000000000000000 ffffffff 00af9300 DPL=0 DS   [-WA]
DS =0010 0000000000000000 ffffffff 00af9300 DPL=0 DS   [-WA]
FS =0018 0000000000000000 ffffffff 00cf9300 DPL=0 DS   [-WA]
GS =0018 0000000000000000 ffffffff 00cf9300 DPL=0 DS   [-WA]
LDT=0000 0000000000000000 0000ffff 00008200 DPL=0 LDT
TR =0000 0000000000000000 0000ffff 00008b00 DPL=0 TSS64-busy
GDT=     00000000001001d0 00000017
IDT=     0000000000142dc0 00000fff
CR0=80000011 CR2=0000000000000000 CR3=0000000001017000 CR4=00000020
DR0=0000000000000000 DR1=0000000000000000 DR2=0000000000000000 DR3=0000000000000000 
DR6=00000000ffff0ff0 DR7=0000000000000400
CCS=0000000000000044 CCD=0000000000000000 CCO=EFLAGS
EFER=0000000000000500
Servicing hardware INT=0x20
    21: v=20 e=0000 i=0 cpl=0 IP=0008:0000000000100aa0 pc=0000000000100aa0 SP=0010:000000000800ffc8 env->regs[R_EAX]=0000000000000000
RAX=0000000000000000 RBX=00ffffff0000000a RCX=0000000000000008 RDX=0000000000000000
RSI=0000000000000001 RDI=0000000000000018 RBP=0000000000115136 RSP=000000000800ffc8
R8 =0000000000142d60 R9 =00000000fd0ef010 R10=00000000000ef000 R11=0000000000126de8
R12=00ffffff00000000 R13=0000000000115136 R14=0000000000136430 R15=0000000000000000
RIP=0000000000100aa0 RFL=00000206 [-----P-] CPL=0 II=0 A20=1 SMM=0 HLT=0
ES =0010 0000000000000000 ffffffff 00af9300 DPL=0 DS   [-WA]
CS =0008 0000000000000000 ffffffff 00af9a00 DPL=0 CS64 [-R-]
SS =0010 0000000000000000 ffffffff 00af9300 DPL=0 DS   [-WA]
DS =0010 0000000000000000 ffffffff 00af9300 DPL=0 DS   [-WA]
FS =0018 0000000000000000 ffffffff 00cf9300 DPL=0 DS   [-WA]
GS =0018 0000000000000000 ffffffff 00cf9300 DPL=0 DS   [-WA]
LDT=0000 0000000000000000 0000ffff 00008200 DPL=0 LDT
TR =0000 0000000000000000 0000ffff 00008b00 DPL=0 TSS64-busy
GDT=     00000000001001d0 00000017
IDT=     0000000000142dc0 00000fff
CR0=80000011 CR2=0000000000000000 CR3=0000000001017000 CR4=00000020
DR0=0000000000000000 DR1=0000000000000000 DR2=0000000000000000 DR3=0000000000000000 
DR6=00000000ffff0ff0 DR7=0000000000000400
CCS=0000000000000004 CCD=000000000002b58e CCO=EFLAGS
EFER=0000000000000500
Servicing hardware INT=0x20
    22: v=20 e=0000 i=0 cpl=0 IP=0008:0000000000100aa0 pc=0000000000100aa0 SP=0010:000000000800ffc8 env->regs[R_EAX]=0000000000000000
RAX=0000000000000000 RBX=00ffffff0000000a RCX=0000000000000008 RDX=0000000000000000
RSI=0000000000000001 RDI=0000000000000018 RBP=0000000000115136 RSP=000000000800ffc8
R8 =0000000000142d60 R9 =00000000fd0ef010 R10=00000000000ef000 R11=0000000000126de8
R12=00ffffff00000000 R13=0000000000115136 R14=0000000000136430 R15=0000000000000000
RIP=0000000000100aa0 RFL=00000202 [-------] CPL=0 II=0 A20=1 SMM=0 HLT=0
ES =0010 0000000000000000 ffffffff 00af9300 DPL=0 DS   [-WA]
CS =0008 0000000000000000 ffffffff 00af9a00 DPL=0 CS64 [-R-]
SS =0010 0000000000000000 ffffffff 00af9300 DPL=0 DS   [-WA]
DS =0010 0000000000000000 ffffffff 00af9300 DPL=0 DS   [-WA]
FS =0018 0000000000000000 ffffffff 00cf9300 DPL=0 DS   [-WA]
GS =0018 0000000000000000 ffffffff 00cf9300 DPL=0 DS   [-WA]
LDT=0000 0000000000000000 0000ffff 00008200 DPL=0 LDT
TR =0000 0000000000000000 0000ffff 00008b00 DPL=0 TSS64-busy
GDT=     00000000001001d0 00000017
IDT=     0000000000142dc0 00000fff
CR0=80000011 CR2=0000000000000000 CR3=0000000001017000 CR4=00000020
DR0=0000000000000000 DR1=0000000000000000 DR2=0000000000000000 DR3=0000000000000000 
DR6=00000000ffff0ff0 DR7=0000000000000400
CCS=0000000000000000 CCD=00000000002ff823 CCO=EFLAGS
EFER=0000000000000500
Servicing hardware INT=0x20
    23: v=20 e=0000 i=0 cpl=0 IP=0008:0000000000100aa0 pc=0000000000100aa0 SP=0010:000000000800ffc8 env->regs[R_EAX]=0000000000000000
RAX=0000000000000000 RBX=00ffffff0000000a RCX=0000000000000008 RDX=0000000000000000
RSI=0000000000000001 RDI=0000000000000018 RBP=0000000000115136 RSP=000000000800ffc8
R8 =0000000000142d60 R9 =00000000fd0ef010 R10=00000000000ef000 R11=0000000000126de8
R12=00ffffff00000000 R13=0000000000115136 R14=0000000000136430 R15=0000000000000000
RIP=0000000000100aa0 RFL=00000202 [-------] CPL=0 II=0 A20=1 SMM=0 HLT=0
ES =0010 0000000000000000 ffffffff 00af9300 DPL=0 DS   [-WA]
CS =0008 0000000000000000 ffffffff 00af9a00 DPL=0 CS64 [-R-]
SS =0010 0000000000000000 ffffffff 00af9300 DPL=0 DS   [-WA]
DS =0010 0000000000000000 ffffffff 00af9300 DPL=0 DS   [-WA]
FS =0018 0000000000000000 ffffffff 00cf9300 DPL=0 DS   [-WA]
GS =0018 0000000000000000 ffffffff 00cf9300 DPL=0 DS   [-WA]
LDT=0000 0000000000000000 0000ffff 00008200 DPL=0 LDT
TR =0000 0000000000000000 0000ffff 00008b00 DPL=0 TSS64-busy
GDT=     00000000001001d0 00000017
IDT=     0000000000142dc0 00000fff
CR0=80000011 CR2=0000000000000000 CR3=0000000001017000 CR4=00000020
DR0=0000000000000000 DR1=0000000000000000 DR2=0000000000000000 DR3=0000000000000000 
DR6=00000000ffff0ff0 DR7=0000000000000400
CCS=0000000000000000 CCD=000000000056e897 CCO=EFLAGS
EFER=0000000000000500
Servicing hardware INT=0x20
    24: v=20 e=0000 i=0 cpl=0 IP=0008:0000000000100aa0 pc=0000000000100aa0 SP=0010:000000000800ffc8 env->regs[R_EAX]=0000000000000000
RAX=0000000000000000 RBX=00ffffff0000000a RCX=0000000000000008 RDX=0000000000000000
RSI=0000000000000001 RDI=0000000000000018 RBP=0000000000115136 RSP=000000000800ffc8
R8 =0000000000142d60 R9 =00000000fd0ef010 R10=00000000000ef000 R11=0000000000126de8
R12=00ffffff00000000 R13=0000000000115136 R14=0000000000136430 R15=0000000000000000
RIP=0000000000100aa0 RFL=00000202 [-------] CPL=0 II=0 A20=1 SMM=0 HLT=0
ES =0010 0000000000000000 ffffffff 00af9300 DPL=0 DS   [-WA]
CS =0008 0000000000000000 ffffffff 00af9a00 DPL=0 CS64 [-R-]
SS =0010 0000000000000000 ffffffff 00af9300 DPL=0 DS   [-WA]
DS =0010 0000000000000000 ffffffff 00af9300 DPL=0 DS   [-WA]
FS =0018 0000000000000000 ffffffff 00cf9300 DPL=0 DS   [-WA]
GS =0018 0000000000000000 ffffffff 00cf9300 DPL=0 DS   [-WA]
LDT=0000 0000000000000000 0000ffff 00008200 DPL=0 LDT
TR =0000 0000000000000000 0000ffff 00008b00 DPL=0 TSS64-busy
GDT=     00000000001001d0 00000017
IDT=     0000000000142dc0 00000fff
CR0=80000011 CR2=0000000000000000 CR3=0000000001017000 CR4=00000020
DR0=0000000000000000 DR1=0000000000000000 DR2=0000000000000000 DR3=0000000000000000 
DR6=00000000ffff0ff0 DR7=0000000000000400
CCS=0000000000000000 CCD=0000000000842961 CCO=EFLAGS
EFER=0000000000000500
Servicing hardware INT=0x20
    25: v=20 e=0000 i=0 cpl=0 IP=0008:0000000000100aa0 pc=0000000000100aa0 SP=0010:000000000800ffc8 env->regs[R_EAX]=0000000000000000
RAX=0000000000000000 RBX=00ffffff0000000a RCX=0000000000000008 RDX=0000000000000000
RSI=0000000000000001 RDI=0000000000000018 RBP=0000000000115136 RSP=000000000800ffc8
R8 =0000000000142d60 R9 =00000000fd0ef010 R10=00000000000ef000 R11=0000000000126de8
R12=00ffffff00000000 R13=0000000000115136 R14=0000000000136430 R15=0000000000000000
RIP=0000000000100aa0 RFL=00000202 [-------] CPL=0 II=0 A20=1 SMM=0 HLT=0
ES =0010 0000000000000000 ffffffff 00af9300 DPL=0 DS   [-WA]
CS =0008 0000000000000000 ffffffff 00af9a00 DPL=0 CS64 [-R-]
SS =0010 0000000000000000 ffffffff 00af9300 DPL=0 DS   [-WA]
DS =0010 0000000000000000 ffffffff 00af9300 DPL=0 DS   [-WA]
FS =0018 0000000000000000 ffffffff 00cf9300 DPL=0 DS   [-WA]
GS =0018 0000000000000000 ffffffff 00cf9300 DPL=0 DS   [-WA]
LDT=0000 0000000000000000 0000ffff 00008200 DPL=0 LDT
TR =0000 0000000000000000 0000ffff 00008b00 DPL=0 TSS64-busy
GDT=     00000000001001d0 00000017
IDT=     0000000000142dc0 00000fff
CR0=80000011 CR2=0000000000000000 CR3=0000000001017000 CR4=00000020
DR0=0000000000000000 DR1=0000000000000000 DR2=0000000000000000 DR3=0000000000000000 
DR6=00000000ffff0ff0 DR7=0000000000000400
CCS=0000000000000000 CCD=0000000000aaa7e3 CCO=EFLAGS
EFER=0000000000000500
Servicing hardware INT=0x20
    26: v=20 e=0000 i=0 cpl=0 IP=0008:0000000000100aa0 pc=0000000000100aa0 SP=0010:000000000800ffc8 env->regs[R_EAX]=0000000000000000
RAX=0000000000000000 RBX=00ffffff0000000a RCX=0000000000000008 RDX=0000000000000000
RSI=0000000000000001 RDI=0000000000000018 RBP=0000000000115136 RSP=000000000800ffc8
R8 =0000000000142d60 R9 =00000000fd0ef010 R10=00000000000ef000 R11=0000000000126de8
R12=00ffffff00000000 R13=0000000000115136 R14=0000000000136430 R15=0000000000000000
RIP=0000000000100aa0 RFL=00000202 [-------] CPL=0 II=0 A20=1 SMM=0 HLT=0
ES =0010 0000000000000000 ffffffff 00af9300 DPL=0 DS   [-WA]
CS =0008 0000000000000000 ffffffff 00af9a00 DPL=0 CS64 [-R-]
SS =0010 0000000000000000 ffffffff 00af9300 DPL=0 DS   [-WA]
DS =0010 0000000000000000 ffffffff 00af9300 DPL=0 DS   [-WA]
FS =0018 0000000000000000 ffffffff 00cf9300 DPL=0 DS   [-WA]
GS =0018 0000000000000000 ffffffff 00cf9300 DPL=0 DS   [-WA]
LDT=0000 0000000000000000 0000ffff 00008200 DPL=0 LDT
TR =0000 0000000000000000 0000ffff 00008b00 DPL=0 TSS64-busy
GDT=     00000000001001d0 00000017
IDT=     0000000000142dc0 00000fff
CR0=80000011 CR2=0000000000000000 CR3=0000000001017000 CR4=00000020
DR0=0000000000000000 DR1=0000000000000000 DR2=0000000000000000 DR3=0000000000000000 
DR6=00000000ffff0ff0 DR7=0000000000000400
CCS=0000000000000000 CCD=0000000000d282ce CCO=EFLAGS
EFER=0000000000000500
Servicing hardware INT=0x20
    27: v=20 e=0000 i=0 cpl=0 IP=0008:0000000000100aa0 pc=0000000000100aa0 SP=0010:000000000800ffc8 env->regs[R_EAX]=0000000000000000
RAX=0000000000000000 RBX=00ffffff0000000a RCX=0000000000000008 RDX=0000000000000000
RSI=0000000000000001 RDI=0000000000000018 RBP=0000000000115136 RSP=000000000800ffc8
R8 =0000000000142d60 R9 =00000000fd0ef010 R10=00000000000ef000 R11=0000000000126de8
R12=00ffffff00000000 R13=0000000000115136 R14=0000000000136430 R15=0000000000000000
RIP=0000000000100aa0 RFL=00000206 [-----P-] CPL=0 II=0 A20=1 SMM=0 HLT=0
ES =0010 0000000000000000 ffffffff 00af9300 DPL=0 DS   [-WA]
CS =0008 0000000000000000 ffffffff 00af9a00 DPL=0 CS64 [-R-]
SS =0010 0000000000000000 ffffffff 00af9300 DPL=0 DS   [-WA]
DS =0010 0000000000000000 ffffffff 00af9300 DPL=0 DS   [-WA]
FS =0018 0000000000000000 ffffffff 00cf9300 DPL=0 DS   [-WA]
GS =0018 0000000000000000 ffffffff 00cf9300 DPL=0 DS   [-WA]
LDT=0000 0000000000000000 0000ffff 00008200 DPL=0 LDT
TR =0000 0000000000000000 0000ffff 00008b00 DPL=0 TSS64-busy
GDT=     00000000001001d0 00000017
IDT=     0000000000142dc0 00000fff
CR0=80000011 CR2=0000000000000000 CR3=0000000001017000 CR4=00000020
DR0=0000000000000000 DR1=0000000000000000 DR2=0000000000000000 DR3=0000000000000000 
DR6=00000000ffff0ff0 DR7=0000000000000400
CCS=0000000000000004 CCD=0000000000fe07d4 CCO=EFLAGS
EFER=0000000000000500
Servicing hardware INT=0x20
    28: v=20 e=0000 i=0 cpl=0 IP=0008:0000000000100aa0 pc=0000000000100aa0 SP=0010:000000000800ffc8 env->regs[R_EAX]=0000000000000000
RAX=0000000000000000 RBX=00ffffff0000000a RCX=0000000000000008 RDX=0000000000000000
RSI=0000000000000001 RDI=0000000000000018 RBP=0000000000115136 RSP=000000000800ffc8
R8 =0000000000142d60 R9 =00000000fd0ef010 R10=00000000000ef000 R11=0000000000126de8
R12=00ffffff00000000 R13=0000000000115136 R14=0000000000136430 R15=0000000000000000
RIP=0000000000100aa0 RFL=00000206 [-----P-] CPL=0 II=0 A20=1 SMM=0 HLT=0
ES =0010 0000000000000000 ffffffff 00af9300 DPL=0 DS   [-WA]
CS =0008 0000000000000000 ffffffff 00af9a00 DPL=0 CS64 [-R-]
SS =0010 0000000000000000 ffffffff 00af9300 DPL=0 DS   [-WA]
DS =0010 0000000000000000 ffffffff 00af9300 DPL=0 DS   [-WA]
FS =0018 0000000000000000 ffffffff 00cf9300 DPL=0 DS   [-WA]
GS =0018 0000000000000000 ffffffff 00cf9300 DPL=0 DS   [-WA]
LDT=0000 0000000000000000 0000ffff 00008200 DPL=0 LDT
TR =0000 0000000000000000 0000ffff 00008b00 DPL=0 TSS64-busy
GDT=     00000000001001d0 00000017
IDT=     0000000000142dc0 00000fff
CR0=80000011 CR2=0000000000000000 CR3=0000000001017000 CR4=00000020
DR0=0000000000000000 DR1=0000000000000000 DR2=0000000000000000 DR3=0000000000000000 
DR6=00000000ffff0ff0 DR7=0000000000000400
CCS=0000000000000004 CCD=00000000012bfbf3 CCO=EFLAGS
EFER=0000000000000500
Servicing hardware INT=0x20
    29: v=20 e=0000 i=0 cpl=0 IP=0008:0000000000100a30 pc=0000000000100a30 SP=0010:000000000800ffc8 env->regs[R_EAX]=0000000000000000
RAX=0000000000000000 RBX=00ffffff0000000a RCX=0000000000000008 RDX=0000000000000000
RSI=0000000000000001 RDI=0000000000000018 RBP=000000000011512a RSP=000000000800ffc8
R8 =0000000000142d60 R9 =00000000fd0cf010 R10=00000000000cf000 R11=0000000000126de8
R12=00ffffff00000000 R13=000000000011512a R14=0000000000136430 R15=0000000000000000
RIP=0000000000100a30 RFL=00010206 [-----P-] CPL=0 II=0 A20=1 SMM=0 HLT=0
ES =0010 0000000000000000 ffffffff 00af9300 DPL=0 DS   [-WA]
CS =0008 0000000000000000 ffffffff 00af9a00 DPL=0 CS64 [-R-]
SS =0010 0000000000000000 ffffffff 00af9300 DPL=0 DS   [-WA]
DS =0010 0000000000000000 ffffffff 00af9300 DPL=0 DS   [-WA]
FS =0018 0000000000000000 ffffffff 00cf9300 DPL=0 DS   [-WA]
GS =0018 0000000000000000 ffffffff 00cf9300 DPL=0 DS   [-WA]
LDT=0000 0000000000000000 0000ffff 00008200 DPL=0 LDT
TR =0000 0000000000000000 0000ffff 00008b00 DPL=0 TSS64-busy
GDT=     00000000001001d0 00000017
IDT=     0000000000142dc0 00000fff
CR0=80000011 CR2=0000000000000000 CR3=0000000001000000 CR4=00000020
DR0=0000000000000000 DR1=0000000000000000 DR2=0000000000000000 DR3=0000000000000000 
DR6=00000000ffff0ff0 DR7=0000000000000400
CCS=0000000000000004 CCD=000000000800ff18 CCO=EFLAGS
EFER=0000000000000500
Servicing hardware INT=0x20
    30: v=20 e=0000 i=0 cpl=0 IP=0008:0000000000100a30 pc=0000000000100a30 SP=0010:000000000800ffc8 env->regs[R_EAX]=0000000000000000
RAX=0000000000000000 RBX=00ffffff0000000a RCX=0000000000000008 RDX=0000000000000000
RSI=0000000000000001 RDI=0000000000000018 RBP=000000000011512a RSP=000000000800ffc8
R8 =0000000000142d60 R9 =00000000fd0cf010 R10=00000000000cf000 R11=0000000000126de8
R12=00ffffff00000000 R13=000000000011512a R14=0000000000136430 R15=0000000000000000
RIP=0000000000100a30 RFL=00000202 [-------] CPL=0 II=0 A20=1 SMM=0 HLT=0
ES =0010 0000000000000000 ffffffff 00af9300 DPL=0 DS   [-WA]
CS =0008 0000000000000000 ffffffff 00af9a00 DPL=0 CS64 [-R-]
SS =0010 0000000000000000 ffffffff 00af9300 DPL=0 DS   [-WA]
DS =0010 0000000000000000 ffffffff 00af9300 DPL=0 DS   [-WA]
FS =0018 0000000000000000 ffffffff 00cf9300 DPL=0 DS   [-WA]
GS =0018 0000000000000000 ffffffff 00cf9300 DPL=0 DS   [-WA]
LDT=0000 0000000000000000 0000ffff 00008200 DPL=0 LDT
TR =0000 0000000000000000 0000ffff 00008b00 DPL=0 TSS64-busy
GDT=     00000000001001d0 00000017
IDT=     0000000000142dc0 00000fff
CR0=80000011 CR2=0000000000000000 CR3=0000000001000000 CR4=00000020
DR0=0000000000000000 DR1=0000000000000000 DR2=0000000000000000 DR3=0000000000000000 
DR6=00000000ffff0ff0 DR7=0000000000000400
CCS=0000000000000000 CCD=000000000159fd49 CCO=EFLAGS
EFER=0000000000000500
Servicing hardware INT=0x20
    31: v=20 e=0000 i=0 cpl=0 IP=0008:0000000000100a30 pc=0000000000100a30 SP=0010:000000000800ffc8 env->regs[R_EAX]=0000000000000000
RAX=0000000000000000 RBX=00ffffff0000000a RCX=0000000000000008 RDX=0000000000000000
RSI=0000000000000001 RDI=0000000000000018 RBP=000000000011512a RSP=000000000800ffc8
R8 =0000000000142d60 R9 =00000000fd0cf010 R10=00000000000cf000 R11=0000000000126de8
R12=00ffffff00000000 R13=000000000011512a R14=0000000000136430 R15=0000000000000000
RIP=0000000000100a30 RFL=00000206 [-----P-] CPL=0 II=0 A20=1 SMM=0 HLT=0
ES =0010 0000000000000000 ffffffff 00af9300 DPL=0 DS   [-WA]
CS =0008 0000000000000000 ffffffff 00af9a00 DPL=0 CS64 [-R-]
SS =0010 0000000000000000 ffffffff 00af9300 DPL=0 DS   [-WA]
DS =0010 0000000000000000 ffffffff 00af9300 DPL=0 DS   [-WA]
FS =0018 0000000000000000 ffffffff 00cf9300 DPL=0 DS   [-WA]
GS =0018 0000000000000000 ffffffff 00cf9300 DPL=0 DS   [-WA]
LDT=0000 0000000000000000 0000ffff 00008200 DPL=0 LDT
TR =0000 0000000000000000 0000ffff 00008b00 DPL=0 TSS64-busy
GDT=     00000000001001d0 00000017
IDT=     0000000000142dc0 00000fff
CR0=80000011 CR2=0000000000000000 CR3=0000000001000000 CR4=00000020
DR0=0000000000000000 DR1=0000000000000000 DR2=0000000000000000 DR3=0000000000000000 
DR6=00000000ffff0ff0 DR7=0000000000000400
CCS=0000000000000004 CCD=000000000187bf39 CCO=EFLAGS
EFER=0000000000000500
Servicing hardware INT=0x20
    32: v=20 e=0000 i=0 cpl=0 IP=0008:0000000000100a30 pc=0000000000100a30 SP=0010:000000000800ffc8 env->regs[R_EAX]=0000000000000000
RAX=0000000000000000 RBX=00ffffff0000000a RCX=0000000000000008 RDX=0000000000000000
RSI=0000000000000001 RDI=0000000000000018 RBP=000000000011512a RSP=000000000800ffc8
R8 =0000000000142d60 R9 =00000000fd0cf010 R10=00000000000cf000 R11=0000000000126de8
R12=00ffffff00000000 R13=000000000011512a R14=0000000000136430 R15=0000000000000000
RIP=0000000000100a30 RFL=00000206 [-----P-] CPL=0 II=0 A20=1 SMM=0 HLT=0
ES =0010 0000000000000000 ffffffff 00af9300 DPL=0 DS   [-WA]
CS =0008 0000000000000000 ffffffff 00af9a00 DPL=0 CS64 [-R-]
SS =0010 0000000000000000 ffffffff 00af9300 DPL=0 DS   [-WA]
DS =0010 0000000000000000 ffffffff 00af9300 DPL=0 DS   [-WA]
FS =0018 0000000000000000 ffffffff 00cf9300 DPL=0 DS   [-WA]
GS =0018 0000000000000000 ffffffff 00cf9300 DPL=0 DS   [-WA]
LDT=0000 0000000000000000 0000ffff 00008200 DPL=0 LDT
TR =0000 0000000000000000 0000ffff 00008b00 DPL=0 TSS64-busy
GDT=     00000000001001d0 00000017
IDT=     0000000000142dc0 00000fff
CR0=80000011 CR2=0000000000000000 CR3=0000000001000000 CR4=00000020
DR0=0000000000000000 DR1=0000000000000000 DR2=0000000000000000 DR3=0000000000000000 
DR6=00000000ffff0ff0 DR7=0000000000000400
CCS=0000000000000004 CCD=0000000001b6bcf3 CCO=EFLAGS
EFER=0000000000000500
Servicing hardware INT=0x20
    33: v=20 e=0000 i=0 cpl=0 IP=0008:0000000000100a30 pc=0000000000100a30 SP=0010:000000000800ffc8 env->regs[R_EAX]=0000000000000000
RAX=0000000000000000 RBX=00ffffff0000000a RCX=0000000000000008 RDX=0000000000000000
RSI=0000000000000001 RDI=0000000000000018 RBP=000000000011512a RSP=000000000800ffc8
R8 =0000000000142d60 R9 =00000000fd0cf010 R10=00000000000cf000 R11=0000000000126de8
R12=00ffffff00000000 R13=000000000011512a R14=0000000000136430 R15=0000000000000000
RIP=0000000000100a30 RFL=00010206 [-----P-] CPL=0 II=0 A20=1 SMM=0 HLT=0
ES =0010 0000000000000000 ffffffff 00af9300 DPL=0 DS   [-WA]
CS =0008 0000000000000000 ffffffff 00af9a00 DPL=0 CS64 [-R-]
SS =0010 0000000000000000 ffffffff 00af9300 DPL=0 DS   [-WA]
DS =0010 0000000000000000 ffffffff 00af9300 DPL=0 DS   [-WA]
FS =0018 0000000000000000 ffffffff 00cf9300 DPL=0 DS   [-WA]
GS =0018 0000000000000000 ffffffff 00cf9300 DPL=0 DS   [-WA]
LDT=0000 0000000000000000 0000ffff 00008200 DPL=0 LDT
TR =0000 0000000000000000 0000ffff 00008b00 DPL=0 TSS64-busy
GDT=     00000000001001d0 00000017
IDT=     0000000000142dc0 00000fff
CR0=80000011 CR2=0000000000000000 CR3=0000000001000000 CR4=00000020
DR0=0000000000000000 DR1=0000000000000000 DR2=0000000000000000 DR3=0000000000000000 
DR6=00000000ffff0ff0 DR7=0000000000000400
CCS=0000000000000004 CCD=000000000800ff18 CCO=EFLAGS
EFER=0000000000000500
Servicing hardware INT=0x20
    34: v=20 e=0000 i=0 cpl=0 IP=0008:0000000000100a30 pc=0000000000100a30 SP=0010:000000000800ffc8 env->regs[R_EAX]=0000000000000000
RAX=0000000000000000 RBX=00ffffff0000000a RCX=0000000000000008 RDX=0000000000000000
RSI=0000000000000001 RDI=0000000000000018 RBP=000000000011512a RSP=000000000800ffc8
R8 =0000000000142d60 R9 =00000000fd0cf010 R10=00000000000cf000 R11=0000000000126de8
R12=00ffffff00000000 R13=000000000011512a R14=0000000000136430 R15=0000000000000000
RIP=0000000000100a30 RFL=00000202 [-------] CPL=0 II=0 A20=1 SMM=0 HLT=0
ES =0010 0000000000000000 ffffffff 00af9300 DPL=0 DS   [-WA]
CS =0008 0000000000000000 ffffffff 00af9a00 DPL=0 CS64 [-R-]
SS =0010 0000000000000000 ffffffff 00af9300 DPL=0 DS   [-WA]
DS =0010 0000000000000000 ffffffff 00af9300 DPL=0 DS   [-WA]
FS =0018 0000000000000000 ffffffff 00cf9300 DPL=0 DS   [-WA]
GS =0018 0000000000000000 ffffffff 00cf9300 DPL=0 DS   [-WA]
LDT=0000 0000000000000000 0000ffff 00008200 DPL=0 LDT
TR =0000 0000000000000000 0000ffff 00008b00 DPL=0 TSS64-busy
GDT=     00000000001001d0 00000017
IDT=     0000000000142dc0 00000fff
CR0=80000011 CR2=0000000000000000 CR3=0000000001000000 CR4=00000020
DR0=0000000000000000 DR1=0000000000000000 DR2=0000000000000000 DR3=0000000000000000 
DR6=00000000ffff0ff0 DR7=0000000000000400
CCS=0000000000000000 CCD=0000000001b9bf7a CCO=EFLAGS
EFER=0000000000000500
Servicing hardware INT=0x20
    35: v=20 e=0000 i=0 cpl=0 IP=0008:0000000000100a30 pc=0000000000100a30 SP=0010:000000000800ffc8 env->regs[R_EAX]=0000000000000000
RAX=0000000000000000 RBX=00ffffff0000000a RCX=0000000000000008 RDX=0000000000000000
RSI=0000000000000001 RDI=0000000000000018 RBP=000000000011512a RSP=000000000800ffc8
R8 =0000000000142d60 R9 =00000000fd0cf010 R10=00000000000cf000 R11=0000000000126de8
R12=00ffffff00000000 R13=000000000011512a R14=0000000000136430 R15=0000000000000000
RIP=0000000000100a30 RFL=00000202 [-------] CPL=0 II=0 A20=1 SMM=0 HLT=0
ES =0010 0000000000000000 ffffffff 00af9300 DPL=0 DS   [-WA]
CS =0008 0000000000000000 ffffffff 00af9a00 DPL=0 CS64 [-R-]
SS =0010 0000000000000000 ffffffff 00af9300 DPL=0 DS   [-WA]
DS =0010 0000000000000000 ffffffff 00af9300 DPL=0 DS   [-WA]
FS =0018 0000000000000000 ffffffff 00cf9300 DPL=0 DS   [-WA]
GS =0018 0000000000000000 ffffffff 00cf9300 DPL=0 DS   [-WA]
LDT=0000 0000000000000000 0000ffff 00008200 DPL=0 LDT
TR =0000 0000000000000000 0000ffff 00008b00 DPL=0 TSS64-busy
GDT=     00000000001001d0 00000017
IDT=     0000000000142dc0 00000fff
CR0=80000011 CR2=0000000000000000 CR3=0000000001000000 CR4=00000020
DR0=0000000000000000 DR1=0000000000000000 DR2=0000000000000000 DR3=0000000000000000 
DR6=00000000ffff0ff0 DR7=0000000000000400
CCS=0000000000000000 CCD=0000000001e56e9e CCO=EFLAGS
EFER=0000000000000500
Servicing hardware INT=0x20
    36: v=20 e=0000 i=0 cpl=0 IP=0008:0000000000100a30 pc=0000000000100a30 SP=0010:000000000800ffc8 env->regs[R_EAX]=0000000000000000
RAX=0000000000000000 RBX=00ffffff0000000a RCX=0000000000000008 RDX=0000000000000000
RSI=0000000000000001 RDI=0000000000000018 RBP=000000000011512a RSP=000000000800ffc8
R8 =0000000000142d60 R9 =00000000fd0cf010 R10=00000000000cf000 R11=0000000000126de8
R12=00ffffff00000000 R13=000000000011512a R14=0000000000136430 R15=0000000000000000
RIP=0000000000100a30 RFL=00000206 [-----P-] CPL=0 II=0 A20=1 SMM=0 HLT=0
ES =0010 0000000000000000 ffffffff 00af9300 DPL=0 DS   [-WA]
CS =0008 0000000000000000 ffffffff 00af9a00 DPL=0 CS64 [-R-]
SS =0010 0000000000000000 ffffffff 00af9300 DPL=0 DS   [-WA]
DS =0010 0000000000000000 ffffffff 00af9300 DPL=0 DS   [-WA]
FS =0018 0000000000000000 ffffffff 00cf9300 DPL=0 DS   [-WA]
GS =0018 0000000000000000 ffffffff 00cf9300 DPL=0 DS   [-WA]
LDT=0000 0000000000000000 0000ffff 00008200 DPL=0 LDT
TR =0000 0000000000000000 0000ffff 00008b00 DPL=0 TSS64-busy
GDT=     00000000001001d0 00000017
IDT=     0000000000142dc0 00000fff
CR0=80000011 CR2=0000000000000000 CR3=0000000001000000 CR4=00000020
DR0=0000000000000000 DR1=0000000000000000 DR2=0000000000000000 DR3=0000000000000000 
DR6=00000000ffff0ff0 DR7=0000000000000400
CCS=0000000000000004 CCD=00000000020ca2de CCO=EFLAGS
EFER=0000000000000500
Servicing hardware INT=0x20
    37: v=20 e=0000 i=0 cpl=0 IP=0008:0000000000100a30 pc=0000000000100a30 SP=0010:000000000800ffc8 env->regs[R_EAX]=0000000000000000
RAX=0000000000000000 RBX=00ffffff0000000a RCX=0000000000000008 RDX=0000000000000000
RSI=0000000000000001 RDI=0000000000000018 RBP=000000000011512a RSP=000000000800ffc8
R8 =0000000000142d60 R9 =00000000fd0cf010 R10=00000000000cf000 R11=0000000000126de8
R12=00ffffff00000000 R13=000000000011512a R14=0000000000136430 R15=0000000000000000
RIP=0000000000100a30 RFL=00000202 [-------] CPL=0 II=0 A20=1 SMM=0 HLT=0
ES =0010 0000000000000000 ffffffff 00af9300 DPL=0 DS   [-WA]
CS =0008 0000000000000000 ffffffff 00af9a00 DPL=0 CS64 [-R-]
SS =0010 0000000000000000 ffffffff 00af9300 DPL=0 DS   [-WA]
DS =0010 0000000000000000 ffffffff 00af9300 DPL=0 DS   [-WA]
FS =0018 0000000000000000 ffffffff 00cf9300 DPL=0 DS   [-WA]
GS =0018 0000000000000000 ffffffff 00cf9300 DPL=0 DS   [-WA]
LDT=0000 0000000000000000 0000ffff 00008200 DPL=0 LDT
TR =0000 0000000000000000 0000ffff 00008b00 DPL=0 TSS64-busy
GDT=     00000000001001d0 00000017
IDT=     0000000000142dc0 00000fff
CR0=80000011 CR2=0000000000000000 CR3=0000000001000000 CR4=00000020
DR0=0000000000000000 DR1=0000000000000000 DR2=0000000000000000 DR3=0000000000000000 
DR6=00000000ffff0ff0 DR7=0000000000000400
CCS=0000000000000000 CCD=0000000002334efd CCO=EFLAGS
EFER=0000000000000500
Servicing hardware INT=0x20
    38: v=20 e=0000 i=0 cpl=0 IP=0008:0000000000100a30 pc=0000000000100a30 SP=0010:000000000800ffc8 env->regs[R_EAX]=0000000000000000
RAX=0000000000000000 RBX=00ffffff0000000a RCX=0000000000000008 RDX=0000000000000000
RSI=0000000000000001 RDI=0000000000000018 RBP=000000000011512a RSP=000000000800ffc8
R8 =0000000000142d60 R9 =00000000fd0cf010 R10=00000000000cf000 R11=0000000000126de8
R12=00ffffff00000000 R13=000000000011512a R14=0000000000136430 R15=0000000000000000
RIP=0000000000100a30 RFL=00000206 [-----P-] CPL=0 II=0 A20=1 SMM=0 HLT=0
ES =0010 0000000000000000 ffffffff 00af9300 DPL=0 DS   [-WA]
CS =0008 0000000000000000 ffffffff 00af9a00 DPL=0 CS64 [-R-]
SS =0010 0000000000000000 ffffffff 00af9300 DPL=0 DS   [-WA]
DS =0010 0000000000000000 ffffffff 00af9300 DPL=0 DS   [-WA]
FS =0018 0000000000000000 ffffffff 00cf9300 DPL=0 DS   [-WA]
GS =0018 0000000000000000 ffffffff 00cf9300 DPL=0 DS   [-WA]
LDT=0000 0000000000000000 0000ffff 00008200 DPL=0 LDT
TR =0000 0000000000000000 0000ffff 00008b00 DPL=0 TSS64-busy
GDT=     00000000001001d0 00000017
IDT=     0000000000142dc0 00000fff
CR0=80000011 CR2=0000000000000000 CR3=0000000001000000 CR4=00000020
DR0=0000000000000000 DR1=0000000000000000 DR2=0000000000000000 DR3=0000000000000000 
DR6=00000000ffff0ff0 DR7=0000000000000400
CCS=0000000000000004 CCD=000000000259c006 CCO=EFLAGS
EFER=0000000000000500
Servicing hardware INT=0x20
    39: v=20 e=0000 i=0 cpl=0 IP=0008:0000000000100aa0 pc=0000000000100aa0 SP=0010:000000000800ffc8 env->regs[R_EAX]=0000000000000000
RAX=0000000000000000 RBX=00ffffff0000000a RCX=0000000000000008 RDX=0000000000000000
RSI=0000000000000001 RDI=0000000000000018 RBP=0000000000115136 RSP=000000000800ffc8
R8 =0000000000142d60 R9 =00000000fd0ef010 R10=00000000000ef000 R11=0000000000126de8
R12=00ffffff00000000 R13=0000000000115136 R14=0000000000136430 R15=0000000000000000
RIP=0000000000100aa0 RFL=00010206 [-----P-] CPL=0 II=0 A20=1 SMM=0 HLT=0
ES =0010 0000000000000000 ffffffff 00af9300 DPL=0 DS   [-WA]
CS =0008 0000000000000000 ffffffff 00af9a00 DPL=0 CS64 [-R-]
SS =0010 0000000000000000 ffffffff 00af9300 DPL=0 DS   [-WA]
DS =0010 0000000000000000 ffffffff 00af9300 DPL=0 DS   [-WA]
FS =0018 0000000000000000 ffffffff 00cf9300 DPL=0 DS   [-WA]
GS =0018 0000000000000000 ffffffff 00cf9300 DPL=0 DS   [-WA]
LDT=0000 0000000000000000 0000ffff 00008200 DPL=0 LDT
TR =0000 0000000000000000 0000ffff 00008b00 DPL=0 TSS64-busy
GDT=     00000000001001d0 00000017
IDT=     0000000000142dc0 00000fff
CR0=80000011 CR2=0000000000000000 CR3=0000000001017000 CR4=00000020
DR0=0000000000000000 DR1=0000000000000000 DR2=0000000000000000 DR3=0000000000000000 
DR6=00000000ffff0ff0 DR7=0000000000000400
CCS=0000000000000004 CCD=000000000800ff18 CCO=EFLAGS
EFER=0000000000000500
Servicing hardware INT=0x20
    40: v=20 e=0000 i=0 cpl=0 IP=0008:0000000000100aa0 pc=0000000000100aa0 SP=0010:000000000800ffc8 env->regs[R_EAX]=0000000000000000
RAX=0000000000000000 RBX=00ffffff0000000a RCX=0000000000000008 RDX=0000000000000000
RSI=0000000000000001 RDI=0000000000000018 RBP=0000000000115136 RSP=000000000800ffc8
R8 =0000000000142d60 R9 =00000000fd0ef010 R10=00000000000ef000 R11=0000000000126de8
R12=00ffffff00000000 R13=0000000000115136 R14=0000000000136430 R15=0000000000000000
RIP=0000000000100aa0 RFL=00010206 [-----P-] CPL=0 II=0 A20=1 SMM=0 HLT=0
ES =0010 0000000000000000 ffffffff 00af9300 DPL=0 DS   [-WA]
CS =0008 0000000000000000 ffffffff 00af9a00 DPL=0 CS64 [-R-]
SS =0010 0000000000000000 ffffffff 00af9300 DPL=0 DS   [-WA]
DS =0010 0000000000000000 ffffffff 00af9300 DPL=0 DS   [-WA]
FS =0018 0000000000000000 ffffffff 00cf9300 DPL=0 DS   [-WA]
GS =0018 0000000000000000 ffffffff 00cf9300 DPL=0 DS   [-WA]
LDT=0000 0000000000000000 0000ffff 00008200 DPL=0 LDT
TR =0000 0000000000000000 0000ffff 00008b00 DPL=0 TSS64-busy
GDT=     00000000001001d0 00000017
IDT=     0000000000142dc0 00000fff
CR0=80000011 CR2=0000000000000000 CR3=0000000001017000 CR4=00000020
DR0=0000000000000000 DR1=0000000000000000 DR2=0000000000000000 DR3=0000000000000000 
DR6=00000000ffff0ff0 DR7=0000000000000400
CCS=0000000000000004 CCD=000000000800ff18 CCO=EFLAGS
EFER=0000000000000500
Servicing hardware INT=0x20
    41: v=20 e=0000 i=0 cpl=0 IP=0008:0000000000100aa0 pc=0000000000100aa0 SP=0010:000000000800ffc8 env->regs[R_EAX]=0000000000000000
RAX=0000000000000000 RBX=00ffffff0000000a RCX=0000000000000008 RDX=0000000000000000
RSI=0000000000000001 RDI=0000000000000018 RBP=0000000000115136 RSP=000000000800ffc8
R8 =0000000000142d60 R9 =00000000fd0ef010 R10=00000000000ef000 R11=0000000000126de8
R12=00ffffff00000000 R13=0000000000115136 R14=0000000000136430 R15=0000000000000000
RIP=0000000000100aa0 RFL=00000202 [-------] CPL=0 II=0 A20=1 SMM=0 HLT=0
ES =0010 0000000000000000 ffffffff 00af9300 DPL=0 DS   [-WA]
CS =0008 0000000000000000 ffffffff 00af9a00 DPL=0 CS64 [-R-]
SS =0010 0000000000000000 ffffffff 00af9300 DPL=0 DS   [-WA]
DS =0010 0000000000000000 ffffffff 00af9300 DPL=0 DS   [-WA]
FS =0018 0000000000000000 ffffffff 00cf9300 DPL=0 DS   [-WA]
GS =0018 0000000000000000 ffffffff 00cf9300 DPL=0 DS   [-WA]
LDT=0000 0000000000000000 0000ffff 00008200 DPL=0 LDT
TR =0000 0000000000000000 0000ffff 00008b00 DPL=0 TSS64-busy
GDT=     00000000001001d0 00000017
IDT=     0000000000142dc0 00000fff
CR0=80000011 CR2=0000000000000000 CR3=0000000001017000 CR4=00000020
DR0=0000000000000000 DR1=0000000000000000 DR2=0000000000000000 DR3=0000000000000000 
DR6=00000000ffff0ff0 DR7=0000000000000400
CCS=0000000000000000 CCD=00000000014a889d CCO=EFLAGS
EFER=0000000000000500
Servicing hardware INT=0x20
    42: v=20 e=0000 i=0 cpl=0 IP=0008:0000000000100aa0 pc=0000000000100aa0 SP=0010:000000000800ffc8 env->regs[R_EAX]=0000000000000000
RAX=0000000000000000 RBX=00ffffff0000000a RCX=0000000000000008 RDX=0000000000000000
RSI=0000000000000001 RDI=0000000000000018 RBP=0000000000115136 RSP=000000000800ffc8
R8 =0000000000142d60 R9 =00000000fd0ef010 R10=00000000000ef000 R11=0000000000126de8
R12=00ffffff00000000 R13=0000000000115136 R14=0000000000136430 R15=0000000000000000
RIP=0000000000100aa0 RFL=00000206 [-----P-] CPL=0 II=0 A20=1 SMM=0 HLT=0
ES =0010 0000000000000000 ffffffff 00af9300 DPL=0 DS   [-WA]
CS =0008 0000000000000000 ffffffff 00af9a00 DPL=0 CS64 [-R-]
SS =0010 0000000000000000 ffffffff 00af9300 DPL=0 DS   [-WA]
DS =0010 0000000000000000 ffffffff 00af9300 DPL=0 DS   [-WA]
FS =0018 0000000000000000 ffffffff 00cf9300 DPL=0 DS   [-WA]
GS =0018 0000000000000000 ffffffff 00cf9300 DPL=0 DS   [-WA]
LDT=0000 0000000000000000 0000ffff 00008200 DPL=0 LDT
TR =0000 0000000000000000 0000ffff 00008b00 DPL=0 TSS64-busy
GDT=     00000000001001d0 00000017
IDT=     0000000000142dc0 00000fff
CR0=80000011 CR2=0000000000000000 CR3=0000000001017000 CR4=00000020
DR0=0000000000000000 DR1=0000000000000000 DR2=0000000000000000 DR3=0000000000000000 
DR6=00000000ffff0ff0 DR7=0000000000000400
CCS=0000000000000004 CCD=00000000017caad8 CCO=EFLAGS
EFER=0000000000000500
Servicing hardware INT=0x20
    43: v=20 e=0000 i=0 cpl=0 IP=0008:0000000000100aa0 pc=0000000000100aa0 SP=0010:000000000800ffc8 env->regs[R_EAX]=0000000000000000
RAX=0000000000000000 RBX=00ffffff0000000a RCX=0000000000000008 RDX=0000000000000000
RSI=0000000000000001 RDI=0000000000000018 RBP=0000000000115136 RSP=000000000800ffc8
R8 =0000000000142d60 R9 =00000000fd0ef010 R10=00000000000ef000 R11=0000000000126de8
R12=00ffffff00000000 R13=0000000000115136 R14=0000000000136430 R15=0000000000000000
RIP=0000000000100aa0 RFL=00000202 [-------] CPL=0 II=0 A20=1 SMM=0 HLT=0
ES =0010 0000000000000000 ffffffff 00af9300 DPL=0 DS   [-WA]
CS =0008 0000000000000000 ffffffff 00af9a00 DPL=0 CS64 [-R-]
SS =0010 0000000000000000 ffffffff 00af9300 DPL=0 DS   [-WA]
DS =0010 0000000000000000 ffffffff 00af9300 DPL=0 DS   [-WA]
FS =0018 0000000000000000 ffffffff 00cf9300 DPL=0 DS   [-WA]
GS =0018 0000000000000000 ffffffff 00cf9300 DPL=0 DS   [-WA]
LDT=0000 0000000000000000 0000ffff 00008200 DPL=0 LDT
TR =0000 0000000000000000 0000ffff 00008b00 DPL=0 TSS64-busy
GDT=     00000000001001d0 00000017
IDT=     0000000000142dc0 00000fff
CR0=80000011 CR2=0000000000000000 CR3=0000000001017000 CR4=00000020
DR0=0000000000000000 DR1=0000000000000000 DR2=0000000000000000 DR3=0000000000000000 
DR6=00000000ffff0ff0 DR7=0000000000000400
CCS=0000000000000000 CCD=0000000001a645e9 CCO=EFLAGS
EFER=0000000000000500
Servicing hardware INT=0x20
    44: v=20 e=0000 i=0 cpl=0 IP=0008:0000000000100aa0 pc=0000000000100aa0 SP=0010:000000000800ffc8 env->regs[R_EAX]=0000000000000000
RAX=0000000000000000 RBX=00ffffff0000000a RCX=0000000000000008 RDX=0000000000000000
RSI=0000000000000001 RDI=0000000000000018 RBP=0000000000115136 RSP=000000000800ffc8
R8 =0000000000142d60 R9 =00000000fd0ef010 R10=00000000000ef000 R11=0000000000126de8
R12=00ffffff00000000 R13=0000000000115136 R14=0000000000136430 R15=0000000000000000
RIP=0000000000100aa0 RFL=00000202 [-------] CPL=0 II=0 A20=1 SMM=0 HLT=0
ES =0010 0000000000000000 ffffffff 00af9300 DPL=0 DS   [-WA]
CS =0008 0000000000000000 ffffffff 00af9a00 DPL=0 CS64 [-R-]
SS =0010 0000000000000000 ffffffff 00af9300 DPL=0 DS   [-WA]
DS =0010 0000000000000000 ffffffff 00af9300 DPL=0 DS   [-WA]
FS =0018 0000000000000000 ffffffff 00cf9300 DPL=0 DS   [-WA]
GS =0018 0000000000000000 ffffffff 00cf9300 DPL=0 DS   [-WA]
LDT=0000 0000000000000000 0000ffff 00008200 DPL=0 LDT
TR =0000 0000000000000000 0000ffff 00008b00 DPL=0 TSS64-busy
GDT=     00000000001001d0 00000017
IDT=     0000000000142dc0 00000fff
CR0=80000011 CR2=0000000000000000 CR3=0000000001017000 CR4=00000020
DR0=0000000000000000 DR1=0000000000000000 DR2=0000000000000000 DR3=0000000000000000 
DR6=00000000ffff0ff0 DR7=0000000000000400
CCS=0000000000000000 CCD=0000000001cc32a8 CCO=EFLAGS
EFER=0000000000000500
Servicing hardware INT=0x20
    45: v=20 e=0000 i=0 cpl=0 IP=0008:0000000000100aa0 pc=0000000000100aa0 SP=0010:000000000800ffc8 env->regs[R_EAX]=0000000000000000
RAX=0000000000000000 RBX=00ffffff0000000a RCX=0000000000000008 RDX=0000000000000000
RSI=0000000000000001 RDI=0000000000000018 RBP=0000000000115136 RSP=000000000800ffc8
R8 =0000000000142d60 R9 =00000000fd0ef010 R10=00000000000ef000 R11=0000000000126de8
R12=00ffffff00000000 R13=0000000000115136 R14=0000000000136430 R15=0000000000000000
RIP=0000000000100aa0 RFL=00000202 [-------] CPL=0 II=0 A20=1 SMM=0 HLT=0
ES =0010 0000000000000000 ffffffff 00af9300 DPL=0 DS   [-WA]
CS =0008 0000000000000000 ffffffff 00af9a00 DPL=0 CS64 [-R-]
SS =0010 0000000000000000 ffffffff 00af9300 DPL=0 DS   [-WA]
DS =0010 0000000000000000 ffffffff 00af9300 DPL=0 DS   [-WA]
FS =0018 0000000000000000 ffffffff 00cf9300 DPL=0 DS   [-WA]
GS =0018 0000000000000000 ffffffff 00cf9300 DPL=0 DS   [-WA]
LDT=0000 0000000000000000 0000ffff 00008200 DPL=0 LDT
TR =0000 0000000000000000 0000ffff 00008b00 DPL=0 TSS64-busy
GDT=     00000000001001d0 00000017
IDT=     0000000000142dc0 00000fff
CR0=80000011 CR2=0000000000000000 CR3=0000000001017000 CR4=00000020
DR0=0000000000000000 DR1=0000000000000000 DR2=0000000000000000 DR3=0000000000000000 
DR6=00000000ffff0ff0 DR7=0000000000000400
CCS=0000000000000000 CCD=0000000001f238c4 CCO=EFLAGS
EFER=0000000000000500
Servicing hardware INT=0x20
    46: v=20 e=0000 i=0 cpl=0 IP=0008:0000000000100aa0 pc=0000000000100aa0 SP=0010:000000000800ffc8 env->regs[R_EAX]=0000000000000000
RAX=0000000000000000 RBX=00ffffff0000000a RCX=0000000000000008 RDX=0000000000000000
RSI=0000000000000001 RDI=0000000000000018 RBP=0000000000115136 RSP=000000000800ffc8
R8 =0000000000142d60 R9 =00000000fd0ef010 R10=00000000000ef000 R11=0000000000126de8
R12=00ffffff00000000 R13=0000000000115136 R14=0000000000136430 R15=0000000000000000
RIP=0000000000100aa0 RFL=00000202 [-------] CPL=0 II=0 A20=1 SMM=0 HLT=0
ES =0010 0000000000000000 ffffffff 00af9300 DPL=0 DS   [-WA]
CS =0008 0000000000000000 ffffffff 00af9a00 DPL=0 CS64 [-R-]
SS =0010 0000000000000000 ffffffff 00af9300 DPL=0 DS   [-WA]
DS =0010 0000000000000000 ffffffff 00af9300 DPL=0 DS   [-WA]
FS =0018 0000000000000000 ffffffff 00cf9300 DPL=0 DS   [-WA]
GS =0018 0000000000000000 ffffffff 00cf9300 DPL=0 DS   [-WA]
LDT=0000 0000000000000000 0000ffff 00008200 DPL=0 LDT
TR =0000 0000000000000000 0000ffff 00008b00 DPL=0 TSS64-busy
GDT=     00000000001001d0 00000017
IDT=     0000000000142dc0 00000fff
CR0=80000011 CR2=0000000000000000 CR3=0000000001017000 CR4=00000020
DR0=0000000000000000 DR1=0000000000000000 DR2=0000000000000000 DR3=0000000000000000 
DR6=00000000ffff0ff0 DR7=0000000000000400
CCS=0000000000000000 CCD=000000000217ed49 CCO=EFLAGS
EFER=0000000000000500
Servicing hardware INT=0x20
    47: v=20 e=0000 i=0 cpl=0 IP=0008:0000000000100aa0 pc=0000000000100aa0 SP=0010:000000000800ffc8 env->regs[R_EAX]=0000000000000000
RAX=0000000000000000 RBX=00ffffff0000000a RCX=0000000000000008 RDX=0000000000000000
RSI=0000000000000001 RDI=0000000000000018 RBP=0000000000115136 RSP=000000000800ffc8
R8 =0000000000142d60 R9 =00000000fd0ef010 R10=00000000000ef000 R11=0000000000126de8
R12=00ffffff00000000 R13=0000000000115136 R14=0000000000136430 R15=0000000000000000
RIP=0000000000100aa0 RFL=00000202 [-------] CPL=0 II=0 A20=1 SMM=0 HLT=0
ES =0010 0000000000000000 ffffffff 00af9300 DPL=0 DS   [-WA]
CS =0008 0000000000000000 ffffffff 00af9a00 DPL=0 CS64 [-R-]
SS =0010 0000000000000000 ffffffff 00af9300 DPL=0 DS   [-WA]
DS =0010 0000000000000000 ffffffff 00af9300 DPL=0 DS   [-WA]
FS =0018 0000000000000000 ffffffff 00cf9300 DPL=0 DS   [-WA]
GS =0018 0000000000000000 ffffffff 00cf9300 DPL=0 DS   [-WA]
LDT=0000 0000000000000000 0000ffff 00008200 DPL=0 LDT
TR =0000 0000000000000000 0000ffff 00008b00 DPL=0 TSS64-busy
GDT=     00000000001001d0 00000017
IDT=     0000000000142dc0 00000fff
CR0=80000011 CR2=0000000000000000 CR3=0000000001017000 CR4=00000020
DR0=0000000000000000 DR1=0000000000000000 DR2=0000000000000000 DR3=0000000000000000 
DR6=00000000ffff0ff0 DR7=0000000000000400
CCS=0000000000000000 CCD=00000000023cb538 CCO=EFLAGS
EFER=0000000000000500
Servicing hardware INT=0x20
    48: v=20 e=0000 i=0 cpl=0 IP=0008:0000000000100aa0 pc=0000000000100aa0 SP=0010:000000000800ffc8 env->regs[R_EAX]=0000000000000000
RAX=0000000000000000 RBX=00ffffff0000000a RCX=0000000000000008 RDX=0000000000000000
RSI=0000000000000001 RDI=0000000000000018 RBP=0000000000115136 RSP=000000000800ffc8
R8 =0000000000142d60 R9 =00000000fd0ef010 R10=00000000000ef000 R11=0000000000126de8
R12=00ffffff00000000 R13=0000000000115136 R14=0000000000136430 R15=0000000000000000
RIP=0000000000100aa0 RFL=00000206 [-----P-] CPL=0 II=0 A20=1 SMM=0 HLT=0
ES =0010 0000000000000000 ffffffff 00af9300 DPL=0 DS   [-WA]
CS =0008 0000000000000000 ffffffff 00af9a00 DPL=0 CS64 [-R-]
SS =0010 0000000000000000 ffffffff 00af9300 DPL=0 DS   [-WA]
DS =0010 0000000000000000 ffffffff 00af9300 DPL=0 DS   [-WA]
FS =0018 0000000000000000 ffffffff 00cf9300 DPL=0 DS   [-WA]
GS =0018 0000000000000000 ffffffff 00cf9300 DPL=0 DS   [-WA]
LDT=0000 0000000000000000 0000ffff 00008200 DPL=0 LDT
TR =0000 0000000000000000 0000ffff 00008b00 DPL=0 TSS64-busy
GDT=     00000000001001d0 00000017
IDT=     0000000000142dc0 00000fff
CR0=80000011 CR2=0000000000000000 CR3=0000000001017000 CR4=00000020
DR0=0000000000000000 DR1=0000000000000000 DR2=0000000000000000 DR3=0000000000000000 
DR6=00000000ffff0ff0 DR7=0000000000000400
CCS=0000000000000004 CCD=000000000261f117 CCO=EFLAGS
EFER=0000000000000500
Servicing hardware INT=0x20
    49: v=20 e=0000 i=0 cpl=0 IP=0008:0000000000100a30 pc=0000000000100a30 SP=0010:000000000800ffc8 env->regs[R_EAX]=0000000000000000
RAX=0000000000000000 RBX=00ffffff0000000a RCX=0000000000000008 RDX=0000000000000000
RSI=0000000000000001 RDI=0000000000000018 RBP=000000000011512a RSP=000000000800ffc8
R8 =0000000000142d60 R9 =00000000fd0cf010 R10=00000000000cf000 R11=0000000000126de8
R12=00ffffff00000000 R13=000000000011512a R14=0000000000136430 R15=0000000000000000
RIP=0000000000100a30 RFL=00010206 [-----P-] CPL=0 II=0 A20=1 SMM=0 HLT=0
ES =0010 0000000000000000 ffffffff 00af9300 DPL=0 DS   [-WA]
CS =0008 0000000000000000 ffffffff 00af9a00 DPL=0 CS64 [-R-]
SS =0010 0000000000000000 ffffffff 00af9300 DPL=0 DS   [-WA]
DS =0010 0000000000000000 ffffffff 00af9300 DPL=0 DS   [-WA]
FS =0018 0000000000000000 ffffffff 00cf9300 DPL=0 DS   [-WA]
GS =0018 0000000000000000 ffffffff 00cf9300 DPL=0 DS   [-WA]
LDT=0000 0000000000000000 0000ffff 00008200 DPL=0 LDT
TR =0000 0000000000000000 0000ffff 00008b00 DPL=0 TSS64-busy
GDT=     00000000001001d0 00000017
IDT=     0000000000142dc0 00000fff
CR0=80000011 CR2=0000000000000000 CR3=0000000001000000 CR4=00000020
DR0=0000000000000000 DR1=0000000000000000 DR2=0000000000000000 DR3=0000000000000000 
DR6=00000000ffff0ff0 DR7=0000000000000400
CCS=0000000000000004 CCD=000000000800ff18 CCO=EFLAGS
EFER=0000000000000500
Servicing hardware INT=0x20
    50: v=20 e=0000 i=0 cpl=0 IP=0008:0000000000100a30 pc=0000000000100a30 SP=0010:000000000800ffc8 env->regs[R_EAX]=0000000000000000
RAX=0000000000000000 RBX=00ffffff0000000a RCX=0000000000000008 RDX=0000000000000000
RSI=0000000000000001 RDI=0000000000000018 RBP=000000000011512a RSP=000000000800ffc8
R8 =0000000000142d60 R9 =00000000fd0cf010 R10=00000000000cf000 R11=0000000000126de8
R12=00ffffff00000000 R13=000000000011512a R14=0000000000136430 R15=0000000000000000
RIP=0000000000100a30 RFL=00000206 [-----P-] CPL=0 II=0 A20=1 SMM=0 HLT=0
ES =0010 0000000000000000 ffffffff 00af9300 DPL=0 DS   [-WA]
CS =0008 0000000000000000 ffffffff 00af9a00 DPL=0 CS64 [-R-]
SS =0010 0000000000000000 ffffffff 00af9300 DPL=0 DS   [-WA]
DS =0010 0000000000000000 ffffffff 00af9300 DPL=0 DS   [-WA]
FS =0018 0000000000000000 ffffffff 00cf9300 DPL=0 DS   [-WA]
GS =0018 0000000000000000 ffffffff 00cf9300 DPL=0 DS   [-WA]
LDT=0000 0000000000000000 0000ffff 00008200 DPL=0 LDT
TR =0000 0000000000000000 0000ffff 00008b00 DPL=0 TSS64-busy
GDT=     00000000001001d0 00000017
IDT=     0000000000142dc0 00000fff
CR0=80000011 CR2=0000000000000000 CR3=0000000001000000 CR4=00000020
DR0=0000000000000000 DR1=0000000000000000 DR2=0000000000000000 DR3=0000000000000000 
DR6=00000000ffff0ff0 DR7=0000000000000400
CCS=0000000000000004 CCD=0000000002801baa CCO=EFLAGS
EFER=0000000000000500
Servicing hardware INT=0x20
    51: v=20 e=0000 i=0 cpl=0 IP=0008:0000000000100a30 pc=0000000000100a30 SP=0010:000000000800ffc8 env->regs[R_EAX]=0000000000000000
RAX=0000000000000000 RBX=00ffffff0000000a RCX=0000000000000008 RDX=0000000000000000
RSI=0000000000000001 RDI=0000000000000018 RBP=000000000011512a RSP=000000000800ffc8
R8 =0000000000142d60 R9 =00000000fd0cf010 R10=00000000000cf000 R11=0000000000126de8
R12=00ffffff00000000 R13=000000000011512a R14=0000000000136430 R15=0000000000000000
RIP=0000000000100a30 RFL=00000206 [-----P-] CPL=0 II=0 A20=1 SMM=0 HLT=0
ES =0010 0000000000000000 ffffffff 00af9300 DPL=0 DS   [-WA]
CS =0008 0000000000000000 ffffffff 00af9a00 DPL=0 CS64 [-R-]
SS =0010 0000000000000000 ffffffff 00af9300 DPL=0 DS   [-WA]
DS =0010 0000000000000000 ffffffff 00af9300 DPL=0 DS   [-WA]
FS =0018 0000000000000000 ffffffff 00cf9300 DPL=0 DS   [-WA]
GS =0018 0000000000000000 ffffffff 00cf9300 DPL=0 DS   [-WA]
LDT=0000 0000000000000000 0000ffff 00008200 DPL=0 LDT
TR =0000 0000000000000000 0000ffff 00008b00 DPL=0 TSS64-busy
GDT=     00000000001001d0 00000017
IDT=     0000000000142dc0 00000fff
CR0=80000011 CR2=0000000000000000 CR3=0000000001000000 CR4=00000020
DR0=0000000000000000 DR1=0000000000000000 DR2=0000000000000000 DR3=0000000000000000 
DR6=00000000ffff0ff0 DR7=0000000000000400
CCS=0000000000000004 CCD=0000000002a3e8f9 CCO=EFLAGS
EFER=0000000000000500
Servicing hardware INT=0x20
    52: v=20 e=0000 i=0 cpl=0 IP=0008:0000000000100a30 pc=0000000000100a30 SP=0010:000000000800ffc8 env->regs[R_EAX]=0000000000000000
RAX=0000000000000000 RBX=00ffffff0000000a RCX=0000000000000008 RDX=0000000000000000
RSI=0000000000000001 RDI=0000000000000018 RBP=000000000011512a RSP=000000000800ffc8
R8 =0000000000142d60 R9 =00000000fd0cf010 R10=00000000000cf000 R11=0000000000126de8
R12=00ffffff00000000 R13=000000000011512a R14=0000000000136430 R15=0000000000000000
RIP=0000000000100a30 RFL=00000202 [-------] CPL=0 II=0 A20=1 SMM=0 HLT=0
ES =0010 0000000000000000 ffffffff 00af9300 DPL=0 DS   [-WA]
CS =0008 0000000000000000 ffffffff 00af9a00 DPL=0 CS64 [-R-]
SS =0010 0000000000000000 ffffffff 00af9300 DPL=0 DS   [-WA]
DS =0010 0000000000000000 ffffffff 00af9300 DPL=0 DS   [-WA]
FS =0018 0000000000000000 ffffffff 00cf9300 DPL=0 DS   [-WA]
GS =0018 0000000000000000 ffffffff 00cf9300 DPL=0 DS   [-WA]
LDT=0000 0000000000000000 0000ffff 00008200 DPL=0 LDT
TR =0000 0000000000000000 0000ffff 00008b00 DPL=0 TSS64-busy
GDT=     00000000001001d0 00000017
IDT=     0000000000142dc0 00000fff
CR0=80000011 CR2=0000000000000000 CR3=0000000001000000 CR4=00000020
DR0=0000000000000000 DR1=0000000000000000 DR2=0000000000000000 DR3=0000000000000000 
DR6=00000000ffff0ff0 DR7=0000000000000400
CCS=0000000000000000 CCD=0000000002d907f2 CCO=EFLAGS
EFER=0000000000000500
Servicing hardware INT=0x20
    53: v=20 e=0000 i=0 cpl=0 IP=0008:0000000000100a30 pc=0000000000100a30 SP=0010:000000000800ffc8 env->regs[R_EAX]=0000000000000000
RAX=0000000000000000 RBX=00ffffff0000000a RCX=0000000000000008 RDX=0000000000000000
RSI=0000000000000001 RDI=0000000000000018 RBP=000000000011512a RSP=000000000800ffc8
R8 =0000000000142d60 R9 =00000000fd0cf010 R10=00000000000cf000 R11=0000000000126de8
R12=00ffffff00000000 R13=000000000011512a R14=0000000000136430 R15=0000000000000000
RIP=0000000000100a30 RFL=00010202 [-------] CPL=0 II=0 A20=1 SMM=0 HLT=0
ES =0010 0000000000000000 ffffffff 00af9300 DPL=0 DS   [-WA]
CS =0008 0000000000000000 ffffffff 00af9a00 DPL=0 CS64 [-R-]
SS =0010 0000000000000000 ffffffff 00af9300 DPL=0 DS   [-WA]
DS =0010 0000000000000000 ffffffff 00af9300 DPL=0 DS   [-WA]
FS =0018 0000000000000000 ffffffff 00cf9300 DPL=0 DS   [-WA]
GS =0018 0000000000000000 ffffffff 00cf9300 DPL=0 DS   [-WA]
LDT=0000 0000000000000000 0000ffff 00008200 DPL=0 LDT
TR =0000 0000000000000000 0000ffff 00008b00 DPL=0 TSS64-busy
GDT=     00000000001001d0 00000017
IDT=     0000000000142dc0 00000fff
CR0=80000011 CR2=0000000000000000 CR3=0000000001000000 CR4=00000020
DR0=0000000000000000 DR1=0000000000000000 DR2=0000000000000000 DR3=0000000000000000 
DR6=00000000ffff0ff0 DR7=0000000000000400
CCS=0000000000000000 CCD=000000000800ff18 CCO=EFLAGS
EFER=0000000000000500
Servicing hardware INT=0x20
    54: v=20 e=0000 i=0 cpl=0 IP=0008:0000000000100a30 pc=0000000000100a30 SP=0010:000000000800ffc8 env->regs[R_EAX]=0000000000000000
RAX=0000000000000000 RBX=00ffffff0000000a RCX=0000000000000008 RDX=0000000000000000
RSI=0000000000000001 RDI=0000000000000018 RBP=000000000011512a RSP=000000000800ffc8
R8 =0000000000142d60 R9 =00000000fd0cf010 R10=00000000000cf000 R11=0000000000126de8
R12=00ffffff00000000 R13=000000000011512a R14=0000000000136430 R15=0000000000000000
RIP=0000000000100a30 RFL=00000202 [-------] CPL=0 II=0 A20=1 SMM=0 HLT=0
ES =0010 0000000000000000 ffffffff 00af9300 DPL=0 DS   [-WA]
CS =0008 0000000000000000 ffffffff 00af9a00 DPL=0 CS64 [-R-]
SS =0010 0000000000000000 ffffffff 00af9300 DPL=0 DS   [-WA]
DS =0010 0000000000000000 ffffffff 00af9300 DPL=0 DS   [-WA]
FS =0018 0000000000000000 ffffffff 00cf9300 DPL=0 DS   [-WA]
GS =0018 0000000000000000 ffffffff 00cf9300 DPL=0 DS   [-WA]
LDT=0000 0000000000000000 0000ffff 00008200 DPL=0 LDT
TR =0000 0000000000000000 0000ffff 00008b00 DPL=0 TSS64-busy
GDT=     00000000001001d0 00000017
IDT=     0000000000142dc0 00000fff
CR0=80000011 CR2=0000000000000000 CR3=0000000001000000 CR4=00000020
DR0=0000000000000000 DR1=0000000000000000 DR2=0000000000000000 DR3=0000000000000000 
DR6=00000000ffff0ff0 DR7=0000000000000400
CCS=0000000000000000 CCD=0000000002e9c32a CCO=EFLAGS
EFER=0000000000000500
Servicing hardware INT=0x20
    55: v=20 e=0000 i=0 cpl=0 IP=0008:0000000000100a30 pc=0000000000100a30 SP=0010:000000000800ffc8 env->regs[R_EAX]=0000000000000000
RAX=0000000000000000 RBX=00ffffff0000000a RCX=0000000000000008 RDX=0000000000000000
RSI=0000000000000001 RDI=0000000000000018 RBP=000000000011512a RSP=000000000800ffc8
R8 =0000000000142d60 R9 =00000000fd0cf010 R10=00000000000cf000 R11=0000000000126de8
R12=00ffffff00000000 R13=000000000011512a R14=0000000000136430 R15=0000000000000000
RIP=0000000000100a30 RFL=00000206 [-----P-] CPL=0 II=0 A20=1 SMM=0 HLT=0
ES =0010 0000000000000000 ffffffff 00af9300 DPL=0 DS   [-WA]
CS =0008 0000000000000000 ffffffff 00af9a00 DPL=0 CS64 [-R-]
SS =0010 0000000000000000 ffffffff 00af9300 DPL=0 DS   [-WA]
DS =0010 0000000000000000 ffffffff 00af9300 DPL=0 DS   [-WA]
FS =0018 0000000000000000 ffffffff 00cf9300 DPL=0 DS   [-WA]
GS =0018 0000000000000000 ffffffff 00cf9300 DPL=0 DS   [-WA]
LDT=0000 0000000000000000 0000ffff 00008200 DPL=0 LDT
TR =0000 0000000000000000 0000ffff 00008b00 DPL=0 TSS64-busy
GDT=     00000000001001d0 00000017
IDT=     0000000000142dc0 00000fff
CR0=80000011 CR2=0000000000000000 CR3=0000000001000000 CR4=00000020
DR0=0000000000000000 DR1=0000000000000000 DR2=0000000000000000 DR3=0000000000000000 
DR6=00000000ffff0ff0 DR7=0000000000000400
CCS=0000000000000004 CCD=00000000031c4c7b CCO=EFLAGS
EFER=0000000000000500
Servicing hardware INT=0x20
    56: v=20 e=0000 i=0 cpl=0 IP=0008:0000000000100a30 pc=0000000000100a30 SP=0010:000000000800ffc8 env->regs[R_EAX]=0000000000000000
RAX=0000000000000000 RBX=00ffffff0000000a RCX=0000000000000008 RDX=0000000000000000
RSI=0000000000000001 RDI=0000000000000018 RBP=000000000011512a RSP=000000000800ffc8
R8 =0000000000142d60 R9 =00000000fd0cf010 R10=00000000000cf000 R11=0000000000126de8
R12=00ffffff00000000 R13=000000000011512a R14=0000000000136430 R15=0000000000000000
RIP=0000000000100a30 RFL=00000206 [-----P-] CPL=0 II=0 A20=1 SMM=0 HLT=0
ES =0010 0000000000000000 ffffffff 00af9300 DPL=0 DS   [-WA]
CS =0008 0000000000000000 ffffffff 00af9a00 DPL=0 CS64 [-R-]
SS =0010 0000000000000000 ffffffff 00af9300 DPL=0 DS   [-WA]
DS =0010 0000000000000000 ffffffff 00af9300 DPL=0 DS   [-WA]
FS =0018 0000000000000000 ffffffff 00cf9300 DPL=0 DS   [-WA]
GS =0018 0000000000000000 ffffffff 00cf9300 DPL=0 DS   [-WA]
LDT=0000 0000000000000000 0000ffff 00008200 DPL=0 LDT
TR =0000 0000000000000000 0000ffff 00008b00 DPL=0 TSS64-busy
GDT=     00000000001001d0 00000017
IDT=     0000000000142dc0 00000fff
CR0=80000011 CR2=0000000000000000 CR3=0000000001000000 CR4=00000020
DR0=0000000000000000 DR1=0000000000000000 DR2=0000000000000000 DR3=0000000000000000 
DR6=00000000ffff0ff0 DR7=0000000000000400
CCS=0000000000000004 CCD=00000000035102c6 CCO=EFLAGS
EFER=0000000000000500
Servicing hardware INT=0x20
    57: v=20 e=0000 i=0 cpl=0 IP=0008:0000000000100a30 pc=0000000000100a30 SP=0010:000000000800ffc8 env->regs[R_EAX]=0000000000000000
RAX=0000000000000000 RBX=00ffffff0000000a RCX=0000000000000008 RDX=0000000000000000
RSI=0000000000000001 RDI=0000000000000018 RBP=000000000011512a RSP=000000000800ffc8
R8 =0000000000142d60 R9 =00000000fd0cf010 R10=00000000000cf000 R11=0000000000126de8
R12=00ffffff00000000 R13=000000000011512a R14=0000000000136430 R15=0000000000000000
RIP=0000000000100a30 RFL=00000202 [-------] CPL=0 II=0 A20=1 SMM=0 HLT=0
ES =0010 0000000000000000 ffffffff 00af9300 DPL=0 DS   [-WA]
CS =0008 0000000000000000 ffffffff 00af9a00 DPL=0 CS64 [-R-]
SS =0010 0000000000000000 ffffffff 00af9300 DPL=0 DS   [-WA]
DS =0010 0000000000000000 ffffffff 00af9300 DPL=0 DS   [-WA]
FS =0018 0000000000000000 ffffffff 00cf9300 DPL=0 DS   [-WA]
GS =0018 0000000000000000 ffffffff 00cf9300 DPL=0 DS   [-WA]
LDT=0000 0000000000000000 0000ffff 00008200 DPL=0 LDT
TR =0000 0000000000000000 0000ffff 00008b00 DPL=0 TSS64-busy
GDT=     00000000001001d0 00000017
IDT=     0000000000142dc0 00000fff
CR0=80000011 CR2=0000000000000000 CR3=0000000001000000 CR4=00000020
DR0=0000000000000000 DR1=0000000000000000 DR2=0000000000000000 DR3=0000000000000000 
DR6=00000000ffff0ff0 DR7=0000000000000400
CCS=0000000000000000 CCD=00000000038483c7 CCO=EFLAGS
EFER=0000000000000500
Servicing hardware INT=0x20
    58: v=20 e=0000 i=0 cpl=0 IP=0008:0000000000100a30 pc=0000000000100a30 SP=0010:000000000800ffc8 env->regs[R_EAX]=0000000000000000
RAX=0000000000000000 RBX=00ffffff0000000a RCX=0000000000000008 RDX=0000000000000000
RSI=0000000000000001 RDI=0000000000000018 RBP=000000000011512a RSP=000000000800ffc8
R8 =0000000000142d60 R9 =00000000fd0cf010 R10=00000000000cf000 R11=0000000000126de8
R12=00ffffff00000000 R13=000000000011512a R14=0000000000136430 R15=0000000000000000
RIP=0000000000100a30 RFL=00000202 [-------] CPL=0 II=0 A20=1 SMM=0 HLT=0
ES =0010 0000000000000000 ffffffff 00af9300 DPL=0 DS   [-WA]
CS =0008 0000000000000000 ffffffff 00af9a00 DPL=0 CS64 [-R-]
SS =0010 0000000000000000 ffffffff 00af9300 DPL=0 DS   [-WA]
DS =0010 0000000000000000 ffffffff 00af9300 DPL=0 DS   [-WA]
FS =0018 0000000000000000 ffffffff 00cf9300 DPL=0 DS   [-WA]
GS =0018 0000000000000000 ffffffff 00cf9300 DPL=0 DS   [-WA]
LDT=0000 0000000000000000 0000ffff 00008200 DPL=0 LDT
TR =0000 0000000000000000 0000ffff 00008b00 DPL=0 TSS64-busy
GDT=     00000000001001d0 00000017
IDT=     0000000000142dc0 00000fff
CR0=80000011 CR2=0000000000000000 CR3=0000000001000000 CR4=00000020
DR0=0000000000000000 DR1=0000000000000000 DR2=0000000000000000 DR3=0000000000000000 
DR6=00000000ffff0ff0 DR7=0000000000000400
CCS=0000000000000000 CCD=0000000003baa81c CCO=EFLAGS
EFER=0000000000000500
Servicing hardware INT=0x20
    59: v=20 e=0000 i=0 cpl=0 IP=0008:0000000000100aa0 pc=0000000000100aa0 SP=0010:000000000800ffc8 env->regs[R_EAX]=0000000000000000
RAX=0000000000000000 RBX=00ffffff0000000a RCX=0000000000000008 RDX=0000000000000000
RSI=0000000000000001 RDI=0000000000000018 RBP=0000000000115136 RSP=000000000800ffc8
R8 =0000000000142d60 R9 =00000000fd0ef010 R10=00000000000ef000 R11=0000000000126de8
R12=00ffffff00000000 R13=0000000000115136 R14=0000000000136430 R15=0000000000000000
RIP=0000000000100aa0 RFL=00010206 [-----P-] CPL=0 II=0 A20=1 SMM=0 HLT=0
ES =0010 0000000000000000 ffffffff 00af9300 DPL=0 DS   [-WA]
CS =0008 0000000000000000 ffffffff 00af9a00 DPL=0 CS64 [-R-]
SS =0010 0000000000000000 ffffffff 00af9300 DPL=0 DS   [-WA]
DS =0010 0000000000000000 ffffffff 00af9300 DPL=0 DS   [-WA]
FS =0018 0000000000000000 ffffffff 00cf9300 DPL=0 DS   [-WA]
GS =0018 0000000000000000 ffffffff 00cf9300 DPL=0 DS   [-WA]
LDT=0000 0000000000000000 0000ffff 00008200 DPL=0 LDT
TR =0000 0000000000000000 0000ffff 00008b00 DPL=0 TSS64-busy
GDT=     00000000001001d0 00000017
IDT=     0000000000142dc0 00000fff
CR0=80000011 CR2=0000000000000000 CR3=0000000001017000 CR4=00000020
DR0=0000000000000000 DR1=0000000000000000 DR2=0000000000000000 DR3=0000000000000000 
DR6=00000000ffff0ff0 DR7=0000000000000400
CCS=0000000000000004 CCD=000000000800ff18 CCO=EFLAGS
EFER=0000000000000500
Servicing hardware INT=0x20
    60: v=20 e=0000 i=0 cpl=0 IP=0008:0000000000100aa0 pc=0000000000100aa0 SP=0010:000000000800ffc8 env->regs[R_EAX]=0000000000000000
RAX=0000000000000000 RBX=00ffffff0000000a RCX=0000000000000008 RDX=0000000000000000
RSI=0000000000000001 RDI=0000000000000018 RBP=0000000000115136 RSP=000000000800ffc8
R8 =0000000000142d60 R9 =00000000fd0ef010 R10=00000000000ef000 R11=0000000000126de8
R12=00ffffff00000000 R13=0000000000115136 R14=0000000000136430 R15=0000000000000000
RIP=0000000000100aa0 RFL=00000206 [-----P-] CPL=0 II=0 A20=1 SMM=0 HLT=0
ES =0010 0000000000000000 ffffffff 00af9300 DPL=0 DS   [-WA]
CS =0008 0000000000000000 ffffffff 00af9a00 DPL=0 CS64 [-R-]
SS =0010 0000000000000000 ffffffff 00af9300 DPL=0 DS   [-WA]
DS =0010 0000000000000000 ffffffff 00af9300 DPL=0 DS   [-WA]
FS =0018 0000000000000000 ffffffff 00cf9300 DPL=0 DS   [-WA]
GS =0018 0000000000000000 ffffffff 00cf9300 DPL=0 DS   [-WA]
LDT=0000 0000000000000000 0000ffff 00008200 DPL=0 LDT
TR =0000 0000000000000000 0000ffff 00008b00 DPL=0 TSS64-busy
GDT=     00000000001001d0 00000017
IDT=     0000000000142dc0 00000fff
CR0=80000011 CR2=0000000000000000 CR3=0000000001017000 CR4=00000020
DR0=0000000000000000 DR1=0000000000000000 DR2=0000000000000000 DR3=0000000000000000 
DR6=00000000ffff0ff0 DR7=0000000000000400
CCS=0000000000000004 CCD=00000000026f3dcc CCO=EFLAGS
EFER=0000000000000500
Servicing hardware INT=0x20
    61: v=20 e=0000 i=0 cpl=0 IP=0008:0000000000100aa0 pc=0000000000100aa0 SP=0010:000000000800ffc8 env->regs[R_EAX]=0000000000000000
RAX=0000000000000000 RBX=00ffffff0000000a RCX=0000000000000008 RDX=0000000000000000
RSI=0000000000000001 RDI=0000000000000018 RBP=0000000000115136 RSP=000000000800ffc8
R8 =0000000000142d60 R9 =00000000fd0ef010 R10=00000000000ef000 R11=0000000000126de8
R12=00ffffff00000000 R13=0000000000115136 R14=0000000000136430 R15=0000000000000000
RIP=0000000000100aa0 RFL=00000202 [-------] CPL=0 II=0 A20=1 SMM=0 HLT=0
ES =0010 0000000000000000 ffffffff 00af9300 DPL=0 DS   [-WA]
CS =0008 0000000000000000 ffffffff 00af9a00 DPL=0 CS64 [-R-]
SS =0010 0000000000000000 ffffffff 00af9300 DPL=0 DS   [-WA]
DS =0010 0000000000000000 ffffffff 00af9300 DPL=0 DS   [-WA]
FS =0018 0000000000000000 ffffffff 00cf9300 DPL=0 DS   [-WA]
GS =0018 0000000000000000 ffffffff 00cf9300 DPL=0 DS   [-WA]
LDT=0000 0000000000000000 0000ffff 00008200 DPL=0 LDT
TR =0000 0000000000000000 0000ffff 00008b00 DPL=0 TSS64-busy
GDT=     00000000001001d0 00000017
IDT=     0000000000142dc0 00000fff
CR0=80000011 CR2=0000000000000000 CR3=0000000001017000 CR4=00000020
DR0=0000000000000000 DR1=0000000000000000 DR2=0000000000000000 DR3=0000000000000000 
DR6=00000000ffff0ff0 DR7=0000000000000400
CCS=0000000000000000 CCD=0000000002968cc8 CCO=EFLAGS
EFER=0000000000000500
Servicing hardware INT=0x20
    62: v=20 e=0000 i=0 cpl=0 IP=0008:0000000000100aa0 pc=0000000000100aa0 SP=0010:000000000800ffc8 env->regs[R_EAX]=0000000000000000
RAX=0000000000000000 RBX=00ffffff0000000a RCX=0000000000000008 RDX=0000000000000000
RSI=0000000000000001 RDI=0000000000000018 RBP=0000000000115136 RSP=000000000800ffc8
R8 =0000000000142d60 R9 =00000000fd0ef010 R10=00000000000ef000 R11=0000000000126de8
R12=00ffffff00000000 R13=0000000000115136 R14=0000000000136430 R15=0000000000000000
RIP=0000000000100aa0 RFL=00000202 [-------] CPL=0 II=0 A20=1 SMM=0 HLT=0
ES =0010 0000000000000000 ffffffff 00af9300 DPL=0 DS   [-WA]
CS =0008 0000000000000000 ffffffff 00af9a00 DPL=0 CS64 [-R-]
SS =0010 0000000000000000 ffffffff 00af9300 DPL=0 DS   [-WA]
DS =0010 0000000000000000 ffffffff 00af9300 DPL=0 DS   [-WA]
FS =0018 0000000000000000 ffffffff 00cf9300 DPL=0 DS   [-WA]
GS =0018 0000000000000000 ffffffff 00cf9300 DPL=0 DS   [-WA]
LDT=0000 0000000000000000 0000ffff 00008200 DPL=0 LDT
TR =0000 0000000000000000 0000ffff 00008b00 DPL=0 TSS64-busy
GDT=     00000000001001d0 00000017
IDT=     0000000000142dc0 00000fff
CR0=80000011 CR2=0000000000000000 CR3=0000000001017000 CR4=00000020
DR0=0000000000000000 DR1=0000000000000000 DR2=0000000000000000 DR3=0000000000000000 
DR6=00000000ffff0ff0 DR7=0000000000000400
CCS=0000000000000000 CCD=0000000002bf0b29 CCO=EFLAGS
EFER=0000000000000500
Servicing hardware INT=0x20
    63: v=20 e=0000 i=0 cpl=0 IP=0008:0000000000100aa0 pc=0000000000100aa0 SP=0010:000000000800ffc8 env->regs[R_EAX]=0000000000000000
RAX=0000000000000000 RBX=00ffffff0000000a RCX=0000000000000008 RDX=0000000000000000
RSI=0000000000000001 RDI=0000000000000018 RBP=0000000000115136 RSP=000000000800ffc8
R8 =0000000000142d60 R9 =00000000fd0ef010 R10=00000000000ef000 R11=0000000000126de8
R12=00ffffff00000000 R13=0000000000115136 R14=0000000000136430 R15=0000000000000000
RIP=0000000000100aa0 RFL=00010202 [-------] CPL=0 II=0 A20=1 SMM=0 HLT=0
ES =0010 0000000000000000 ffffffff 00af9300 DPL=0 DS   [-WA]
CS =0008 0000000000000000 ffffffff 00af9a00 DPL=0 CS64 [-R-]
SS =0010 0000000000000000 ffffffff 00af9300 DPL=0 DS   [-WA]
DS =0010 0000000000000000 ffffffff 00af9300 DPL=0 DS   [-WA]
FS =0018 0000000000000000 ffffffff 00cf9300 DPL=0 DS   [-WA]
GS =0018 0000000000000000 ffffffff 00cf9300 DPL=0 DS   [-WA]
LDT=0000 0000000000000000 0000ffff 00008200 DPL=0 LDT
TR =0000 0000000000000000 0000ffff 00008b00 DPL=0 TSS64-busy
GDT=     00000000001001d0 00000017
IDT=     0000000000142dc0 00000fff
CR0=80000011 CR2=0000000000000000 CR3=0000000001017000 CR4=00000020
DR0=0000000000000000 DR1=0000000000000000 DR2=0000000000000000 DR3=0000000000000000 
DR6=00000000ffff0ff0 DR7=0000000000000400
CCS=0000000000000000 CCD=000000000800ff18 CCO=EFLAGS
EFER=0000000000000500
Servicing hardware INT=0x20
    64: v=20 e=0000 i=0 cpl=0 IP=0008:0000000000100aa0 pc=0000000000100aa0 SP=0010:000000000800ffc8 env->regs[R_EAX]=0000000000000000
RAX=0000000000000000 RBX=00ffffff0000000a RCX=0000000000000008 RDX=0000000000000000
RSI=0000000000000001 RDI=0000000000000018 RBP=0000000000115136 RSP=000000000800ffc8
R8 =0000000000142d60 R9 =00000000fd0ef010 R10=00000000000ef000 R11=0000000000126de8
R12=00ffffff00000000 R13=0000000000115136 R14=0000000000136430 R15=0000000000000000
RIP=0000000000100aa0 RFL=00000206 [-----P-] CPL=0 II=0 A20=1 SMM=0 HLT=0
ES =0010 0000000000000000 ffffffff 00af9300 DPL=0 DS   [-WA]
CS =0008 0000000000000000 ffffffff 00af9a00 DPL=0 CS64 [-R-]
SS =0010 0000000000000000 ffffffff 00af9300 DPL=0 DS   [-WA]
DS =0010 0000000000000000 ffffffff 00af9300 DPL=0 DS   [-WA]
FS =0018 0000000000000000 ffffffff 00cf9300 DPL=0 DS   [-WA]
GS =0018 0000000000000000 ffffffff 00cf9300 DPL=0 DS   [-WA]
LDT=0000 0000000000000000 0000ffff 00008200 DPL=0 LDT
TR =0000 0000000000000000 0000ffff 00008b00 DPL=0 TSS64-busy
GDT=     00000000001001d0 00000017
IDT=     0000000000142dc0 00000fff
CR0=80000011 CR2=0000000000000000 CR3=0000000001017000 CR4=00000020
DR0=0000000000000000 DR1=0000000000000000 DR2=0000000000000000 DR3=0000000000000000 
DR6=00000000ffff0ff0 DR7=0000000000000400
CCS=0000000000000004 CCD=0000000002e72a6f CCO=EFLAGS
EFER=0000000000000500
Servicing hardware INT=0x20
    65: v=20 e=0000 i=0 cpl=0 IP=0008:0000000000100aa0 pc=0000000000100aa0 SP=0010:000000000800ffc8 env->regs[R_EAX]=0000000000000000
RAX=0000000000000000 RBX=00ffffff0000000a RCX=0000000000000008 RDX=0000000000000000
RSI=0000000000000001 RDI=0000000000000018 RBP=0000000000115136 RSP=000000000800ffc8
R8 =0000000000142d60 R9 =00000000fd0ef010 R10=00000000000ef000 R11=0000000000126de8
R12=00ffffff00000000 R13=0000000000115136 R14=0000000000136430 R15=0000000000000000
RIP=0000000000100aa0 RFL=00000202 [-------] CPL=0 II=0 A20=1 SMM=0 HLT=0
ES =0010 0000000000000000 ffffffff 00af9300 DPL=0 DS   [-WA]
CS =0008 0000000000000000 ffffffff 00af9a00 DPL=0 CS64 [-R-]
SS =0010 0000000000000000 ffffffff 00af9300 DPL=0 DS   [-WA]
DS =0010 0000000000000000 ffffffff 00af9300 DPL=0 DS   [-WA]
FS =0018 0000000000000000 ffffffff 00cf9300 DPL=0 DS   [-WA]
GS =0018 0000000000000000 ffffffff 00cf9300 DPL=0 DS   [-WA]
LDT=0000 0000000000000000 0000ffff 00008200 DPL=0 LDT
TR =0000 0000000000000000 0000ffff 00008b00 DPL=0 TSS64-busy
GDT=     00000000001001d0 00000017
IDT=     0000000000142dc0 00000fff
CR0=80000011 CR2=0000000000000000 CR3=0000000001017000 CR4=00000020
DR0=0000000000000000 DR1=0000000000000000 DR2=0000000000000000 DR3=0000000000000000 
DR6=00000000ffff0ff0 DR7=0000000000000400
CCS=0000000000000000 CCD=0000000003172b4f CCO=EFLAGS
EFER=0000000000000500
Servicing hardware INT=0x20
    66: v=20 e=0000 i=0 cpl=0 IP=0008:0000000000100aa0 pc=0000000000100aa0 SP=0010:000000000800ffc8 env->regs[R_EAX]=0000000000000000
RAX=0000000000000000 RBX=00ffffff0000000a RCX=0000000000000008 RDX=0000000000000000
RSI=0000000000000001 RDI=0000000000000018 RBP=0000000000115136 RSP=000000000800ffc8
R8 =0000000000142d60 R9 =00000000fd0ef010 R10=00000000000ef000 R11=0000000000126de8
R12=00ffffff00000000 R13=0000000000115136 R14=0000000000136430 R15=0000000000000000
RIP=0000000000100aa0 RFL=00000216 [----AP-] CPL=0 II=0 A20=1 SMM=0 HLT=0
ES =0010 0000000000000000 ffffffff 00af9300 DPL=0 DS   [-WA]
CS =0008 0000000000000000 ffffffff 00af9a00 DPL=0 CS64 [-R-]
SS =0010 0000000000000000 ffffffff 00af9300 DPL=0 DS   [-WA]
DS =0010 0000000000000000 ffffffff 00af9300 DPL=0 DS   [-WA]
FS =0018 0000000000000000 ffffffff 00cf9300 DPL=0 DS   [-WA]
GS =0018 0000000000000000 ffffffff 00cf9300 DPL=0 DS   [-WA]
LDT=0000 0000000000000000 0000ffff 00008200 DPL=0 LDT
TR =0000 0000000000000000 0000ffff 00008b00 DPL=0 TSS64-busy
GDT=     00000000001001d0 00000017
IDT=     0000000000142dc0 00000fff
CR0=80000011 CR2=0000000000000000 CR3=0000000001017000 CR4=00000020
DR0=0000000000000000 DR1=0000000000000000 DR2=0000000000000000 DR3=0000000000000000 
DR6=00000000ffff0ff0 DR7=0000000000000400
CCS=0000000000000014 CCD=0000000003416cc0 CCO=EFLAGS
EFER=0000000000000500
Servicing hardware INT=0x20
    67: v=20 e=0000 i=0 cpl=0 IP=0008:0000000000100aa0 pc=0000000000100aa0 SP=0010:000000000800ffc8 env->regs[R_EAX]=0000000000000000
RAX=0000000000000000 RBX=00ffffff0000000a RCX=0000000000000008 RDX=0000000000000000
RSI=0000000000000001 RDI=0000000000000018 RBP=0000000000115136 RSP=000000000800ffc8
R8 =0000000000142d60 R9 =00000000fd0ef010 R10=00000000000ef000 R11=0000000000126de8
R12=00ffffff00000000 R13=0000000000115136 R14=0000000000136430 R15=0000000000000000
RIP=0000000000100aa0 RFL=00000206 [-----P-] CPL=0 II=0 A20=1 SMM=0 HLT=0
ES =0010 0000000000000000 ffffffff 00af9300 DPL=0 DS   [-WA]
CS =0008 0000000000000000 ffffffff 00af9a00 DPL=0 CS64 [-R-]
SS =0010 0000000000000000 ffffffff 00af9300 DPL=0 DS   [-WA]
DS =0010 0000000000000000 ffffffff 00af9300 DPL=0 DS   [-WA]
FS =0018 0000000000000000 ffffffff 00cf9300 DPL=0 DS   [-WA]
GS =0018 0000000000000000 ffffffff 00cf9300 DPL=0 DS   [-WA]
LDT=0000 0000000000000000 0000ffff 00008200 DPL=0 LDT
TR =0000 0000000000000000 0000ffff 00008b00 DPL=0 TSS64-busy
GDT=     00000000001001d0 00000017
IDT=     0000000000142dc0 00000fff
CR0=80000011 CR2=0000000000000000 CR3=0000000001017000 CR4=00000020
DR0=0000000000000000 DR1=0000000000000000 DR2=0000000000000000 DR3=0000000000000000 
DR6=00000000ffff0ff0 DR7=0000000000000400
CCS=0000000000000004 CCD=000000000377d71e CCO=EFLAGS
EFER=0000000000000500
Servicing hardware INT=0x20
    68: v=20 e=0000 i=0 cpl=0 IP=0008:0000000000100aa0 pc=0000000000100aa0 SP=0010:000000000800ffc8 env->regs[R_EAX]=0000000000000000
RAX=0000000000000000 RBX=00ffffff0000000a RCX=0000000000000008 RDX=0000000000000000
RSI=0000000000000001 RDI=0000000000000018 RBP=0000000000115136 RSP=000000000800ffc8
R8 =0000000000142d60 R9 =00000000fd0ef010 R10=00000000000ef000 R11=0000000000126de8
R12=00ffffff00000000 R13=0000000000115136 R14=0000000000136430 R15=0000000000000000
RIP=0000000000100aa0 RFL=00000216 [----AP-] CPL=0 II=0 A20=1 SMM=0 HLT=0
ES =0010 0000000000000000 ffffffff 00af9300 DPL=0 DS   [-WA]
CS =0008 0000000000000000 ffffffff 00af9a00 DPL=0 CS64 [-R-]
SS =0010 0000000000000000 ffffffff 00af9300 DPL=0 DS   [-WA]
DS =0010 0000000000000000 ffffffff 00af9300 DPL=0 DS   [-WA]
FS =0018 0000000000000000 ffffffff 00cf9300 DPL=0 DS   [-WA]
GS =0018 0000000000000000 ffffffff 00cf9300 DPL=0 DS   [-WA]
LDT=0000 0000000000000000 0000ffff 00008200 DPL=0 LDT
TR =0000 0000000000000000 0000ffff 00008b00 DPL=0 TSS64-busy
GDT=     00000000001001d0 00000017
IDT=     0000000000142dc0 00000fff
CR0=80000011 CR2=0000000000000000 CR3=0000000001017000 CR4=00000020
DR0=0000000000000000 DR1=0000000000000000 DR2=0000000000000000 DR3=0000000000000000 
DR6=00000000ffff0ff0 DR7=0000000000000400
CCS=0000000000000014 CCD=0000000003a7bc90 CCO=EFLAGS
EFER=0000000000000500
Servicing hardware INT=0x20
    69: v=20 e=0000 i=0 cpl=0 IP=0008:0000000000100a30 pc=0000000000100a30 SP=0010:000000000800ffc8 env->regs[R_EAX]=0000000000000000
RAX=0000000000000000 RBX=00ffffff0000000a RCX=0000000000000008 RDX=0000000000000000
RSI=0000000000000001 RDI=0000000000000018 RBP=000000000011512a RSP=000000000800ffc8
R8 =0000000000142d60 R9 =00000000fd0cf010 R10=00000000000cf000 R11=0000000000126de8
R12=00ffffff00000000 R13=000000000011512a R14=0000000000136430 R15=0000000000000000
RIP=0000000000100a30 RFL=00010202 [-------] CPL=0 II=0 A20=1 SMM=0 HLT=0
ES =0010 0000000000000000 ffffffff 00af9300 DPL=0 DS   [-WA]
CS =0008 0000000000000000 ffffffff 00af9a00 DPL=0 CS64 [-R-]
SS =0010 0000000000000000 ffffffff 00af9300 DPL=0 DS   [-WA]
DS =0010 0000000000000000 ffffffff 00af9300 DPL=0 DS   [-WA]
FS =0018 0000000000000000 ffffffff 00cf9300 DPL=0 DS   [-WA]
GS =0018 0000000000000000 ffffffff 00cf9300 DPL=0 DS   [-WA]
LDT=0000 0000000000000000 0000ffff 00008200 DPL=0 LDT
TR =0000 0000000000000000 0000ffff 00008b00 DPL=0 TSS64-busy
GDT=     00000000001001d0 00000017
IDT=     0000000000142dc0 00000fff
CR0=80000011 CR2=0000000000000000 CR3=0000000001000000 CR4=00000020
DR0=0000000000000000 DR1=0000000000000000 DR2=0000000000000000 DR3=0000000000000000 
DR6=00000000ffff0ff0 DR7=0000000000000400
CCS=0000000000000000 CCD=000000000800ff18 CCO=EFLAGS
EFER=0000000000000500
Servicing hardware INT=0x20
    70: v=20 e=0000 i=0 cpl=0 IP=0008:0000000000100a30 pc=0000000000100a30 SP=0010:000000000800ffc8 env->regs[R_EAX]=0000000000000000
RAX=0000000000000000 RBX=00ffffff0000000a RCX=0000000000000008 RDX=0000000000000000
RSI=0000000000000001 RDI=0000000000000018 RBP=000000000011512a RSP=000000000800ffc8
R8 =0000000000142d60 R9 =00000000fd0cf010 R10=00000000000cf000 R11=0000000000126de8
R12=00ffffff00000000 R13=000000000011512a R14=0000000000136430 R15=0000000000000000
RIP=0000000000100a30 RFL=00010202 [-------] CPL=0 II=0 A20=1 SMM=0 HLT=0
ES =0010 0000000000000000 ffffffff 00af9300 DPL=0 DS   [-WA]
CS =0008 0000000000000000 ffffffff 00af9a00 DPL=0 CS64 [-R-]
SS =0010 0000000000000000 ffffffff 00af9300 DPL=0 DS   [-WA]
DS =0010 0000000000000000 ffffffff 00af9300 DPL=0 DS   [-WA]
FS =0018 0000000000000000 ffffffff 00cf9300 DPL=0 DS   [-WA]
GS =0018 0000000000000000 ffffffff 00cf9300 DPL=0 DS   [-WA]
LDT=0000 0000000000000000 0000ffff 00008200 DPL=0 LDT
TR =0000 0000000000000000 0000ffff 00008b00 DPL=0 TSS64-busy
GDT=     00000000001001d0 00000017
IDT=     0000000000142dc0 00000fff
CR0=80000011 CR2=0000000000000000 CR3=0000000001000000 CR4=00000020
DR0=0000000000000000 DR1=0000000000000000 DR2=0000000000000000 DR3=0000000000000000 
DR6=00000000ffff0ff0 DR7=0000000000000400
CCS=0000000000000000 CCD=000000000800ff18 CCO=EFLAGS
EFER=0000000000000500
Servicing hardware INT=0x20
    71: v=20 e=0000 i=0 cpl=0 IP=0008:0000000000100a30 pc=0000000000100a30 SP=0010:000000000800ffc8 env->regs[R_EAX]=0000000000000000
RAX=0000000000000000 RBX=00ffffff0000000a RCX=0000000000000008 RDX=0000000000000000
RSI=0000000000000001 RDI=0000000000000018 RBP=000000000011512a RSP=000000000800ffc8
R8 =0000000000142d60 R9 =00000000fd0cf010 R10=00000000000cf000 R11=0000000000126de8
R12=00ffffff00000000 R13=000000000011512a R14=0000000000136430 R15=0000000000000000
RIP=0000000000100a30 RFL=00000202 [-------] CPL=0 II=0 A20=1 SMM=0 HLT=0
ES =0010 0000000000000000 ffffffff 00af9300 DPL=0 DS   [-WA]
CS =0008 0000000000000000 ffffffff 00af9a00 DPL=0 CS64 [-R-]
SS =0010 0000000000000000 ffffffff 00af9300 DPL=0 DS   [-WA]
DS =0010 0000000000000000 ffffffff 00af9300 DPL=0 DS   [-WA]
FS =0018 0000000000000000 ffffffff 00cf9300 DPL=0 DS   [-WA]
GS =0018 0000000000000000 ffffffff 00cf9300 DPL=0 DS   [-WA]
LDT=0000 0000000000000000 0000ffff 00008200 DPL=0 LDT
TR =0000 0000000000000000 0000ffff 00008b00 DPL=0 TSS64-busy
GDT=     00000000001001d0 00000017
IDT=     0000000000142dc0 00000fff
CR0=80000011 CR2=0000000000000000 CR3=0000000001000000 CR4=00000020
DR0=0000000000000000 DR1=0000000000000000 DR2=0000000000000000 DR3=0000000000000000 
DR6=00000000ffff0ff0 DR7=0000000000000400
CCS=0000000000000000 CCD=0000000003ca4f92 CCO=EFLAGS
EFER=0000000000000500
Servicing hardware INT=0x20
    72: v=20 e=0000 i=0 cpl=0 IP=0008:0000000000100a30 pc=0000000000100a30 SP=0010:000000000800ffc8 env->regs[R_EAX]=0000000000000000
RAX=0000000000000000 RBX=00ffffff0000000a RCX=0000000000000008 RDX=0000000000000000
RSI=0000000000000001 RDI=0000000000000018 RBP=000000000011512a RSP=000000000800ffc8
R8 =0000000000142d60 R9 =00000000fd0cf010 R10=00000000000cf000 R11=0000000000126de8
R12=00ffffff00000000 R13=000000000011512a R14=0000000000136430 R15=0000000000000000
RIP=0000000000100a30 RFL=00000202 [-------] CPL=0 II=0 A20=1 SMM=0 HLT=0
ES =0010 0000000000000000 ffffffff 00af9300 DPL=0 DS   [-WA]
CS =0008 0000000000000000 ffffffff 00af9a00 DPL=0 CS64 [-R-]
SS =0010 0000000000000000 ffffffff 00af9300 DPL=0 DS   [-WA]
DS =0010 0000000000000000 ffffffff 00af9300 DPL=0 DS   [-WA]
FS =0018 0000000000000000 ffffffff 00cf9300 DPL=0 DS   [-WA]
GS =0018 0000000000000000 ffffffff 00cf9300 DPL=0 DS   [-WA]
LDT=0000 0000000000000000 0000ffff 00008200 DPL=0 LDT
TR =0000 0000000000000000 0000ffff 00008b00 DPL=0 TSS64-busy
GDT=     00000000001001d0 00000017
IDT=     0000000000142dc0 00000fff
CR0=80000011 CR2=0000000000000000 CR3=0000000001000000 CR4=00000020
DR0=0000000000000000 DR1=0000000000000000 DR2=0000000000000000 DR3=0000000000000000 
DR6=00000000ffff0ff0 DR7=0000000000000400
CCS=0000000000000000 CCD=0000000003fe29d9 CCO=EFLAGS
EFER=0000000000000500
Servicing hardware INT=0x20
    73: v=20 e=0000 i=0 cpl=0 IP=0008:0000000000100a30 pc=0000000000100a30 SP=0010:000000000800ffc8 env->regs[R_EAX]=0000000000000000
RAX=0000000000000000 RBX=00ffffff0000000a RCX=0000000000000008 RDX=0000000000000000
RSI=0000000000000001 RDI=0000000000000018 RBP=000000000011512a RSP=000000000800ffc8
R8 =0000000000142d60 R9 =00000000fd0cf010 R10=00000000000cf000 R11=0000000000126de8
R12=00ffffff00000000 R13=000000000011512a R14=0000000000136430 R15=0000000000000000
RIP=0000000000100a30 RFL=00000206 [-----P-] CPL=0 II=0 A20=1 SMM=0 HLT=0
ES =0010 0000000000000000 ffffffff 00af9300 DPL=0 DS   [-WA]
CS =0008 0000000000000000 ffffffff 00af9a00 DPL=0 CS64 [-R-]
SS =0010 0000000000000000 ffffffff 00af9300 DPL=0 DS   [-WA]
DS =0010 0000000000000000 ffffffff 00af9300 DPL=0 DS   [-WA]
FS =0018 0000000000000000 ffffffff 00cf9300 DPL=0 DS   [-WA]
GS =0018 0000000000000000 ffffffff 00cf9300 DPL=0 DS   [-WA]
LDT=0000 0000000000000000 0000ffff 00008200 DPL=0 LDT
TR =0000 0000000000000000 0000ffff 00008b00 DPL=0 TSS64-busy
GDT=     00000000001001d0 00000017
IDT=     0000000000142dc0 00000fff
CR0=80000011 CR2=0000000000000000 CR3=0000000001000000 CR4=00000020
DR0=0000000000000000 DR1=0000000000000000 DR2=0000000000000000 DR3=0000000000000000 
DR6=00000000ffff0ff0 DR7=0000000000000400
CCS=0000000000000004 CCD=000000000433d8e4 CCO=EFLAGS
EFER=0000000000000500
Servicing hardware INT=0x20
    74: v=20 e=0000 i=0 cpl=0 IP=0008:0000000000100a30 pc=0000000000100a30 SP=0010:000000000800ffc8 env->regs[R_EAX]=0000000000000000
RAX=0000000000000000 RBX=00ffffff0000000a RCX=0000000000000008 RDX=0000000000000000
RSI=0000000000000001 RDI=0000000000000018 RBP=000000000011512a RSP=000000000800ffc8
R8 =0000000000142d60 R9 =00000000fd0cf010 R10=00000000000cf000 R11=0000000000126de8
R12=00ffffff00000000 R13=000000000011512a R14=0000000000136430 R15=0000000000000000
RIP=0000000000100a30 RFL=00000202 [-------] CPL=0 II=0 A20=1 SMM=0 HLT=0
ES =0010 0000000000000000 ffffffff 00af9300 DPL=0 DS   [-WA]
CS =0008 0000000000000000 ffffffff 00af9a00 DPL=0 CS64 [-R-]
SS =0010 0000000000000000 ffffffff 00af9300 DPL=0 DS   [-WA]
DS =0010 0000000000000000 ffffffff 00af9300 DPL=0 DS   [-WA]
FS =0018 0000000000000000 ffffffff 00cf9300 DPL=0 DS   [-WA]
GS =0018 0000000000000000 ffffffff 00cf9300 DPL=0 DS   [-WA]
LDT=0000 0000000000000000 0000ffff 00008200 DPL=0 LDT
TR =0000 0000000000000000 0000ffff 00008b00 DPL=0 TSS64-busy
GDT=     00000000001001d0 00000017
IDT=     0000000000142dc0 00000fff
CR0=80000011 CR2=0000000000000000 CR3=0000000001000000 CR4=00000020
DR0=0000000000000000 DR1=0000000000000000 DR2=0000000000000000 DR3=0000000000000000 
DR6=00000000ffff0ff0 DR7=0000000000000400
CCS=0000000000000000 CCD=000000000469c431 CCO=EFLAGS
EFER=0000000000000500
Servicing hardware INT=0x20
    75: v=20 e=0000 i=0 cpl=0 IP=0008:0000000000100a30 pc=0000000000100a30 SP=0010:000000000800ffc8 env->regs[R_EAX]=0000000000000000
RAX=0000000000000000 RBX=00ffffff0000000a RCX=0000000000000008 RDX=0000000000000000
RSI=0000000000000001 RDI=0000000000000018 RBP=000000000011512a RSP=000000000800ffc8
R8 =0000000000142d60 R9 =00000000fd0cf010 R10=00000000000cf000 R11=0000000000126de8
R12=00ffffff00000000 R13=000000000011512a R14=0000000000136430 R15=0000000000000000
RIP=0000000000100a30 RFL=00000206 [-----P-] CPL=0 II=0 A20=1 SMM=0 HLT=0
ES =0010 0000000000000000 ffffffff 00af9300 DPL=0 DS   [-WA]
CS =0008 0000000000000000 ffffffff 00af9a00 DPL=0 CS64 [-R-]
SS =0010 0000000000000000 ffffffff 00af9300 DPL=0 DS   [-WA]
DS =0010 0000000000000000 ffffffff 00af9300 DPL=0 DS   [-WA]
FS =0018 0000000000000000 ffffffff 00cf9300 DPL=0 DS   [-WA]
GS =0018 0000000000000000 ffffffff 00cf9300 DPL=0 DS   [-WA]
LDT=0000 0000000000000000 0000ffff 00008200 DPL=0 LDT
TR =0000 0000000000000000 0000ffff 00008b00 DPL=0 TSS64-busy
GDT=     00000000001001d0 00000017
IDT=     0000000000142dc0 00000fff
CR0=80000011 CR2=0000000000000000 CR3=0000000001000000 CR4=00000020
DR0=0000000000000000 DR1=0000000000000000 DR2=0000000000000000 DR3=0000000000000000 
DR6=00000000ffff0ff0 DR7=0000000000000400
CCS=0000000000000004 CCD=0000000004924c09 CCO=EFLAGS
EFER=0000000000000500
Servicing hardware INT=0x20
    76: v=20 e=0000 i=0 cpl=0 IP=0008:0000000000100a30 pc=0000000000100a30 SP=0010:000000000800ffc8 env->regs[R_EAX]=0000000000000000
RAX=0000000000000000 RBX=00ffffff0000000a RCX=0000000000000008 RDX=0000000000000000
RSI=0000000000000001 RDI=0000000000000018 RBP=000000000011512a RSP=000000000800ffc8
R8 =0000000000142d60 R9 =00000000fd0cf010 R10=00000000000cf000 R11=0000000000126de8
R12=00ffffff00000000 R13=000000000011512a R14=0000000000136430 R15=0000000000000000
RIP=0000000000100a30 RFL=00000206 [-----P-] CPL=0 II=0 A20=1 SMM=0 HLT=0
ES =0010 0000000000000000 ffffffff 00af9300 DPL=0 DS   [-WA]
CS =0008 0000000000000000 ffffffff 00af9a00 DPL=0 CS64 [-R-]
SS =0010 0000000000000000 ffffffff 00af9300 DPL=0 DS   [-WA]
DS =0010 0000000000000000 ffffffff 00af9300 DPL=0 DS   [-WA]
FS =0018 0000000000000000 ffffffff 00cf9300 DPL=0 DS   [-WA]
GS =0018 0000000000000000 ffffffff 00cf9300 DPL=0 DS   [-WA]
LDT=0000 0000000000000000 0000ffff 00008200 DPL=0 LDT
TR =0000 0000000000000000 0000ffff 00008b00 DPL=0 TSS64-busy
GDT=     00000000001001d0 00000017
IDT=     0000000000142dc0 00000fff
CR0=80000011 CR2=0000000000000000 CR3=0000000001000000 CR4=00000020
DR0=0000000000000000 DR1=0000000000000000 DR2=0000000000000000 DR3=0000000000000000 
DR6=00000000ffff0ff0 DR7=0000000000000400
CCS=0000000000000004 CCD=0000000004b8d7a9 CCO=EFLAGS
EFER=0000000000000500
Servicing hardware INT=0x20
    77: v=20 e=0000 i=0 cpl=0 IP=0008:0000000000100a30 pc=0000000000100a30 SP=0010:000000000800ffc8 env->regs[R_EAX]=0000000000000000
RAX=0000000000000000 RBX=00ffffff0000000a RCX=0000000000000008 RDX=0000000000000000
RSI=0000000000000001 RDI=0000000000000018 RBP=000000000011512a RSP=000000000800ffc8
R8 =0000000000142d60 R9 =00000000fd0cf010 R10=00000000000cf000 R11=0000000000126de8
R12=00ffffff00000000 R13=000000000011512a R14=0000000000136430 R15=0000000000000000
RIP=0000000000100a30 RFL=00000206 [-----P-] CPL=0 II=0 A20=1 SMM=0 HLT=0
ES =0010 0000000000000000 ffffffff 00af9300 DPL=0 DS   [-WA]
CS =0008 0000000000000000 ffffffff 00af9a00 DPL=0 CS64 [-R-]
SS =0010 0000000000000000 ffffffff 00af9300 DPL=0 DS   [-WA]
DS =0010 0000000000000000 ffffffff 00af9300 DPL=0 DS   [-WA]
FS =0018 0000000000000000 ffffffff 00cf9300 DPL=0 DS   [-WA]
GS =0018 0000000000000000 ffffffff 00cf9300 DPL=0 DS   [-WA]
LDT=0000 0000000000000000 0000ffff 00008200 DPL=0 LDT
TR =0000 0000000000000000 0000ffff 00008b00 DPL=0 TSS64-busy
GDT=     00000000001001d0 00000017
IDT=     0000000000142dc0 00000fff
CR0=80000011 CR2=0000000000000000 CR3=0000000001000000 CR4=00000020
DR0=0000000000000000 DR1=0000000000000000 DR2=0000000000000000 DR3=0000000000000000 
DR6=00000000ffff0ff0 DR7=0000000000000400
CCS=0000000000000004 CCD=0000000004ebcfe1 CCO=EFLAGS
EFER=0000000000000500
Servicing hardware INT=0x20
    78: v=20 e=0000 i=0 cpl=0 IP=0008:0000000000100a30 pc=0000000000100a30 SP=0010:000000000800ffc8 env->regs[R_EAX]=0000000000000000
RAX=0000000000000000 RBX=00ffffff0000000a RCX=0000000000000008 RDX=0000000000000000
RSI=0000000000000001 RDI=0000000000000018 RBP=000000000011512a RSP=000000000800ffc8
R8 =0000000000142d60 R9 =00000000fd0cf010 R10=00000000000cf000 R11=0000000000126de8
R12=00ffffff00000000 R13=000000000011512a R14=0000000000136430 R15=0000000000000000
RIP=0000000000100a30 RFL=00000202 [-------] CPL=0 II=0 A20=1 SMM=0 HLT=0
ES =0010 0000000000000000 ffffffff 00af9300 DPL=0 DS   [-WA]
CS =0008 0000000000000000 ffffffff 00af9a00 DPL=0 CS64 [-R-]
SS =0010 0000000000000000 ffffffff 00af9300 DPL=0 DS   [-WA]
DS =0010 0000000000000000 ffffffff 00af9300 DPL=0 DS   [-WA]
FS =0018 0000000000000000 ffffffff 00cf9300 DPL=0 DS   [-WA]
GS =0018 0000000000000000 ffffffff 00cf9300 DPL=0 DS   [-WA]
LDT=0000 0000000000000000 0000ffff 00008200 DPL=0 LDT
TR =0000 0000000000000000 0000ffff 00008b00 DPL=0 TSS64-busy
GDT=     00000000001001d0 00000017
IDT=     0000000000142dc0 00000fff
CR0=80000011 CR2=0000000000000000 CR3=0000000001000000 CR4=00000020
DR0=0000000000000000 DR1=0000000000000000 DR2=0000000000000000 DR3=0000000000000000 
DR6=00000000ffff0ff0 DR7=0000000000000400
CCS=0000000000000000 CCD=000000000513e6ba CCO=EFLAGS
EFER=0000000000000500
Servicing hardware INT=0x20
    79: v=20 e=0000 i=0 cpl=0 IP=0008:0000000000100aa0 pc=0000000000100aa0 SP=0010:000000000800ffc8 env->regs[R_EAX]=0000000000000000
RAX=0000000000000000 RBX=00ffffff0000000a RCX=0000000000000008 RDX=0000000000000000
RSI=0000000000000001 RDI=0000000000000018 RBP=0000000000115136 RSP=000000000800ffc8
R8 =0000000000142d60 R9 =00000000fd0ef010 R10=00000000000ef000 R11=0000000000126de8
R12=00ffffff00000000 R13=0000000000115136 R14=0000000000136430 R15=0000000000000000
RIP=0000000000100aa0 RFL=00010216 [----AP-] CPL=0 II=0 A20=1 SMM=0 HLT=0
ES =0010 0000000000000000 ffffffff 00af9300 DPL=0 DS   [-WA]
CS =0008 0000000000000000 ffffffff 00af9a00 DPL=0 CS64 [-R-]
SS =0010 0000000000000000 ffffffff 00af9300 DPL=0 DS   [-WA]
DS =0010 0000000000000000 ffffffff 00af9300 DPL=0 DS   [-WA]
FS =0018 0000000000000000 ffffffff 00cf9300 DPL=0 DS   [-WA]
GS =0018 0000000000000000 ffffffff 00cf9300 DPL=0 DS   [-WA]
LDT=0000 0000000000000000 0000ffff 00008200 DPL=0 LDT
TR =0000 0000000000000000 0000ffff 00008b00 DPL=0 TSS64-busy
GDT=     00000000001001d0 00000017
IDT=     0000000000142dc0 00000fff
CR0=80000011 CR2=0000000000000000 CR3=0000000001017000 CR4=00000020
DR0=0000000000000000 DR1=0000000000000000 DR2=0000000000000000 DR3=0000000000000000 
DR6=00000000ffff0ff0 DR7=0000000000000400
CCS=0000000000000014 CCD=000000000800ff18 CCO=EFLAGS
EFER=0000000000000500
Servicing hardware INT=0x20
    80: v=20 e=0000 i=0 cpl=0 IP=0008:0000000000100aa0 pc=0000000000100aa0 SP=0010:000000000800ffc8 env->regs[R_EAX]=0000000000000000
RAX=0000000000000000 RBX=00ffffff0000000a RCX=0000000000000008 RDX=0000000000000000
RSI=0000000000000001 RDI=0000000000000018 RBP=0000000000115136 RSP=000000000800ffc8
R8 =0000000000142d60 R9 =00000000fd0ef010 R10=00000000000ef000 R11=0000000000126de8
R12=00ffffff00000000 R13=0000000000115136 R14=0000000000136430 R15=0000000000000000
RIP=0000000000100aa0 RFL=00000206 [-----P-] CPL=0 II=0 A20=1 SMM=0 HLT=0
ES =0010 0000000000000000 ffffffff 00af9300 DPL=0 DS   [-WA]
CS =0008 0000000000000000 ffffffff 00af9a00 DPL=0 CS64 [-R-]
SS =0010 0000000000000000 ffffffff 00af9300 DPL=0 DS   [-WA]
DS =0010 0000000000000000 ffffffff 00af9300 DPL=0 DS   [-WA]
FS =0018 0000000000000000 ffffffff 00cf9300 DPL=0 DS   [-WA]
GS =0018 0000000000000000 ffffffff 00cf9300 DPL=0 DS   [-WA]
LDT=0000 0000000000000000 0000ffff 00008200 DPL=0 LDT
TR =0000 0000000000000000 0000ffff 00008b00 DPL=0 TSS64-busy
GDT=     00000000001001d0 00000017
IDT=     0000000000142dc0 00000fff
CR0=80000011 CR2=0000000000000000 CR3=0000000001017000 CR4=00000020
DR0=0000000000000000 DR1=0000000000000000 DR2=0000000000000000 DR3=0000000000000000 
DR6=00000000ffff0ff0 DR7=0000000000000400
CCS=0000000000000004 CCD=0000000003d0f8e8 CCO=EFLAGS
EFER=0000000000000500
Servicing hardware INT=0x20
    81: v=20 e=0000 i=0 cpl=0 IP=0008:0000000000100aa0 pc=0000000000100aa0 SP=0010:000000000800ffc8 env->regs[R_EAX]=0000000000000000
RAX=0000000000000000 RBX=00ffffff0000000a RCX=0000000000000008 RDX=0000000000000000
RSI=0000000000000001 RDI=0000000000000018 RBP=0000000000115136 RSP=000000000800ffc8
R8 =0000000000142d60 R9 =00000000fd0ef010 R10=00000000000ef000 R11=0000000000126de8
R12=00ffffff00000000 R13=0000000000115136 R14=0000000000136430 R15=0000000000000000
RIP=0000000000100aa0 RFL=00000202 [-------] CPL=0 II=0 A20=1 SMM=0 HLT=0
ES =0010 0000000000000000 ffffffff 00af9300 DPL=0 DS   [-WA]
CS =0008 0000000000000000 ffffffff 00af9a00 DPL=0 CS64 [-R-]
SS =0010 0000000000000000 ffffffff 00af9300 DPL=0 DS   [-WA]
DS =0010 0000000000000000 ffffffff 00af9300 DPL=0 DS   [-WA]
FS =0018 0000000000000000 ffffffff 00cf9300 DPL=0 DS   [-WA]
GS =0018 0000000000000000 ffffffff 00cf9300 DPL=0 DS   [-WA]
LDT=0000 0000000000000000 0000ffff 00008200 DPL=0 LDT
TR =0000 0000000000000000 0000ffff 00008b00 DPL=0 TSS64-busy
GDT=     00000000001001d0 00000017
IDT=     0000000000142dc0 00000fff
CR0=80000011 CR2=0000000000000000 CR3=0000000001017000 CR4=00000020
DR0=0000000000000000 DR1=0000000000000000 DR2=0000000000000000 DR3=0000000000000000 
DR6=00000000ffff0ff0 DR7=0000000000000400
CCS=0000000000000000 CCD=0000000004062573 CCO=EFLAGS
EFER=0000000000000500
Servicing hardware INT=0x20
    82: v=20 e=0000 i=0 cpl=0 IP=0008:0000000000100aa0 pc=0000000000100aa0 SP=0010:000000000800ffc8 env->regs[R_EAX]=0000000000000000
RAX=0000000000000000 RBX=00ffffff0000000a RCX=0000000000000008 RDX=0000000000000000
RSI=0000000000000001 RDI=0000000000000018 RBP=0000000000115136 RSP=000000000800ffc8
R8 =0000000000142d60 R9 =00000000fd0ef010 R10=00000000000ef000 R11=0000000000126de8
R12=00ffffff00000000 R13=0000000000115136 R14=0000000000136430 R15=0000000000000000
RIP=0000000000100aa0 RFL=00000202 [-------] CPL=0 II=0 A20=1 SMM=0 HLT=0
ES =0010 0000000000000000 ffffffff 00af9300 DPL=0 DS   [-WA]
CS =0008 0000000000000000 ffffffff 00af9a00 DPL=0 CS64 [-R-]
SS =0010 0000000000000000 ffffffff 00af9300 DPL=0 DS   [-WA]
DS =0010 0000000000000000 ffffffff 00af9300 DPL=0 DS   [-WA]
FS =0018 0000000000000000 ffffffff 00cf9300 DPL=0 DS   [-WA]
GS =0018 0000000000000000 ffffffff 00cf9300 DPL=0 DS   [-WA]
LDT=0000 0000000000000000 0000ffff 00008200 DPL=0 LDT
TR =0000 0000000000000000 0000ffff 00008b00 DPL=0 TSS64-busy
GDT=     00000000001001d0 00000017
IDT=     0000000000142dc0 00000fff
CR0=80000011 CR2=0000000000000000 CR3=0000000001017000 CR4=00000020
DR0=0000000000000000 DR1=0000000000000000 DR2=0000000000000000 DR3=0000000000000000 
DR6=00000000ffff0ff0 DR7=0000000000000400
CCS=0000000000000000 CCD=000000000437654c CCO=EFLAGS
EFER=0000000000000500
Servicing hardware INT=0x20
    83: v=20 e=0000 i=0 cpl=0 IP=0008:0000000000100aa0 pc=0000000000100aa0 SP=0010:000000000800ffc8 env->regs[R_EAX]=0000000000000000
RAX=0000000000000000 RBX=00ffffff0000000a RCX=0000000000000008 RDX=0000000000000000
RSI=0000000000000001 RDI=0000000000000018 RBP=0000000000115136 RSP=000000000800ffc8
R8 =0000000000142d60 R9 =00000000fd0ef010 R10=00000000000ef000 R11=0000000000126de8
R12=00ffffff00000000 R13=0000000000115136 R14=0000000000136430 R15=0000000000000000
RIP=0000000000100aa0 RFL=00000216 [----AP-] CPL=0 II=0 A20=1 SMM=0 HLT=0
ES =0010 0000000000000000 ffffffff 00af9300 DPL=0 DS   [-WA]
CS =0008 0000000000000000 ffffffff 00af9a00 DPL=0 CS64 [-R-]
SS =0010 0000000000000000 ffffffff 00af9300 DPL=0 DS   [-WA]
DS =0010 0000000000000000 ffffffff 00af9300 DPL=0 DS   [-WA]
FS =0018 0000000000000000 ffffffff 00cf9300 DPL=0 DS   [-WA]
GS =0018 0000000000000000 ffffffff 00cf9300 DPL=0 DS   [-WA]
LDT=0000 0000000000000000 0000ffff 00008200 DPL=0 LDT
TR =0000 0000000000000000 0000ffff 00008b00 DPL=0 TSS64-busy
GDT=     00000000001001d0 00000017
IDT=     0000000000142dc0 00000fff
CR0=80000011 CR2=0000000000000000 CR3=0000000001017000 CR4=00000020
DR0=0000000000000000 DR1=0000000000000000 DR2=0000000000000000 DR3=0000000000000000 
DR6=00000000ffff0ff0 DR7=0000000000000400
CCS=0000000000000014 CCD=00000000046a3df0 CCO=EFLAGS
EFER=0000000000000500
Servicing hardware INT=0x20
    84: v=20 e=0000 i=0 cpl=0 IP=0008:0000000000100aa0 pc=0000000000100aa0 SP=0010:000000000800ffc8 env->regs[R_EAX]=0000000000000000
RAX=0000000000000000 RBX=00ffffff0000000a RCX=0000000000000008 RDX=0000000000000000
RSI=0000000000000001 RDI=0000000000000018 RBP=0000000000115136 RSP=000000000800ffc8
R8 =0000000000142d60 R9 =00000000fd0ef010 R10=00000000000ef000 R11=0000000000126de8
R12=00ffffff00000000 R13=0000000000115136 R14=0000000000136430 R15=0000000000000000
RIP=0000000000100aa0 RFL=00000202 [-------] CPL=0 II=0 A20=1 SMM=0 HLT=0
ES =0010 0000000000000000 ffffffff 00af9300 DPL=0 DS   [-WA]
CS =0008 0000000000000000 ffffffff 00af9a00 DPL=0 CS64 [-R-]
SS =0010 0000000000000000 ffffffff 00af9300 DPL=0 DS   [-WA]
DS =0010 0000000000000000 ffffffff 00af9300 DPL=0 DS   [-WA]
FS =0018 0000000000000000 ffffffff 00cf9300 DPL=0 DS   [-WA]
GS =0018 0000000000000000 ffffffff 00cf9300 DPL=0 DS   [-WA]
LDT=0000 0000000000000000 0000ffff 00008200 DPL=0 LDT
TR =0000 0000000000000000 0000ffff 00008b00 DPL=0 TSS64-busy
GDT=     00000000001001d0 00000017
IDT=     0000000000142dc0 00000fff
CR0=80000011 CR2=0000000000000000 CR3=0000000001017000 CR4=00000020
DR0=0000000000000000 DR1=0000000000000000 DR2=0000000000000000 DR3=0000000000000000 
DR6=00000000ffff0ff0 DR7=0000000000000400
CCS=0000000000000000 CCD=000000000490f426 CCO=EFLAGS
EFER=0000000000000500
Servicing hardware INT=0x20
    85: v=20 e=0000 i=0 cpl=0 IP=0008:0000000000100aa0 pc=0000000000100aa0 SP=0010:000000000800ffc8 env->regs[R_EAX]=0000000000000000
RAX=0000000000000000 RBX=00ffffff0000000a RCX=0000000000000008 RDX=0000000000000000
RSI=0000000000000001 RDI=0000000000000018 RBP=0000000000115136 RSP=000000000800ffc8
R8 =0000000000142d60 R9 =00000000fd0ef010 R10=00000000000ef000 R11=0000000000126de8
R12=00ffffff00000000 R13=0000000000115136 R14=0000000000136430 R15=0000000000000000
RIP=0000000000100aa0 RFL=00000202 [-------] CPL=0 II=0 A20=1 SMM=0 HLT=0
ES =0010 0000000000000000 ffffffff 00af9300 DPL=0 DS   [-WA]
CS =0008 0000000000000000 ffffffff 00af9a00 DPL=0 CS64 [-R-]
SS =0010 0000000000000000 ffffffff 00af9300 DPL=0 DS   [-WA]
DS =0010 0000000000000000 ffffffff 00af9300 DPL=0 DS   [-WA]
FS =0018 0000000000000000 ffffffff 00cf9300 DPL=0 DS   [-WA]
GS =0018 0000000000000000 ffffffff 00cf9300 DPL=0 DS   [-WA]
LDT=0000 0000000000000000 0000ffff 00008200 DPL=0 LDT
TR =0000 0000000000000000 0000ffff 00008b00 DPL=0 TSS64-busy
GDT=     00000000001001d0 00000017
IDT=     0000000000142dc0 00000fff
CR0=80000011 CR2=0000000000000000 CR3=0000000001017000 CR4=00000020
DR0=0000000000000000 DR1=0000000000000000 DR2=0000000000000000 DR3=0000000000000000 
DR6=00000000ffff0ff0 DR7=0000000000000400
CCS=0000000000000000 CCD=0000000004bfd1e5 CCO=EFLAGS
EFER=0000000000000500
Servicing hardware INT=0x20
    86: v=20 e=0000 i=0 cpl=0 IP=0008:0000000000100aa0 pc=0000000000100aa0 SP=0010:000000000800ffc8 env->regs[R_EAX]=0000000000000000
RAX=0000000000000000 RBX=00ffffff0000000a RCX=0000000000000008 RDX=0000000000000000
RSI=0000000000000001 RDI=0000000000000018 RBP=0000000000115136 RSP=000000000800ffc8
R8 =0000000000142d60 R9 =00000000fd0ef010 R10=00000000000ef000 R11=0000000000126de8
R12=00ffffff00000000 R13=0000000000115136 R14=0000000000136430 R15=0000000000000000
RIP=0000000000100aa0 RFL=00000202 [-------] CPL=0 II=0 A20=1 SMM=0 HLT=0
ES =0010 0000000000000000 ffffffff 00af9300 DPL=0 DS   [-WA]
CS =0008 0000000000000000 ffffffff 00af9a00 DPL=0 CS64 [-R-]
SS =0010 0000000000000000 ffffffff 00af9300 DPL=0 DS   [-WA]
DS =0010 0000000000000000 ffffffff 00af9300 DPL=0 DS   [-WA]
FS =0018 0000000000000000 ffffffff 00cf9300 DPL=0 DS   [-WA]
GS =0018 0000000000000000 ffffffff 00cf9300 DPL=0 DS   [-WA]
LDT=0000 0000000000000000 0000ffff 00008200 DPL=0 LDT
TR =0000 0000000000000000 0000ffff 00008b00 DPL=0 TSS64-busy
GDT=     00000000001001d0 00000017
IDT=     0000000000142dc0 00000fff
CR0=80000011 CR2=0000000000000000 CR3=0000000001017000 CR4=00000020
DR0=0000000000000000 DR1=0000000000000000 DR2=0000000000000000 DR3=0000000000000000 
DR6=00000000ffff0ff0 DR7=0000000000000400
CCS=0000000000000000 CCD=0000000004f57e76 CCO=EFLAGS
EFER=0000000000000500
Servicing hardware INT=0x20
    87: v=20 e=0000 i=0 cpl=0 IP=0008:0000000000100aa0 pc=0000000000100aa0 SP=0010:000000000800ffc8 env->regs[R_EAX]=0000000000000000
RAX=0000000000000000 RBX=00ffffff0000000a RCX=0000000000000008 RDX=0000000000000000
RSI=0000000000000001 RDI=0000000000000018 RBP=0000000000115136 RSP=000000000800ffc8
R8 =0000000000142d60 R9 =00000000fd0ef010 R10=00000000000ef000 R11=0000000000126de8
R12=00ffffff00000000 R13=0000000000115136 R14=0000000000136430 R15=0000000000000000
RIP=0000000000100aa0 RFL=00000206 [-----P-] CPL=0 II=0 A20=1 SMM=0 HLT=0
ES =0010 0000000000000000 ffffffff 00af9300 DPL=0 DS   [-WA]
CS =0008 0000000000000000 ffffffff 00af9a00 DPL=0 CS64 [-R-]
SS =0010 0000000000000000 ffffffff 00af9300 DPL=0 DS   [-WA]
DS =0010 0000000000000000 ffffffff 00af9300 DPL=0 DS   [-WA]
FS =0018 0000000000000000 ffffffff 00cf9300 DPL=0 DS   [-WA]
GS =0018 0000000000000000 ffffffff 00cf9300 DPL=0 DS   [-WA]
LDT=0000 0000000000000000 0000ffff 00008200 DPL=0 LDT
TR =0000 0000000000000000 0000ffff 00008b00 DPL=0 TSS64-busy
GDT=     00000000001001d0 00000017
IDT=     0000000000142dc0 00000fff
CR0=80000011 CR2=0000000000000000 CR3=0000000001017000 CR4=00000020
DR0=0000000000000000 DR1=0000000000000000 DR2=0000000000000000 DR3=0000000000000000 
DR6=00000000ffff0ff0 DR7=0000000000000400
CCS=0000000000000004 CCD=00000000052a19db CCO=EFLAGS
EFER=0000000000000500
Servicing hardware INT=0x20
    88: v=20 e=0000 i=0 cpl=0 IP=0008:0000000000100aa0 pc=0000000000100aa0 SP=0010:000000000800ffc8 env->regs[R_EAX]=0000000000000000
RAX=0000000000000000 RBX=00ffffff0000000a RCX=0000000000000008 RDX=0000000000000000
RSI=0000000000000001 RDI=0000000000000018 RBP=0000000000115136 RSP=000000000800ffc8
R8 =0000000000142d60 R9 =00000000fd0ef010 R10=00000000000ef000 R11=0000000000126de8
R12=00ffffff00000000 R13=0000000000115136 R14=0000000000136430 R15=0000000000000000
RIP=0000000000100aa0 RFL=00000202 [-------] CPL=0 II=0 A20=1 SMM=0 HLT=0
ES =0010 0000000000000000 ffffffff 00af9300 DPL=0 DS   [-WA]
CS =0008 0000000000000000 ffffffff 00af9a00 DPL=0 CS64 [-R-]
SS =0010 0000000000000000 ffffffff 00af9300 DPL=0 DS   [-WA]
DS =0010 0000000000000000 ffffffff 00af9300 DPL=0 DS   [-WA]
FS =0018 0000000000000000 ffffffff 00cf9300 DPL=0 DS   [-WA]
GS =0018 0000000000000000 ffffffff 00cf9300 DPL=0 DS   [-WA]
LDT=0000 0000000000000000 0000ffff 00008200 DPL=0 LDT
TR =0000 0000000000000000 0000ffff 00008b00 DPL=0 TSS64-busy
GDT=     00000000001001d0 00000017
IDT=     0000000000142dc0 00000fff
CR0=80000011 CR2=0000000000000000 CR3=0000000001017000 CR4=00000020
DR0=0000000000000000 DR1=0000000000000000 DR2=0000000000000000 DR3=0000000000000000 
DR6=00000000ffff0ff0 DR7=0000000000000400
CCS=0000000000000000 CCD=00000000055d8776 CCO=EFLAGS
EFER=0000000000000500
Servicing hardware INT=0x20
    89: v=20 e=0000 i=0 cpl=0 IP=0008:0000000000100a30 pc=0000000000100a30 SP=0010:000000000800ffc8 env->regs[R_EAX]=0000000000000000
RAX=0000000000000000 RBX=00ffffff0000000a RCX=0000000000000008 RDX=0000000000000000
RSI=0000000000000001 RDI=0000000000000018 RBP=000000000011512a RSP=000000000800ffc8
R8 =0000000000142d60 R9 =00000000fd0cf010 R10=00000000000cf000 R11=0000000000126de8
R12=00ffffff00000000 R13=000000000011512a R14=0000000000136430 R15=0000000000000000
RIP=0000000000100a30 RFL=00010202 [-------] CPL=0 II=0 A20=1 SMM=0 HLT=0
ES =0010 0000000000000000 ffffffff 00af9300 DPL=0 DS   [-WA]
CS =0008 0000000000000000 ffffffff 00af9a00 DPL=0 CS64 [-R-]
SS =0010 0000000000000000 ffffffff 00af9300 DPL=0 DS   [-WA]
DS =0010 0000000000000000 ffffffff 00af9300 DPL=0 DS   [-WA]
FS =0018 0000000000000000 ffffffff 00cf9300 DPL=0 DS   [-WA]
GS =0018 0000000000000000 ffffffff 00cf9300 DPL=0 DS   [-WA]
LDT=0000 0000000000000000 0000ffff 00008200 DPL=0 LDT
TR =0000 0000000000000000 0000ffff 00008b00 DPL=0 TSS64-busy
GDT=     00000000001001d0 00000017
IDT=     0000000000142dc0 00000fff
CR0=80000011 CR2=0000000000000000 CR3=0000000001000000 CR4=00000020
DR0=0000000000000000 DR1=0000000000000000 DR2=0000000000000000 DR3=0000000000000000 
DR6=00000000ffff0ff0 DR7=0000000000000400
CCS=0000000000000000 CCD=000000000800ff18 CCO=EFLAGS
EFER=0000000000000500
Servicing hardware INT=0x20
    90: v=20 e=0000 i=0 cpl=0 IP=0008:0000000000100a30 pc=0000000000100a30 SP=0010:000000000800ffc8 env->regs[R_EAX]=0000000000000000
RAX=0000000000000000 RBX=00ffffff0000000a RCX=0000000000000008 RDX=0000000000000000
RSI=0000000000000001 RDI=0000000000000018 RBP=000000000011512a RSP=000000000800ffc8
R8 =0000000000142d60 R9 =00000000fd0cf010 R10=00000000000cf000 R11=0000000000126de8
R12=00ffffff00000000 R13=000000000011512a R14=0000000000136430 R15=0000000000000000
RIP=0000000000100a30 RFL=00000202 [-------] CPL=0 II=0 A20=1 SMM=0 HLT=0
ES =0010 0000000000000000 ffffffff 00af9300 DPL=0 DS   [-WA]
CS =0008 0000000000000000 ffffffff 00af9a00 DPL=0 CS64 [-R-]
SS =0010 0000000000000000 ffffffff 00af9300 DPL=0 DS   [-WA]
DS =0010 0000000000000000 ffffffff 00af9300 DPL=0 DS   [-WA]
FS =0018 0000000000000000 ffffffff 00cf9300 DPL=0 DS   [-WA]
GS =0018 0000000000000000 ffffffff 00cf9300 DPL=0 DS   [-WA]
LDT=0000 0000000000000000 0000ffff 00008200 DPL=0 LDT
TR =0000 0000000000000000 0000ffff 00008b00 DPL=0 TSS64-busy
GDT=     00000000001001d0 00000017
IDT=     0000000000142dc0 00000fff
CR0=80000011 CR2=0000000000000000 CR3=0000000001000000 CR4=00000020
DR0=0000000000000000 DR1=0000000000000000 DR2=0000000000000000 DR3=0000000000000000 
DR6=00000000ffff0ff0 DR7=0000000000000400
CCS=0000000000000000 CCD=000000000542dd4a CCO=EFLAGS
EFER=0000000000000500
Servicing hardware INT=0x20
    91: v=20 e=0000 i=0 cpl=0 IP=0008:0000000000100a30 pc=0000000000100a30 SP=0010:000000000800ffc8 env->regs[R_EAX]=0000000000000000
RAX=0000000000000000 RBX=00ffffff0000000a RCX=0000000000000008 RDX=0000000000000000
RSI=0000000000000001 RDI=0000000000000018 RBP=000000000011512a RSP=000000000800ffc8
R8 =0000000000142d60 R9 =00000000fd0cf010 R10=00000000000cf000 R11=0000000000126de8
R12=00ffffff00000000 R13=000000000011512a R14=0000000000136430 R15=0000000000000000
RIP=0000000000100a30 RFL=00000202 [-------] CPL=0 II=0 A20=1 SMM=0 HLT=0
ES =0010 0000000000000000 ffffffff 00af9300 DPL=0 DS   [-WA]
CS =0008 0000000000000000 ffffffff 00af9a00 DPL=0 CS64 [-R-]
SS =0010 0000000000000000 ffffffff 00af9300 DPL=0 DS   [-WA]
DS =0010 0000000000000000 ffffffff 00af9300 DPL=0 DS   [-WA]
FS =0018 0000000000000000 ffffffff 00cf9300 DPL=0 DS   [-WA]
GS =0018 0000000000000000 ffffffff 00cf9300 DPL=0 DS   [-WA]
LDT=0000 0000000000000000 0000ffff 00008200 DPL=0 LDT
TR =0000 0000000000000000 0000ffff 00008b00 DPL=0 TSS64-busy
GDT=     00000000001001d0 00000017
IDT=     0000000000142dc0 00000fff
CR0=80000011 CR2=0000000000000000 CR3=0000000001000000 CR4=00000020
DR0=0000000000000000 DR1=0000000000000000 DR2=0000000000000000 DR3=0000000000000000 
DR6=00000000ffff0ff0 DR7=0000000000000400
CCS=0000000000000000 CCD=000000000577f834 CCO=EFLAGS
EFER=0000000000000500
Servicing hardware INT=0x20
    92: v=20 e=0000 i=0 cpl=0 IP=0008:0000000000100a30 pc=0000000000100a30 SP=0010:000000000800ffc8 env->regs[R_EAX]=0000000000000000
RAX=0000000000000000 RBX=00ffffff0000000a RCX=0000000000000008 RDX=0000000000000000
RSI=0000000000000001 RDI=0000000000000018 RBP=000000000011512a RSP=000000000800ffc8
R8 =0000000000142d60 R9 =00000000fd0cf010 R10=00000000000cf000 R11=0000000000126de8
R12=00ffffff00000000 R13=000000000011512a R14=0000000000136430 R15=0000000000000000
RIP=0000000000100a30 RFL=00000206 [-----P-] CPL=0 II=0 A20=1 SMM=0 HLT=0
ES =0010 0000000000000000 ffffffff 00af9300 DPL=0 DS   [-WA]
CS =0008 0000000000000000 ffffffff 00af9a00 DPL=0 CS64 [-R-]
SS =0010 0000000000000000 ffffffff 00af9300 DPL=0 DS   [-WA]
DS =0010 0000000000000000 ffffffff 00af9300 DPL=0 DS   [-WA]
FS =0018 0000000000000000 ffffffff 00cf9300 DPL=0 DS   [-WA]
GS =0018 0000000000000000 ffffffff 00cf9300 DPL=0 DS   [-WA]
LDT=0000 0000000000000000 0000ffff 00008200 DPL=0 LDT
TR =0000 0000000000000000 0000ffff 00008b00 DPL=0 TSS64-busy
GDT=     00000000001001d0 00000017
IDT=     0000000000142dc0 00000fff
CR0=80000011 CR2=0000000000000000 CR3=0000000001000000 CR4=00000020
DR0=0000000000000000 DR1=0000000000000000 DR2=0000000000000000 DR3=0000000000000000 
DR6=00000000ffff0ff0 DR7=0000000000000400
CCS=0000000000000004 CCD=0000000005acc6ac CCO=EFLAGS
EFER=0000000000000500
Servicing hardware INT=0x20
    93: v=20 e=0000 i=0 cpl=0 IP=0008:0000000000100a30 pc=0000000000100a30 SP=0010:000000000800ffc8 env->regs[R_EAX]=0000000000000000
RAX=0000000000000000 RBX=00ffffff0000000a RCX=0000000000000008 RDX=0000000000000000
RSI=0000000000000001 RDI=0000000000000018 RBP=000000000011512a RSP=000000000800ffc8
R8 =0000000000142d60 R9 =00000000fd0cf010 R10=00000000000cf000 R11=0000000000126de8
R12=00ffffff00000000 R13=000000000011512a R14=0000000000136430 R15=0000000000000000
RIP=0000000000100a30 RFL=00010206 [-----P-] CPL=0 II=0 A20=1 SMM=0 HLT=0
ES =0010 0000000000000000 ffffffff 00af9300 DPL=0 DS   [-WA]
CS =0008 0000000000000000 ffffffff 00af9a00 DPL=0 CS64 [-R-]
SS =0010 0000000000000000 ffffffff 00af9300 DPL=0 DS   [-WA]
DS =0010 0000000000000000 ffffffff 00af9300 DPL=0 DS   [-WA]
FS =0018 0000000000000000 ffffffff 00cf9300 DPL=0 DS   [-WA]
GS =0018 0000000000000000 ffffffff 00cf9300 DPL=0 DS   [-WA]
LDT=0000 0000000000000000 0000ffff 00008200 DPL=0 LDT
TR =0000 0000000000000000 0000ffff 00008b00 DPL=0 TSS64-busy
GDT=     00000000001001d0 00000017
IDT=     0000000000142dc0 00000fff
CR0=80000011 CR2=0000000000000000 CR3=0000000001000000 CR4=00000020
DR0=0000000000000000 DR1=0000000000000000 DR2=0000000000000000 DR3=0000000000000000 
DR6=00000000ffff0ff0 DR7=0000000000000400
CCS=0000000000000004 CCD=000000000800ff18 CCO=EFLAGS
EFER=0000000000000500
Servicing hardware INT=0x20
    94: v=20 e=0000 i=0 cpl=0 IP=0008:0000000000100a30 pc=0000000000100a30 SP=0010:000000000800ffc8 env->regs[R_EAX]=0000000000000000
RAX=0000000000000000 RBX=00ffffff0000000a RCX=0000000000000008 RDX=0000000000000000
RSI=0000000000000001 RDI=0000000000000018 RBP=000000000011512a RSP=000000000800ffc8
R8 =0000000000142d60 R9 =00000000fd0cf010 R10=00000000000cf000 R11=0000000000126de8
R12=00ffffff00000000 R13=000000000011512a R14=0000000000136430 R15=0000000000000000
RIP=0000000000100a30 RFL=00000206 [-----P-] CPL=0 II=0 A20=1 SMM=0 HLT=0
ES =0010 0000000000000000 ffffffff 00af9300 DPL=0 DS   [-WA]
CS =0008 0000000000000000 ffffffff 00af9a00 DPL=0 CS64 [-R-]
SS =0010 0000000000000000 ffffffff 00af9300 DPL=0 DS   [-WA]
DS =0010 0000000000000000 ffffffff 00af9300 DPL=0 DS   [-WA]
FS =0018 0000000000000000 ffffffff 00cf9300 DPL=0 DS   [-WA]
GS =0018 0000000000000000 ffffffff 00cf9300 DPL=0 DS   [-WA]
LDT=0000 0000000000000000 0000ffff 00008200 DPL=0 LDT
TR =0000 0000000000000000 0000ffff 00008b00 DPL=0 TSS64-busy
GDT=     00000000001001d0 00000017
IDT=     0000000000142dc0 00000fff
CR0=80000011 CR2=0000000000000000 CR3=0000000001000000 CR4=00000020
DR0=0000000000000000 DR1=0000000000000000 DR2=0000000000000000 DR3=0000000000000000 
DR6=00000000ffff0ff0 DR7=0000000000000400
CCS=0000000000000004 CCD=0000000005b179a6 CCO=EFLAGS
EFER=0000000000000500
Servicing hardware INT=0x20
    95: v=20 e=0000 i=0 cpl=0 IP=0008:0000000000100a30 pc=0000000000100a30 SP=0010:000000000800ffc8 env->regs[R_EAX]=0000000000000000
RAX=0000000000000000 RBX=00ffffff0000000a RCX=0000000000000008 RDX=0000000000000000
RSI=0000000000000001 RDI=0000000000000018 RBP=000000000011512a RSP=000000000800ffc8
R8 =0000000000142d60 R9 =00000000fd0cf010 R10=00000000000cf000 R11=0000000000126de8
R12=00ffffff00000000 R13=000000000011512a R14=0000000000136430 R15=0000000000000000
RIP=0000000000100a30 RFL=00000216 [----AP-] CPL=0 II=0 A20=1 SMM=0 HLT=0
ES =0010 0000000000000000 ffffffff 00af9300 DPL=0 DS   [-WA]
CS =0008 0000000000000000 ffffffff 00af9a00 DPL=0 CS64 [-R-]
SS =0010 0000000000000000 ffffffff 00af9300 DPL=0 DS   [-WA]
DS =0010 0000000000000000 ffffffff 00af9300 DPL=0 DS   [-WA]
FS =0018 0000000000000000 ffffffff 00cf9300 DPL=0 DS   [-WA]
GS =0018 0000000000000000 ffffffff 00cf9300 DPL=0 DS   [-WA]
LDT=0000 0000000000000000 0000ffff 00008200 DPL=0 LDT
TR =0000 0000000000000000 0000ffff 00008b00 DPL=0 TSS64-busy
GDT=     00000000001001d0 00000017
IDT=     0000000000142dc0 00000fff
CR0=80000011 CR2=0000000000000000 CR3=0000000001000000 CR4=00000020
DR0=0000000000000000 DR1=0000000000000000 DR2=0000000000000000 DR3=0000000000000000 
DR6=00000000ffff0ff0 DR7=0000000000000400
CCS=0000000000000014 CCD=0000000005dafe60 CCO=EFLAGS
EFER=0000000000000500
Servicing hardware INT=0x20
    96: v=20 e=0000 i=0 cpl=0 IP=0008:0000000000100a30 pc=0000000000100a30 SP=0010:000000000800ffc8 env->regs[R_EAX]=0000000000000000
RAX=0000000000000000 RBX=00ffffff0000000a RCX=0000000000000008 RDX=0000000000000000
RSI=0000000000000001 RDI=0000000000000018 RBP=000000000011512a RSP=000000000800ffc8
R8 =0000000000142d60 R9 =00000000fd0cf010 R10=00000000000cf000 R11=0000000000126de8
R12=00ffffff00000000 R13=000000000011512a R14=0000000000136430 R15=0000000000000000
RIP=0000000000100a30 RFL=00000202 [-------] CPL=0 II=0 A20=1 SMM=0 HLT=0
ES =0010 0000000000000000 ffffffff 00af9300 DPL=0 DS   [-WA]
CS =0008 0000000000000000 ffffffff 00af9a00 DPL=0 CS64 [-R-]
SS =0010 0000000000000000 ffffffff 00af9300 DPL=0 DS   [-WA]
DS =0010 0000000000000000 ffffffff 00af9300 DPL=0 DS   [-WA]
FS =0018 0000000000000000 ffffffff 00cf9300 DPL=0 DS   [-WA]
GS =0018 0000000000000000 ffffffff 00cf9300 DPL=0 DS   [-WA]
LDT=0000 0000000000000000 0000ffff 00008200 DPL=0 LDT
TR =0000 0000000000000000 0000ffff 00008b00 DPL=0 TSS64-busy
GDT=     00000000001001d0 00000017
IDT=     0000000000142dc0 00000fff
CR0=80000011 CR2=0000000000000000 CR3=0000000001000000 CR4=00000020
DR0=0000000000000000 DR1=0000000000000000 DR2=0000000000000000 DR3=0000000000000000 
DR6=00000000ffff0ff0 DR7=0000000000000400
CCS=0000000000000000 CCD=0000000006114462 CCO=EFLAGS
EFER=0000000000000500
Servicing hardware INT=0x20
    97: v=20 e=0000 i=0 cpl=0 IP=0008:0000000000100a30 pc=0000000000100a30 SP=0010:000000000800ffc8 env->regs[R_EAX]=0000000000000000
RAX=0000000000000000 RBX=00ffffff0000000a RCX=0000000000000008 RDX=0000000000000000
RSI=0000000000000001 RDI=0000000000000018 RBP=000000000011512a RSP=000000000800ffc8
R8 =0000000000142d60 R9 =00000000fd0cf010 R10=00000000000cf000 R11=0000000000126de8
R12=00ffffff00000000 R13=000000000011512a R14=0000000000136430 R15=0000000000000000
RIP=0000000000100a30 RFL=00000202 [-------] CPL=0 II=0 A20=1 SMM=0 HLT=0
ES =0010 0000000000000000 ffffffff 00af9300 DPL=0 DS   [-WA]
CS =0008 0000000000000000 ffffffff 00af9a00 DPL=0 CS64 [-R-]
SS =0010 0000000000000000 ffffffff 00af9300 DPL=0 DS   [-WA]
DS =0010 0000000000000000 ffffffff 00af9300 DPL=0 DS   [-WA]
FS =0018 0000000000000000 ffffffff 00cf9300 DPL=0 DS   [-WA]
GS =0018 0000000000000000 ffffffff 00cf9300 DPL=0 DS   [-WA]
LDT=0000 0000000000000000 0000ffff 00008200 DPL=0 LDT
TR =0000 0000000000000000 0000ffff 00008b00 DPL=0 TSS64-busy
GDT=     00000000001001d0 00000017
IDT=     0000000000142dc0 00000fff
CR0=80000011 CR2=0000000000000000 CR3=0000000001000000 CR4=00000020
DR0=0000000000000000 DR1=0000000000000000 DR2=0000000000000000 DR3=0000000000000000 
DR6=00000000ffff0ff0 DR7=0000000000000400
CCS=0000000000000000 CCD=000000000639c358 CCO=EFLAGS
EFER=0000000000000500
Servicing hardware INT=0x20
    98: v=20 e=0000 i=0 cpl=0 IP=0008:0000000000100a30 pc=0000000000100a30 SP=0010:000000000800ffc8 env->regs[R_EAX]=0000000000000000
RAX=0000000000000000 RBX=00ffffff0000000a RCX=0000000000000008 RDX=0000000000000000
RSI=0000000000000001 RDI=0000000000000018 RBP=000000000011512a RSP=000000000800ffc8
R8 =0000000000142d60 R9 =00000000fd0cf010 R10=00000000000cf000 R11=0000000000126de8
R12=00ffffff00000000 R13=000000000011512a R14=0000000000136430 R15=0000000000000000
RIP=0000000000100a30 RFL=00000202 [-------] CPL=0 II=0 A20=1 SMM=0 HLT=0
ES =0010 0000000000000000 ffffffff 00af9300 DPL=0 DS   [-WA]
CS =0008 0000000000000000 ffffffff 00af9a00 DPL=0 CS64 [-R-]
SS =0010 0000000000000000 ffffffff 00af9300 DPL=0 DS   [-WA]
DS =0010 0000000000000000 ffffffff 00af9300 DPL=0 DS   [-WA]
FS =0018 0000000000000000 ffffffff 00cf9300 DPL=0 DS   [-WA]
GS =0018 0000000000000000 ffffffff 00cf9300 DPL=0 DS   [-WA]
LDT=0000 0000000000000000 0000ffff 00008200 DPL=0 LDT
TR =0000 0000000000000000 0000ffff 00008b00 DPL=0 TSS64-busy
GDT=     00000000001001d0 00000017
IDT=     0000000000142dc0 00000fff
CR0=80000011 CR2=0000000000000000 CR3=0000000001000000 CR4=00000020
DR0=0000000000000000 DR1=0000000000000000 DR2=0000000000000000 DR3=0000000000000000 
DR6=00000000ffff0ff0 DR7=0000000000000400
CCS=0000000000000000 CCD=00000000066095da CCO=EFLAGS
EFER=0000000000000500
Servicing hardware INT=0x20
    99: v=20 e=0000 i=0 cpl=0 IP=0008:0000000000100aa0 pc=0000000000100aa0 SP=0010:000000000800ffc8 env->regs[R_EAX]=0000000000000000
RAX=0000000000000000 RBX=00ffffff0000000a RCX=0000000000000008 RDX=0000000000000000
RSI=0000000000000001 RDI=0000000000000018 RBP=0000000000115136 RSP=000000000800ffc8
R8 =0000000000142d60 R9 =00000000fd0ef010 R10=00000000000ef000 R11=0000000000126de8
R12=00ffffff00000000 R13=0000000000115136 R14=0000000000136430 R15=0000000000000000
RIP=0000000000100aa0 RFL=00010202 [-------] CPL=0 II=0 A20=1 SMM=0 HLT=0
ES =0010 0000000000000000 ffffffff 00af9300 DPL=0 DS   [-WA]
CS =0008 0000000000000000 ffffffff 00af9a00 DPL=0 CS64 [-R-]
SS =0010 0000000000000000 ffffffff 00af9300 DPL=0 DS   [-WA]
DS =0010 0000000000000000 ffffffff 00af9300 DPL=0 DS   [-WA]
FS =0018 0000000000000000 ffffffff 00cf9300 DPL=0 DS   [-WA]
GS =0018 0000000000000000 ffffffff 00cf9300 DPL=0 DS   [-WA]
LDT=0000 0000000000000000 0000ffff 00008200 DPL=0 LDT
TR =0000 0000000000000000 0000ffff 00008b00 DPL=0 TSS64-busy
GDT=     00000000001001d0 00000017
IDT=     0000000000142dc0 00000fff
CR0=80000011 CR2=0000000000000000 CR3=0000000001017000 CR4=00000020
DR0=0000000000000000 DR1=0000000000000000 DR2=0000000000000000 DR3=0000000000000000 
DR6=00000000ffff0ff0 DR7=0000000000000400
CCS=0000000000000000 CCD=000000000800ff18 CCO=EFLAGS
EFER=0000000000000500
Servicing hardware INT=0x20
   100: v=20 e=0000 i=0 cpl=0 IP=0008:0000000000100aa0 pc=0000000000100aa0 SP=0010:000000000800ffc8 env->regs[R_EAX]=0000000000000000
RAX=0000000000000000 RBX=00ffffff0000000a RCX=0000000000000008 RDX=0000000000000000
RSI=0000000000000001 RDI=0000000000000018 RBP=0000000000115136 RSP=000000000800ffc8
R8 =0000000000142d60 R9 =00000000fd0ef010 R10=00000000000ef000 R11=0000000000126de8
R12=00ffffff00000000 R13=0000000000115136 R14=0000000000136430 R15=0000000000000000
RIP=0000000000100aa0 RFL=00010202 [-------] CPL=0 II=0 A20=1 SMM=0 HLT=0
ES =0010 0000000000000000 ffffffff 00af9300 DPL=0 DS   [-WA]
CS =0008 0000000000000000 ffffffff 00af9a00 DPL=0 CS64 [-R-]
SS =0010 0000000000000000 ffffffff 00af9300 DPL=0 DS   [-WA]
DS =0010 0000000000000000 ffffffff 00af9300 DPL=0 DS   [-WA]
FS =0018 0000000000000000 ffffffff 00cf9300 DPL=0 DS   [-WA]
GS =0018 0000000000000000 ffffffff 00cf9300 DPL=0 DS   [-WA]
LDT=0000 0000000000000000 0000ffff 00008200 DPL=0 LDT
TR =0000 0000000000000000 0000ffff 00008b00 DPL=0 TSS64-busy
GDT=     00000000001001d0 00000017
IDT=     0000000000142dc0 00000fff
CR0=80000011 CR2=0000000000000000 CR3=0000000001017000 CR4=00000020
DR0=0000000000000000 DR1=0000000000000000 DR2=0000000000000000 DR3=0000000000000000 
DR6=00000000ffff0ff0 DR7=0000000000000400
CCS=0000000000000000 CCD=000000000800ff18 CCO=EFLAGS
EFER=0000000000000500
Servicing hardware INT=0x20
   101: v=20 e=0000 i=0 cpl=0 IP=0008:0000000000100aa0 pc=0000000000100aa0 SP=0010:000000000800ffc8 env->regs[R_EAX]=0000000000000000
RAX=0000000000000000 RBX=00ffffff0000000a RCX=0000000000000008 RDX=0000000000000000
RSI=0000000000000001 RDI=0000000000000018 RBP=0000000000115136 RSP=000000000800ffc8
R8 =0000000000142d60 R9 =00000000fd0ef010 R10=00000000000ef000 R11=0000000000126de8
R12=00ffffff00000000 R13=0000000000115136 R14=0000000000136430 R15=0000000000000000
RIP=0000000000100aa0 RFL=00000206 [-----P-] CPL=0 II=0 A20=1 SMM=0 HLT=0
ES =0010 0000000000000000 ffffffff 00af9300 DPL=0 DS   [-WA]
CS =0008 0000000000000000 ffffffff 00af9a00 DPL=0 CS64 [-R-]
SS =0010 0000000000000000 ffffffff 00af9300 DPL=0 DS   [-WA]
DS =0010 0000000000000000 ffffffff 00af9300 DPL=0 DS   [-WA]
FS =0018 0000000000000000 ffffffff 00cf9300 DPL=0 DS   [-WA]
GS =0018 0000000000000000 ffffffff 00cf9300 DPL=0 DS   [-WA]
LDT=0000 0000000000000000 0000ffff 00008200 DPL=0 LDT
TR =0000 0000000000000000 0000ffff 00008b00 DPL=0 TSS64-busy
GDT=     00000000001001d0 00000017
IDT=     0000000000142dc0 00000fff
CR0=80000011 CR2=0000000000000000 CR3=0000000001017000 CR4=00000020
DR0=0000000000000000 DR1=0000000000000000 DR2=0000000000000000 DR3=0000000000000000 
DR6=00000000ffff0ff0 DR7=0000000000000400
CCS=0000000000000004 CCD=00000000056ad5de CCO=EFLAGS
EFER=0000000000000500
Servicing hardware INT=0x20
   102: v=20 e=0000 i=0 cpl=0 IP=0008:0000000000100aa0 pc=0000000000100aa0 SP=0010:000000000800ffc8 env->regs[R_EAX]=0000000000000000
RAX=0000000000000000 RBX=00ffffff0000000a RCX=0000000000000008 RDX=0000000000000000
RSI=0000000000000001 RDI=0000000000000018 RBP=0000000000115136 RSP=000000000800ffc8
R8 =0000000000142d60 R9 =00000000fd0ef010 R10=00000000000ef000 R11=0000000000126de8
R12=00ffffff00000000 R13=0000000000115136 R14=0000000000136430 R15=0000000000000000
RIP=0000000000100aa0 RFL=00000202 [-------] CPL=0 II=0 A20=1 SMM=0 HLT=0
ES =0010 0000000000000000 ffffffff 00af9300 DPL=0 DS   [-WA]
CS =0008 0000000000000000 ffffffff 00af9a00 DPL=0 CS64 [-R-]
SS =0010 0000000000000000 ffffffff 00af9300 DPL=0 DS   [-WA]
DS =0010 0000000000000000 ffffffff 00af9300 DPL=0 DS   [-WA]
FS =0018 0000000000000000 ffffffff 00cf9300 DPL=0 DS   [-WA]
GS =0018 0000000000000000 ffffffff 00cf9300 DPL=0 DS   [-WA]
LDT=0000 0000000000000000 0000ffff 00008200 DPL=0 LDT
TR =0000 0000000000000000 0000ffff 00008b00 DPL=0 TSS64-busy
GDT=     00000000001001d0 00000017
IDT=     0000000000142dc0 00000fff
CR0=80000011 CR2=0000000000000000 CR3=0000000001017000 CR4=00000020
DR0=0000000000000000 DR1=0000000000000000 DR2=0000000000000000 DR3=0000000000000000 
DR6=00000000ffff0ff0 DR7=0000000000000400
CCS=0000000000000000 CCD=000000000590efa8 CCO=EFLAGS
EFER=0000000000000500
Servicing hardware INT=0x20
   103: v=20 e=0000 i=0 cpl=0 IP=0008:0000000000100aa0 pc=0000000000100aa0 SP=0010:000000000800ffc8 env->regs[R_EAX]=0000000000000000
RAX=0000000000000000 RBX=00ffffff0000000a RCX=0000000000000008 RDX=0000000000000000
RSI=0000000000000001 RDI=0000000000000018 RBP=0000000000115136 RSP=000000000800ffc8
R8 =0000000000142d60 R9 =00000000fd0ef010 R10=00000000000ef000 R11=0000000000126de8
R12=00ffffff00000000 R13=0000000000115136 R14=0000000000136430 R15=0000000000000000
RIP=0000000000100aa0 RFL=00010202 [-------] CPL=0 II=0 A20=1 SMM=0 HLT=0
ES =0010 0000000000000000 ffffffff 00af9300 DPL=0 DS   [-WA]
CS =0008 0000000000000000 ffffffff 00af9a00 DPL=0 CS64 [-R-]
SS =0010 0000000000000000 ffffffff 00af9300 DPL=0 DS   [-WA]
DS =0010 0000000000000000 ffffffff 00af9300 DPL=0 DS   [-WA]
FS =0018 0000000000000000 ffffffff 00cf9300 DPL=0 DS   [-WA]
GS =0018 0000000000000000 ffffffff 00cf9300 DPL=0 DS   [-WA]
LDT=0000 0000000000000000 0000ffff 00008200 DPL=0 LDT
TR =0000 0000000000000000 0000ffff 00008b00 DPL=0 TSS64-busy
GDT=     00000000001001d0 00000017
IDT=     0000000000142dc0 00000fff
CR0=80000011 CR2=0000000000000000 CR3=0000000001017000 CR4=00000020
DR0=0000000000000000 DR1=0000000000000000 DR2=0000000000000000 DR3=0000000000000000 
DR6=00000000ffff0ff0 DR7=0000000000000400
CCS=0000000000000000 CCD=000000000800ff18 CCO=EFLAGS
EFER=0000000000000500
Servicing hardware INT=0x20
   104: v=20 e=0000 i=0 cpl=0 IP=0008:0000000000100aa0 pc=0000000000100aa0 SP=0010:000000000800ffc8 env->regs[R_EAX]=0000000000000000
RAX=0000000000000000 RBX=00ffffff0000000a RCX=0000000000000008 RDX=0000000000000000
RSI=0000000000000001 RDI=0000000000000018 RBP=0000000000115136 RSP=000000000800ffc8
R8 =0000000000142d60 R9 =00000000fd0ef010 R10=00000000000ef000 R11=0000000000126de8
R12=00ffffff00000000 R13=0000000000115136 R14=0000000000136430 R15=0000000000000000
RIP=0000000000100aa0 RFL=00000206 [-----P-] CPL=0 II=0 A20=1 SMM=0 HLT=0
ES =0010 0000000000000000 ffffffff 00af9300 DPL=0 DS   [-WA]
CS =0008 0000000000000000 ffffffff 00af9a00 DPL=0 CS64 [-R-]
SS =0010 0000000000000000 ffffffff 00af9300 DPL=0 DS   [-WA]
DS =0010 0000000000000000 ffffffff 00af9300 DPL=0 DS   [-WA]
FS =0018 0000000000000000 ffffffff 00cf9300 DPL=0 DS   [-WA]
GS =0018 0000000000000000 ffffffff 00cf9300 DPL=0 DS   [-WA]
LDT=0000 0000000000000000 0000ffff 00008200 DPL=0 LDT
TR =0000 0000000000000000 0000ffff 00008b00 DPL=0 TSS64-busy
GDT=     00000000001001d0 00000017
IDT=     0000000000142dc0 00000fff
CR0=80000011 CR2=0000000000000000 CR3=0000000001017000 CR4=00000020
DR0=0000000000000000 DR1=0000000000000000 DR2=0000000000000000 DR3=0000000000000000 
DR6=00000000ffff0ff0 DR7=0000000000000400
CCS=0000000000000004 CCD=0000000005baf20a CCO=EFLAGS
EFER=0000000000000500
Servicing hardware INT=0x20
   105: v=20 e=0000 i=0 cpl=0 IP=0008:0000000000100aa0 pc=0000000000100aa0 SP=0010:000000000800ffc8 env->regs[R_EAX]=0000000000000000
RAX=0000000000000000 RBX=00ffffff0000000a RCX=0000000000000008 RDX=0000000000000000
RSI=0000000000000001 RDI=0000000000000018 RBP=0000000000115136 RSP=000000000800ffc8
R8 =0000000000142d60 R9 =00000000fd0ef010 R10=00000000000ef000 R11=0000000000126de8
R12=00ffffff00000000 R13=0000000000115136 R14=0000000000136430 R15=0000000000000000
RIP=0000000000100aa0 RFL=00000202 [-------] CPL=0 II=0 A20=1 SMM=0 HLT=0
ES =0010 0000000000000000 ffffffff 00af9300 DPL=0 DS   [-WA]
CS =0008 0000000000000000 ffffffff 00af9a00 DPL=0 CS64 [-R-]
SS =0010 0000000000000000 ffffffff 00af9300 DPL=0 DS   [-WA]
DS =0010 0000000000000000 ffffffff 00af9300 DPL=0 DS   [-WA]
FS =0018 0000000000000000 ffffffff 00cf9300 DPL=0 DS   [-WA]
GS =0018 0000000000000000 ffffffff 00cf9300 DPL=0 DS   [-WA]
LDT=0000 0000000000000000 0000ffff 00008200 DPL=0 LDT
TR =0000 0000000000000000 0000ffff 00008b00 DPL=0 TSS64-busy
GDT=     00000000001001d0 00000017
IDT=     0000000000142dc0 00000fff
CR0=80000011 CR2=0000000000000000 CR3=0000000001017000 CR4=00000020
DR0=0000000000000000 DR1=0000000000000000 DR2=0000000000000000 DR3=0000000000000000 
DR6=00000000ffff0ff0 DR7=0000000000000400
CCS=0000000000000000 CCD=0000000005ee5538 CCO=EFLAGS
EFER=0000000000000500
Servicing hardware INT=0x20
   106: v=20 e=0000 i=0 cpl=0 IP=0008:0000000000100aa0 pc=0000000000100aa0 SP=0010:000000000800ffc8 env->regs[R_EAX]=0000000000000000
RAX=0000000000000000 RBX=00ffffff0000000a RCX=0000000000000008 RDX=0000000000000000
RSI=0000000000000001 RDI=0000000000000018 RBP=0000000000115136 RSP=000000000800ffc8
R8 =0000000000142d60 R9 =00000000fd0ef010 R10=00000000000ef000 R11=0000000000126de8
R12=00ffffff00000000 R13=0000000000115136 R14=0000000000136430 R15=0000000000000000
RIP=0000000000100aa0 RFL=00000202 [-------] CPL=0 II=0 A20=1 SMM=0 HLT=0
ES =0010 0000000000000000 ffffffff 00af9300 DPL=0 DS   [-WA]
CS =0008 0000000000000000 ffffffff 00af9a00 DPL=0 CS64 [-R-]
SS =0010 0000000000000000 ffffffff 00af9300 DPL=0 DS   [-WA]
DS =0010 0000000000000000 ffffffff 00af9300 DPL=0 DS   [-WA]
FS =0018 0000000000000000 ffffffff 00cf9300 DPL=0 DS   [-WA]
GS =0018 0000000000000000 ffffffff 00cf9300 DPL=0 DS   [-WA]
LDT=0000 0000000000000000 0000ffff 00008200 DPL=0 LDT
TR =0000 0000000000000000 0000ffff 00008b00 DPL=0 TSS64-busy
GDT=     00000000001001d0 00000017
IDT=     0000000000142dc0 00000fff
CR0=80000011 CR2=0000000000000000 CR3=0000000001017000 CR4=00000020
DR0=0000000000000000 DR1=0000000000000000 DR2=0000000000000000 DR3=0000000000000000 
DR6=00000000ffff0ff0 DR7=0000000000000400
CCS=0000000000000000 CCD=0000000006230ffd CCO=EFLAGS
EFER=0000000000000500
Servicing hardware INT=0x20
   107: v=20 e=0000 i=0 cpl=0 IP=0008:0000000000100aa0 pc=0000000000100aa0 SP=0010:000000000800ffc8 env->regs[R_EAX]=0000000000000000
RAX=0000000000000000 RBX=00ffffff0000000a RCX=0000000000000008 RDX=0000000000000000
RSI=0000000000000001 RDI=0000000000000018 RBP=0000000000115136 RSP=000000000800ffc8
R8 =0000000000142d60 R9 =00000000fd0ef010 R10=00000000000ef000 R11=0000000000126de8
R12=00ffffff00000000 R13=0000000000115136 R14=0000000000136430 R15=0000000000000000
RIP=0000000000100aa0 RFL=00000202 [-------] CPL=0 II=0 A20=1 SMM=0 HLT=0
ES =0010 0000000000000000 ffffffff 00af9300 DPL=0 DS   [-WA]
CS =0008 0000000000000000 ffffffff 00af9a00 DPL=0 CS64 [-R-]
SS =0010 0000000000000000 ffffffff 00af9300 DPL=0 DS   [-WA]
DS =0010 0000000000000000 ffffffff 00af9300 DPL=0 DS   [-WA]
FS =0018 0000000000000000 ffffffff 00cf9300 DPL=0 DS   [-WA]
GS =0018 0000000000000000 ffffffff 00cf9300 DPL=0 DS   [-WA]
LDT=0000 0000000000000000 0000ffff 00008200 DPL=0 LDT
TR =0000 0000000000000000 0000ffff 00008b00 DPL=0 TSS64-busy
GDT=     00000000001001d0 00000017
IDT=     0000000000142dc0 00000fff
CR0=80000011 CR2=0000000000000000 CR3=0000000001017000 CR4=00000020
DR0=0000000000000000 DR1=0000000000000000 DR2=0000000000000000 DR3=0000000000000000 
DR6=00000000ffff0ff0 DR7=0000000000000400
CCS=0000000000000000 CCD=00000000064f3616 CCO=EFLAGS
EFER=0000000000000500
Servicing hardware INT=0x20
   108: v=20 e=0000 i=0 cpl=0 IP=0008:0000000000100aa0 pc=0000000000100aa0 SP=0010:000000000800ffc8 env->regs[R_EAX]=0000000000000000
RAX=0000000000000000 RBX=00ffffff0000000a RCX=0000000000000008 RDX=0000000000000000
RSI=0000000000000001 RDI=0000000000000018 RBP=0000000000115136 RSP=000000000800ffc8
R8 =0000000000142d60 R9 =00000000fd0ef010 R10=00000000000ef000 R11=0000000000126de8
R12=00ffffff00000000 R13=0000000000115136 R14=0000000000136430 R15=0000000000000000
RIP=0000000000100aa0 RFL=00000206 [-----P-] CPL=0 II=0 A20=1 SMM=0 HLT=0
ES =0010 0000000000000000 ffffffff 00af9300 DPL=0 DS   [-WA]
CS =0008 0000000000000000 ffffffff 00af9a00 DPL=0 CS64 [-R-]
SS =0010 0000000000000000 ffffffff 00af9300 DPL=0 DS   [-WA]
DS =0010 0000000000000000 ffffffff 00af9300 DPL=0 DS   [-WA]
FS =0018 0000000000000000 ffffffff 00cf9300 DPL=0 DS   [-WA]
GS =0018 0000000000000000 ffffffff 00cf9300 DPL=0 DS   [-WA]
LDT=0000 0000000000000000 0000ffff 00008200 DPL=0 LDT
TR =0000 0000000000000000 0000ffff 00008b00 DPL=0 TSS64-busy
GDT=     00000000001001d0 00000017
IDT=     0000000000142dc0 00000fff
CR0=80000011 CR2=0000000000000000 CR3=0000000001017000 CR4=00000020
DR0=0000000000000000 DR1=0000000000000000 DR2=0000000000000000 DR3=0000000000000000 
DR6=00000000ffff0ff0 DR7=0000000000000400
CCS=0000000000000004 CCD=000000000675bed7 CCO=EFLAGS
EFER=0000000000000500
Servicing hardware INT=0x20
   109: v=20 e=0000 i=0 cpl=0 IP=0008:0000000000100a30 pc=0000000000100a30 SP=0010:000000000800ffc8 env->regs[R_EAX]=0000000000000000
RAX=0000000000000000 RBX=00ffffff0000000a RCX=0000000000000008 RDX=0000000000000000
RSI=0000000000000001 RDI=0000000000000018 RBP=000000000011512a RSP=000000000800ffc8
R8 =0000000000142d60 R9 =00000000fd0cf010 R10=00000000000cf000 R11=0000000000126de8
R12=00ffffff00000000 R13=000000000011512a R14=0000000000136430 R15=0000000000000000
RIP=0000000000100a30 RFL=00010202 [-------] CPL=0 II=0 A20=1 SMM=0 HLT=0
ES =0010 0000000000000000 ffffffff 00af9300 DPL=0 DS   [-WA]
CS =0008 0000000000000000 ffffffff 00af9a00 DPL=0 CS64 [-R-]
SS =0010 0000000000000000 ffffffff 00af9300 DPL=0 DS   [-WA]
DS =0010 0000000000000000 ffffffff 00af9300 DPL=0 DS   [-WA]
FS =0018 0000000000000000 ffffffff 00cf9300 DPL=0 DS   [-WA]
GS =0018 0000000000000000 ffffffff 00cf9300 DPL=0 DS   [-WA]
LDT=0000 0000000000000000 0000ffff 00008200 DPL=0 LDT
TR =0000 0000000000000000 0000ffff 00008b00 DPL=0 TSS64-busy
GDT=     00000000001001d0 00000017
IDT=     0000000000142dc0 00000fff
CR0=80000011 CR2=0000000000000000 CR3=0000000001000000 CR4=00000020
DR0=0000000000000000 DR1=0000000000000000 DR2=0000000000000000 DR3=0000000000000000 
DR6=00000000ffff0ff0 DR7=0000000000000400
CCS=0000000000000000 CCD=000000000800ff18 CCO=EFLAGS
EFER=0000000000000500
Servicing hardware INT=0x20
   110: v=20 e=0000 i=0 cpl=0 IP=0008:0000000000100a30 pc=0000000000100a30 SP=0010:000000000800ffc8 env->regs[R_EAX]=0000000000000000
RAX=0000000000000000 RBX=00ffffff0000000a RCX=0000000000000008 RDX=0000000000000000
RSI=0000000000000001 RDI=0000000000000018 RBP=000000000011512a RSP=000000000800ffc8
R8 =0000000000142d60 R9 =00000000fd0cf010 R10=00000000000cf000 R11=0000000000126de8
R12=00ffffff00000000 R13=000000000011512a R14=0000000000136430 R15=0000000000000000
RIP=0000000000100a30 RFL=00000206 [-----P-] CPL=0 II=0 A20=1 SMM=0 HLT=0
ES =0010 0000000000000000 ffffffff 00af9300 DPL=0 DS   [-WA]
CS =0008 0000000000000000 ffffffff 00af9a00 DPL=0 CS64 [-R-]
SS =0010 0000000000000000 ffffffff 00af9300 DPL=0 DS   [-WA]
DS =0010 0000000000000000 ffffffff 00af9300 DPL=0 DS   [-WA]
FS =0018 0000000000000000 ffffffff 00cf9300 DPL=0 DS   [-WA]
GS =0018 0000000000000000 ffffffff 00cf9300 DPL=0 DS   [-WA]
LDT=0000 0000000000000000 0000ffff 00008200 DPL=0 LDT
TR =0000 0000000000000000 0000ffff 00008b00 DPL=0 TSS64-busy
GDT=     00000000001001d0 00000017
IDT=     0000000000142dc0 00000fff
CR0=80000011 CR2=0000000000000000 CR3=0000000001000000 CR4=00000020
DR0=0000000000000000 DR1=0000000000000000 DR2=0000000000000000 DR3=0000000000000000 
DR6=00000000ffff0ff0 DR7=0000000000000400
CCS=0000000000000004 CCD=000000000685d4a6 CCO=EFLAGS
EFER=0000000000000500
Servicing hardware INT=0x20
   111: v=20 e=0000 i=0 cpl=0 IP=0008:0000000000100a30 pc=0000000000100a30 SP=0010:000000000800ffc8 env->regs[R_EAX]=0000000000000000
RAX=0000000000000000 RBX=00ffffff0000000a RCX=0000000000000008 RDX=0000000000000000
RSI=0000000000000001 RDI=0000000000000018 RBP=000000000011512a RSP=000000000800ffc8
R8 =0000000000142d60 R9 =00000000fd0cf010 R10=00000000000cf000 R11=0000000000126de8
R12=00ffffff00000000 R13=000000000011512a R14=0000000000136430 R15=0000000000000000
RIP=0000000000100a30 RFL=00000202 [-------] CPL=0 II=0 A20=1 SMM=0 HLT=0
ES =0010 0000000000000000 ffffffff 00af9300 DPL=0 DS   [-WA]
CS =0008 0000000000000000 ffffffff 00af9a00 DPL=0 CS64 [-R-]
SS =0010 0000000000000000 ffffffff 00af9300 DPL=0 DS   [-WA]
DS =0010 0000000000000000 ffffffff 00af9300 DPL=0 DS   [-WA]
FS =0018 0000000000000000 ffffffff 00cf9300 DPL=0 DS   [-WA]
GS =0018 0000000000000000 ffffffff 00cf9300 DPL=0 DS   [-WA]
LDT=0000 0000000000000000 0000ffff 00008200 DPL=0 LDT
TR =0000 0000000000000000 0000ffff 00008b00 DPL=0 TSS64-busy
GDT=     00000000001001d0 00000017
IDT=     0000000000142dc0 00000fff
CR0=80000011 CR2=0000000000000000 CR3=0000000001000000 CR4=00000020
DR0=0000000000000000 DR1=0000000000000000 DR2=0000000000000000 DR3=0000000000000000 
DR6=00000000ffff0ff0 DR7=0000000000000400
CCS=0000000000000000 CCD=0000000006acde3d CCO=EFLAGS
EFER=0000000000000500
Servicing hardware INT=0x20
   112: v=20 e=0000 i=0 cpl=0 IP=0008:0000000000100a30 pc=0000000000100a30 SP=0010:000000000800ffc8 env->regs[R_EAX]=0000000000000000
RAX=0000000000000000 RBX=00ffffff0000000a RCX=0000000000000008 RDX=0000000000000000
RSI=0000000000000001 RDI=0000000000000018 RBP=000000000011512a RSP=000000000800ffc8
R8 =0000000000142d60 R9 =00000000fd0cf010 R10=00000000000cf000 R11=0000000000126de8
R12=00ffffff00000000 R13=000000000011512a R14=0000000000136430 R15=0000000000000000
RIP=0000000000100a30 RFL=00000202 [-------] CPL=0 II=0 A20=1 SMM=0 HLT=0
ES =0010 0000000000000000 ffffffff 00af9300 DPL=0 DS   [-WA]
CS =0008 0000000000000000 ffffffff 00af9a00 DPL=0 CS64 [-R-]
SS =0010 0000000000000000 ffffffff 00af9300 DPL=0 DS   [-WA]
DS =0010 0000000000000000 ffffffff 00af9300 DPL=0 DS   [-WA]
FS =0018 0000000000000000 ffffffff 00cf9300 DPL=0 DS   [-WA]
GS =0018 0000000000000000 ffffffff 00cf9300 DPL=0 DS   [-WA]
LDT=0000 0000000000000000 0000ffff 00008200 DPL=0 LDT
TR =0000 0000000000000000 0000ffff 00008b00 DPL=0 TSS64-busy
GDT=     00000000001001d0 00000017
IDT=     0000000000142dc0 00000fff
CR0=80000011 CR2=0000000000000000 CR3=0000000001000000 CR4=00000020
DR0=0000000000000000 DR1=0000000000000000 DR2=0000000000000000 DR3=0000000000000000 
DR6=00000000ffff0ff0 DR7=0000000000000400
CCS=0000000000000000 CCD=0000000006df0523 CCO=EFLAGS
EFER=0000000000000500
Servicing hardware INT=0x20
   113: v=20 e=0000 i=0 cpl=0 IP=0008:0000000000100a30 pc=0000000000100a30 SP=0010:000000000800ffc8 env->regs[R_EAX]=0000000000000000
RAX=0000000000000000 RBX=00ffffff0000000a RCX=0000000000000008 RDX=0000000000000000
RSI=0000000000000001 RDI=0000000000000018 RBP=000000000011512a RSP=000000000800ffc8
R8 =0000000000142d60 R9 =00000000fd0cf010 R10=00000000000cf000 R11=0000000000126de8
R12=00ffffff00000000 R13=000000000011512a R14=0000000000136430 R15=0000000000000000
RIP=0000000000100a30 RFL=00000206 [-----P-] CPL=0 II=0 A20=1 SMM=0 HLT=0
ES =0010 0000000000000000 ffffffff 00af9300 DPL=0 DS   [-WA]
CS =0008 0000000000000000 ffffffff 00af9a00 DPL=0 CS64 [-R-]
SS =0010 0000000000000000 ffffffff 00af9300 DPL=0 DS   [-WA]
DS =0010 0000000000000000 ffffffff 00af9300 DPL=0 DS   [-WA]
FS =0018 0000000000000000 ffffffff 00cf9300 DPL=0 DS   [-WA]
GS =0018 0000000000000000 ffffffff 00cf9300 DPL=0 DS   [-WA]
LDT=0000 0000000000000000 0000ffff 00008200 DPL=0 LDT
TR =0000 0000000000000000 0000ffff 00008b00 DPL=0 TSS64-busy
GDT=     00000000001001d0 00000017
IDT=     0000000000142dc0 00000fff
CR0=80000011 CR2=0000000000000000 CR3=0000000001000000 CR4=00000020
DR0=0000000000000000 DR1=0000000000000000 DR2=0000000000000000 DR3=0000000000000000 
DR6=00000000ffff0ff0 DR7=0000000000000400
CCS=0000000000000004 CCD=00000000070dd73f CCO=EFLAGS
EFER=0000000000000500
Servicing hardware INT=0x20
   114: v=20 e=0000 i=0 cpl=0 IP=0008:0000000000100a30 pc=0000000000100a30 SP=0010:000000000800ffc8 env->regs[R_EAX]=0000000000000000
RAX=0000000000000000 RBX=00ffffff0000000a RCX=0000000000000008 RDX=0000000000000000
RSI=0000000000000001 RDI=0000000000000018 RBP=000000000011512a RSP=000000000800ffc8
R8 =0000000000142d60 R9 =00000000fd0cf010 R10=00000000000cf000 R11=0000000000126de8
R12=00ffffff00000000 R13=000000000011512a R14=0000000000136430 R15=0000000000000000
RIP=0000000000100a30 RFL=00000202 [-------] CPL=0 II=0 A20=1 SMM=0 HLT=0
ES =0010 0000000000000000 ffffffff 00af9300 DPL=0 DS   [-WA]
CS =0008 0000000000000000 ffffffff 00af9a00 DPL=0 CS64 [-R-]
SS =0010 0000000000000000 ffffffff 00af9300 DPL=0 DS   [-WA]
DS =0010 0000000000000000 ffffffff 00af9300 DPL=0 DS   [-WA]
FS =0018 0000000000000000 ffffffff 00cf9300 DPL=0 DS   [-WA]
GS =0018 0000000000000000 ffffffff 00cf9300 DPL=0 DS   [-WA]
LDT=0000 0000000000000000 0000ffff 00008200 DPL=0 LDT
TR =0000 0000000000000000 0000ffff 00008b00 DPL=0 TSS64-busy
GDT=     00000000001001d0 00000017
IDT=     0000000000142dc0 00000fff
CR0=80000011 CR2=0000000000000000 CR3=0000000001000000 CR4=00000020
DR0=0000000000000000 DR1=0000000000000000 DR2=0000000000000000 DR3=0000000000000000 
DR6=00000000ffff0ff0 DR7=0000000000000400
CCS=0000000000000000 CCD=0000000007449f4c CCO=EFLAGS
EFER=0000000000000500
Servicing hardware INT=0x20
   115: v=20 e=0000 i=0 cpl=0 IP=0008:0000000000100a30 pc=0000000000100a30 SP=0010:000000000800ffc8 env->regs[R_EAX]=0000000000000000
RAX=0000000000000000 RBX=00ffffff0000000a RCX=0000000000000008 RDX=0000000000000000
RSI=0000000000000001 RDI=0000000000000018 RBP=000000000011512a RSP=000000000800ffc8
R8 =0000000000142d60 R9 =00000000fd0cf010 R10=00000000000cf000 R11=0000000000126de8
R12=00ffffff00000000 R13=000000000011512a R14=0000000000136430 R15=0000000000000000
RIP=0000000000100a30 RFL=00000202 [-------] CPL=0 II=0 A20=1 SMM=0 HLT=0
ES =0010 0000000000000000 ffffffff 00af9300 DPL=0 DS   [-WA]
CS =0008 0000000000000000 ffffffff 00af9a00 DPL=0 CS64 [-R-]
SS =0010 0000000000000000 ffffffff 00af9300 DPL=0 DS   [-WA]
DS =0010 0000000000000000 ffffffff 00af9300 DPL=0 DS   [-WA]
FS =0018 0000000000000000 ffffffff 00cf9300 DPL=0 DS   [-WA]
GS =0018 0000000000000000 ffffffff 00cf9300 DPL=0 DS   [-WA]
LDT=0000 0000000000000000 0000ffff 00008200 DPL=0 LDT
TR =0000 0000000000000000 0000ffff 00008b00 DPL=0 TSS64-busy
GDT=     00000000001001d0 00000017
IDT=     0000000000142dc0 00000fff
CR0=80000011 CR2=0000000000000000 CR3=0000000001000000 CR4=00000020
DR0=0000000000000000 DR1=0000000000000000 DR2=0000000000000000 DR3=0000000000000000 
DR6=00000000ffff0ff0 DR7=0000000000000400
CCS=0000000000000000 CCD=0000000007794d4f CCO=EFLAGS
EFER=0000000000000500
Servicing hardware INT=0x20
   116: v=20 e=0000 i=0 cpl=0 IP=0008:0000000000100a30 pc=0000000000100a30 SP=0010:000000000800ffc8 env->regs[R_EAX]=0000000000000000
RAX=0000000000000000 RBX=00ffffff0000000a RCX=0000000000000008 RDX=0000000000000000
RSI=0000000000000001 RDI=0000000000000018 RBP=000000000011512a RSP=000000000800ffc8
R8 =0000000000142d60 R9 =00000000fd0cf010 R10=00000000000cf000 R11=0000000000126de8
R12=00ffffff00000000 R13=000000000011512a R14=0000000000136430 R15=0000000000000000
RIP=0000000000100a30 RFL=00000202 [-------] CPL=0 II=0 A20=1 SMM=0 HLT=0
ES =0010 0000000000000000 ffffffff 00af9300 DPL=0 DS   [-WA]
CS =0008 0000000000000000 ffffffff 00af9a00 DPL=0 CS64 [-R-]
SS =0010 0000000000000000 ffffffff 00af9300 DPL=0 DS   [-WA]
DS =0010 0000000000000000 ffffffff 00af9300 DPL=0 DS   [-WA]
FS =0018 0000000000000000 ffffffff 00cf9300 DPL=0 DS   [-WA]
GS =0018 0000000000000000 ffffffff 00cf9300 DPL=0 DS   [-WA]
LDT=0000 0000000000000000 0000ffff 00008200 DPL=0 LDT
TR =0000 0000000000000000 0000ffff 00008b00 DPL=0 TSS64-busy
GDT=     00000000001001d0 00000017
IDT=     0000000000142dc0 00000fff
CR0=80000011 CR2=0000000000000000 CR3=0000000001000000 CR4=00000020
DR0=0000000000000000 DR1=0000000000000000 DR2=0000000000000000 DR3=0000000000000000 
DR6=00000000ffff0ff0 DR7=0000000000000400
CCS=0000000000000000 CCD=0000000007abc34c CCO=EFLAGS
EFER=0000000000000500
Servicing hardware INT=0x20
   117: v=20 e=0000 i=0 cpl=0 IP=0008:0000000000100a30 pc=0000000000100a30 SP=0010:000000000800ffc8 env->regs[R_EAX]=0000000000000000
RAX=0000000000000000 RBX=00ffffff0000000a RCX=0000000000000008 RDX=0000000000000000
RSI=0000000000000001 RDI=0000000000000018 RBP=000000000011512a RSP=000000000800ffc8
R8 =0000000000142d60 R9 =00000000fd0cf010 R10=00000000000cf000 R11=0000000000126de8
R12=00ffffff00000000 R13=000000000011512a R14=0000000000136430 R15=0000000000000000
RIP=0000000000100a30 RFL=00000206 [-----P-] CPL=0 II=0 A20=1 SMM=0 HLT=0
ES =0010 0000000000000000 ffffffff 00af9300 DPL=0 DS   [-WA]
CS =0008 0000000000000000 ffffffff 00af9a00 DPL=0 CS64 [-R-]
SS =0010 0000000000000000 ffffffff 00af9300 DPL=0 DS   [-WA]
DS =0010 0000000000000000 ffffffff 00af9300 DPL=0 DS   [-WA]
FS =0018 0000000000000000 ffffffff 00cf9300 DPL=0 DS   [-WA]
GS =0018 0000000000000000 ffffffff 00cf9300 DPL=0 DS   [-WA]
LDT=0000 0000000000000000 0000ffff 00008200 DPL=0 LDT
TR =0000 0000000000000000 0000ffff 00008b00 DPL=0 TSS64-busy
GDT=     00000000001001d0 00000017
IDT=     0000000000142dc0 00000fff
CR0=80000011 CR2=0000000000000000 CR3=0000000001000000 CR4=00000020
DR0=0000000000000000 DR1=0000000000000000 DR2=0000000000000000 DR3=0000000000000000 
DR6=00000000ffff0ff0 DR7=0000000000000400
CCS=0000000000000004 CCD=0000000007e24a17 CCO=EFLAGS
EFER=0000000000000500
Servicing hardware INT=0x20
   118: v=20 e=0000 i=0 cpl=0 IP=0008:0000000000100a30 pc=0000000000100a30 SP=0010:000000000800ffc8 env->regs[R_EAX]=0000000000000000
RAX=0000000000000000 RBX=00ffffff0000000a RCX=0000000000000008 RDX=0000000000000000
RSI=0000000000000001 RDI=0000000000000018 RBP=000000000011512a RSP=000000000800ffc8
R8 =0000000000142d60 R9 =00000000fd0cf010 R10=00000000000cf000 R11=0000000000126de8
R12=00ffffff00000000 R13=000000000011512a R14=0000000000136430 R15=0000000000000000
RIP=0000000000100a30 RFL=00000206 [-----P-] CPL=0 II=0 A20=1 SMM=0 HLT=0
ES =0010 0000000000000000 ffffffff 00af9300 DPL=0 DS   [-WA]
CS =0008 0000000000000000 ffffffff 00af9a00 DPL=0 CS64 [-R-]
SS =0010 0000000000000000 ffffffff 00af9300 DPL=0 DS   [-WA]
DS =0010 0000000000000000 ffffffff 00af9300 DPL=0 DS   [-WA]
FS =0018 0000000000000000 ffffffff 00cf9300 DPL=0 DS   [-WA]
GS =0018 0000000000000000 ffffffff 00cf9300 DPL=0 DS   [-WA]
LDT=0000 0000000000000000 0000ffff 00008200 DPL=0 LDT
TR =0000 0000000000000000 0000ffff 00008b00 DPL=0 TSS64-busy
GDT=     00000000001001d0 00000017
IDT=     0000000000142dc0 00000fff
CR0=80000011 CR2=0000000000000000 CR3=0000000001000000 CR4=00000020
DR0=0000000000000000 DR1=0000000000000000 DR2=0000000000000000 DR3=0000000000000000 
DR6=00000000ffff0ff0 DR7=0000000000000400
CCS=0000000000000004 CCD=00000000081875a5 CCO=EFLAGS
EFER=0000000000000500
Servicing hardware INT=0x20
   119: v=20 e=0000 i=0 cpl=0 IP=0008:0000000000100aa0 pc=0000000000100aa0 SP=0010:000000000800ffc8 env->regs[R_EAX]=0000000000000000
RAX=0000000000000000 RBX=00ffffff0000000a RCX=0000000000000008 RDX=0000000000000000
RSI=0000000000000001 RDI=0000000000000018 RBP=0000000000115136 RSP=000000000800ffc8
R8 =0000000000142d60 R9 =00000000fd0ef010 R10=00000000000ef000 R11=0000000000126de8
R12=00ffffff00000000 R13=0000000000115136 R14=0000000000136430 R15=0000000000000000
RIP=0000000000100aa0 RFL=00010206 [-----P-] CPL=0 II=0 A20=1 SMM=0 HLT=0
ES =0010 0000000000000000 ffffffff 00af9300 DPL=0 DS   [-WA]
CS =0008 0000000000000000 ffffffff 00af9a00 DPL=0 CS64 [-R-]
SS =0010 0000000000000000 ffffffff 00af9300 DPL=0 DS   [-WA]
DS =0010 0000000000000000 ffffffff 00af9300 DPL=0 DS   [-WA]
FS =0018 0000000000000000 ffffffff 00cf9300 DPL=0 DS   [-WA]
GS =0018 0000000000000000 ffffffff 00cf9300 DPL=0 DS   [-WA]
LDT=0000 0000000000000000 0000ffff 00008200 DPL=0 LDT
TR =0000 0000000000000000 0000ffff 00008b00 DPL=0 TSS64-busy
GDT=     00000000001001d0 00000017
IDT=     0000000000142dc0 00000fff
CR0=80000011 CR2=0000000000000000 CR3=0000000001017000 CR4=00000020
DR0=0000000000000000 DR1=0000000000000000 DR2=0000000000000000 DR3=0000000000000000 
DR6=00000000ffff0ff0 DR7=0000000000000400
CCS=0000000000000004 CCD=000000000800ff18 CCO=EFLAGS
EFER=0000000000000500
Servicing hardware INT=0x20
   120: v=20 e=0000 i=0 cpl=0 IP=0008:0000000000100aa0 pc=0000000000100aa0 SP=0010:000000000800ffc8 env->regs[R_EAX]=0000000000000000
RAX=0000000000000000 RBX=00ffffff0000000a RCX=0000000000000008 RDX=0000000000000000
RSI=0000000000000001 RDI=0000000000000018 RBP=0000000000115136 RSP=000000000800ffc8
R8 =0000000000142d60 R9 =00000000fd0ef010 R10=00000000000ef000 R11=0000000000126de8
R12=00ffffff00000000 R13=0000000000115136 R14=0000000000136430 R15=0000000000000000
RIP=0000000000100aa0 RFL=00000202 [-------] CPL=0 II=0 A20=1 SMM=0 HLT=0
ES =0010 0000000000000000 ffffffff 00af9300 DPL=0 DS   [-WA]
CS =0008 0000000000000000 ffffffff 00af9a00 DPL=0 CS64 [-R-]
SS =0010 0000000000000000 ffffffff 00af9300 DPL=0 DS   [-WA]
DS =0010 0000000000000000 ffffffff 00af9300 DPL=0 DS   [-WA]
FS =0018 0000000000000000 ffffffff 00cf9300 DPL=0 DS   [-WA]
GS =0018 0000000000000000 ffffffff 00cf9300 DPL=0 DS   [-WA]
LDT=0000 0000000000000000 0000ffff 00008200 DPL=0 LDT
TR =0000 0000000000000000 0000ffff 00008b00 DPL=0 TSS64-busy
GDT=     00000000001001d0 00000017
IDT=     0000000000142dc0 00000fff
CR0=80000011 CR2=0000000000000000 CR3=0000000001017000 CR4=00000020
DR0=0000000000000000 DR1=0000000000000000 DR2=0000000000000000 DR3=0000000000000000 
DR6=00000000ffff0ff0 DR7=0000000000000400
CCS=0000000000000000 CCD=0000000006921de5 CCO=EFLAGS
EFER=0000000000000500
Servicing hardware INT=0x20
   121: v=20 e=0000 i=0 cpl=0 IP=0008:0000000000100aa0 pc=0000000000100aa0 SP=0010:000000000800ffc8 env->regs[R_EAX]=0000000000000000
RAX=0000000000000000 RBX=00ffffff0000000a RCX=0000000000000008 RDX=0000000000000000
RSI=0000000000000001 RDI=0000000000000018 RBP=0000000000115136 RSP=000000000800ffc8
R8 =0000000000142d60 R9 =00000000fd0ef010 R10=00000000000ef000 R11=0000000000126de8
R12=00ffffff00000000 R13=0000000000115136 R14=0000000000136430 R15=0000000000000000
RIP=0000000000100aa0 RFL=00000202 [-------] CPL=0 II=0 A20=1 SMM=0 HLT=0
ES =0010 0000000000000000 ffffffff 00af9300 DPL=0 DS   [-WA]
CS =0008 0000000000000000 ffffffff 00af9a00 DPL=0 CS64 [-R-]
SS =0010 0000000000000000 ffffffff 00af9300 DPL=0 DS   [-WA]
DS =0010 0000000000000000 ffffffff 00af9300 DPL=0 DS   [-WA]
FS =0018 0000000000000000 ffffffff 00cf9300 DPL=0 DS   [-WA]
GS =0018 0000000000000000 ffffffff 00cf9300 DPL=0 DS   [-WA]
LDT=0000 0000000000000000 0000ffff 00008200 DPL=0 LDT
TR =0000 0000000000000000 0000ffff 00008b00 DPL=0 TSS64-busy
GDT=     00000000001001d0 00000017
IDT=     0000000000142dc0 00000fff
CR0=80000011 CR2=0000000000000000 CR3=0000000001017000 CR4=00000020
DR0=0000000000000000 DR1=0000000000000000 DR2=0000000000000000 DR3=0000000000000000 
DR6=00000000ffff0ff0 DR7=0000000000000400
CCS=0000000000000000 CCD=0000000006b6acf4 CCO=EFLAGS
EFER=0000000000000500
Servicing hardware INT=0x20
   122: v=20 e=0000 i=0 cpl=0 IP=0008:0000000000100aa0 pc=0000000000100aa0 SP=0010:000000000800ffc8 env->regs[R_EAX]=0000000000000000
RAX=0000000000000000 RBX=00ffffff0000000a RCX=0000000000000008 RDX=0000000000000000
RSI=0000000000000001 RDI=0000000000000018 RBP=0000000000115136 RSP=000000000800ffc8
R8 =0000000000142d60 R9 =00000000fd0ef010 R10=00000000000ef000 R11=0000000000126de8
R12=00ffffff00000000 R13=0000000000115136 R14=0000000000136430 R15=0000000000000000
RIP=0000000000100aa0 RFL=00000202 [-------] CPL=0 II=0 A20=1 SMM=0 HLT=0
ES =0010 0000000000000000 ffffffff 00af9300 DPL=0 DS   [-WA]
CS =0008 0000000000000000 ffffffff 00af9a00 DPL=0 CS64 [-R-]
SS =0010 0000000000000000 ffffffff 00af9300 DPL=0 DS   [-WA]
DS =0010 0000000000000000 ffffffff 00af9300 DPL=0 DS   [-WA]
FS =0018 0000000000000000 ffffffff 00cf9300 DPL=0 DS   [-WA]
GS =0018 0000000000000000 ffffffff 00cf9300 DPL=0 DS   [-WA]
LDT=0000 0000000000000000 0000ffff 00008200 DPL=0 LDT
TR =0000 0000000000000000 0000ffff 00008b00 DPL=0 TSS64-busy
GDT=     00000000001001d0 00000017
IDT=     0000000000142dc0 00000fff
CR0=80000011 CR2=0000000000000000 CR3=0000000001017000 CR4=00000020
DR0=0000000000000000 DR1=0000000000000000 DR2=0000000000000000 DR3=0000000000000000 
DR6=00000000ffff0ff0 DR7=0000000000000400
CCS=0000000000000000 CCD=0000000006dd5fea CCO=EFLAGS
EFER=0000000000000500
Servicing hardware INT=0x20
   123: v=20 e=0000 i=0 cpl=0 IP=0008:0000000000100aa0 pc=0000000000100aa0 SP=0010:000000000800ffc8 env->regs[R_EAX]=0000000000000000
RAX=0000000000000000 RBX=00ffffff0000000a RCX=0000000000000008 RDX=0000000000000000
RSI=0000000000000001 RDI=0000000000000018 RBP=0000000000115136 RSP=000000000800ffc8
R8 =0000000000142d60 R9 =00000000fd0ef010 R10=00000000000ef000 R11=0000000000126de8
R12=00ffffff00000000 R13=0000000000115136 R14=0000000000136430 R15=0000000000000000
RIP=0000000000100aa0 RFL=00010202 [-------] CPL=0 II=0 A20=1 SMM=0 HLT=0
ES =0010 0000000000000000 ffffffff 00af9300 DPL=0 DS   [-WA]
CS =0008 0000000000000000 ffffffff 00af9a00 DPL=0 CS64 [-R-]
SS =0010 0000000000000000 ffffffff 00af9300 DPL=0 DS   [-WA]
DS =0010 0000000000000000 ffffffff 00af9300 DPL=0 DS   [-WA]
FS =0018 0000000000000000 ffffffff 00cf9300 DPL=0 DS   [-WA]
GS =0018 0000000000000000 ffffffff 00cf9300 DPL=0 DS   [-WA]
LDT=0000 0000000000000000 0000ffff 00008200 DPL=0 LDT
TR =0000 0000000000000000 0000ffff 00008b00 DPL=0 TSS64-busy
GDT=     00000000001001d0 00000017
IDT=     0000000000142dc0 00000fff
CR0=80000011 CR2=0000000000000000 CR3=0000000001017000 CR4=00000020
DR0=0000000000000000 DR1=0000000000000000 DR2=0000000000000000 DR3=0000000000000000 
DR6=00000000ffff0ff0 DR7=0000000000000400
CCS=0000000000000000 CCD=000000000800ff18 CCO=EFLAGS
EFER=0000000000000500
Servicing hardware INT=0x20
   124: v=20 e=0000 i=0 cpl=0 IP=0008:0000000000100aa0 pc=0000000000100aa0 SP=0010:000000000800ffc8 env->regs[R_EAX]=0000000000000000
RAX=0000000000000000 RBX=00ffffff0000000a RCX=0000000000000008 RDX=0000000000000000
RSI=0000000000000001 RDI=0000000000000018 RBP=0000000000115136 RSP=000000000800ffc8
R8 =0000000000142d60 R9 =00000000fd0ef010 R10=00000000000ef000 R11=0000000000126de8
R12=00ffffff00000000 R13=0000000000115136 R14=0000000000136430 R15=0000000000000000
RIP=0000000000100aa0 RFL=00000202 [-------] CPL=0 II=0 A20=1 SMM=0 HLT=0
ES =0010 0000000000000000 ffffffff 00af9300 DPL=0 DS   [-WA]
CS =0008 0000000000000000 ffffffff 00af9a00 DPL=0 CS64 [-R-]
SS =0010 0000000000000000 ffffffff 00af9300 DPL=0 DS   [-WA]
DS =0010 0000000000000000 ffffffff 00af9300 DPL=0 DS   [-WA]
FS =0018 0000000000000000 ffffffff 00cf9300 DPL=0 DS   [-WA]
GS =0018 0000000000000000 ffffffff 00cf9300 DPL=0 DS   [-WA]
LDT=0000 0000000000000000 0000ffff 00008200 DPL=0 LDT
TR =0000 0000000000000000 0000ffff 00008b00 DPL=0 TSS64-busy
GDT=     00000000001001d0 00000017
IDT=     0000000000142dc0 00000fff
CR0=80000011 CR2=0000000000000000 CR3=0000000001017000 CR4=00000020
DR0=0000000000000000 DR1=0000000000000000 DR2=0000000000000000 DR3=0000000000000000 
DR6=00000000ffff0ff0 DR7=0000000000000400
CCS=0000000000000000 CCD=000000000710e1ce CCO=EFLAGS
EFER=0000000000000500
Servicing hardware INT=0x20
   125: v=20 e=0000 i=0 cpl=0 IP=0008:0000000000100aa0 pc=0000000000100aa0 SP=0010:000000000800ffc8 env->regs[R_EAX]=0000000000000000
RAX=0000000000000000 RBX=00ffffff0000000a RCX=0000000000000008 RDX=0000000000000000
RSI=0000000000000001 RDI=0000000000000018 RBP=0000000000115136 RSP=000000000800ffc8
R8 =0000000000142d60 R9 =00000000fd0ef010 R10=00000000000ef000 R11=0000000000126de8
R12=00ffffff00000000 R13=0000000000115136 R14=0000000000136430 R15=0000000000000000
RIP=0000000000100aa0 RFL=00000212 [----A--] CPL=0 II=0 A20=1 SMM=0 HLT=0
ES =0010 0000000000000000 ffffffff 00af9300 DPL=0 DS   [-WA]
CS =0008 0000000000000000 ffffffff 00af9a00 DPL=0 CS64 [-R-]
SS =0010 0000000000000000 ffffffff 00af9300 DPL=0 DS   [-WA]
DS =0010 0000000000000000 ffffffff 00af9300 DPL=0 DS   [-WA]
FS =0018 0000000000000000 ffffffff 00cf9300 DPL=0 DS   [-WA]
GS =0018 0000000000000000 ffffffff 00cf9300 DPL=0 DS   [-WA]
LDT=0000 0000000000000000 0000ffff 00008200 DPL=0 LDT
TR =0000 0000000000000000 0000ffff 00008b00 DPL=0 TSS64-busy
GDT=     00000000001001d0 00000017
IDT=     0000000000142dc0 00000fff
CR0=80000011 CR2=0000000000000000 CR3=0000000001017000 CR4=00000020
DR0=0000000000000000 DR1=0000000000000000 DR2=0000000000000000 DR3=0000000000000000 
DR6=00000000ffff0ff0 DR7=0000000000000400
CCS=0000000000000010 CCD=000000000744bc70 CCO=EFLAGS
EFER=0000000000000500
Servicing hardware INT=0x20
   126: v=20 e=0000 i=0 cpl=0 IP=0008:0000000000100aa0 pc=0000000000100aa0 SP=0010:000000000800ffc8 env->regs[R_EAX]=0000000000000000
RAX=0000000000000000 RBX=00ffffff0000000a RCX=0000000000000008 RDX=0000000000000000
RSI=0000000000000001 RDI=0000000000000018 RBP=0000000000115136 RSP=000000000800ffc8
R8 =0000000000142d60 R9 =00000000fd0ef010 R10=00000000000ef000 R11=0000000000126de8
R12=00ffffff00000000 R13=0000000000115136 R14=0000000000136430 R15=0000000000000000
RIP=0000000000100aa0 RFL=00000202 [-------] CPL=0 II=0 A20=1 SMM=0 HLT=0
ES =0010 0000000000000000 ffffffff 00af9300 DPL=0 DS   [-WA]
CS =0008 0000000000000000 ffffffff 00af9a00 DPL=0 CS64 [-R-]
SS =0010 0000000000000000 ffffffff 00af9300 DPL=0 DS   [-WA]
DS =0010 0000000000000000 ffffffff 00af9300 DPL=0 DS   [-WA]
FS =0018 0000000000000000 ffffffff 00cf9300 DPL=0 DS   [-WA]
GS =0018 0000000000000000 ffffffff 00cf9300 DPL=0 DS   [-WA]
LDT=0000 0000000000000000 0000ffff 00008200 DPL=0 LDT
TR =0000 0000000000000000 0000ffff 00008b00 DPL=0 TSS64-busy
GDT=     00000000001001d0 00000017
IDT=     0000000000142dc0 00000fff
CR0=80000011 CR2=0000000000000000 CR3=0000000001017000 CR4=00000020
DR0=0000000000000000 DR1=0000000000000000 DR2=0000000000000000 DR3=0000000000000000 
DR6=00000000ffff0ff0 DR7=0000000000000400
CCS=0000000000000000 CCD=000000000779b4d9 CCO=EFLAGS
EFER=0000000000000500
Servicing hardware INT=0x20
   127: v=20 e=0000 i=0 cpl=0 IP=0008:0000000000100aa0 pc=0000000000100aa0 SP=0010:000000000800ffc8 env->regs[R_EAX]=0000000000000000
RAX=0000000000000000 RBX=00ffffff0000000a RCX=0000000000000008 RDX=0000000000000000
RSI=0000000000000001 RDI=0000000000000018 RBP=0000000000115136 RSP=000000000800ffc8
R8 =0000000000142d60 R9 =00000000fd0ef010 R10=00000000000ef000 R11=0000000000126de8
R12=00ffffff00000000 R13=0000000000115136 R14=0000000000136430 R15=0000000000000000
RIP=0000000000100aa0 RFL=00000206 [-----P-] CPL=0 II=0 A20=1 SMM=0 HLT=0
ES =0010 0000000000000000 ffffffff 00af9300 DPL=0 DS   [-WA]
CS =0008 0000000000000000 ffffffff 00af9a00 DPL=0 CS64 [-R-]
SS =0010 0000000000000000 ffffffff 00af9300 DPL=0 DS   [-WA]
DS =0010 0000000000000000 ffffffff 00af9300 DPL=0 DS   [-WA]
FS =0018 0000000000000000 ffffffff 00cf9300 DPL=0 DS   [-WA]
GS =0018 0000000000000000 ffffffff 00cf9300 DPL=0 DS   [-WA]
LDT=0000 0000000000000000 0000ffff 00008200 DPL=0 LDT
TR =0000 0000000000000000 0000ffff 00008b00 DPL=0 TSS64-busy
GDT=     00000000001001d0 00000017
IDT=     0000000000142dc0 00000fff
CR0=80000011 CR2=0000000000000000 CR3=0000000001017000 CR4=00000020
DR0=0000000000000000 DR1=0000000000000000 DR2=0000000000000000 DR3=0000000000000000 
DR6=00000000ffff0ff0 DR7=0000000000000400
CCS=0000000000000004 CCD=0000000007c69dee CCO=EFLAGS
EFER=0000000000000500
Servicing hardware INT=0x20
   128: v=20 e=0000 i=0 cpl=0 IP=0008:0000000000100aa0 pc=0000000000100aa0 SP=0010:000000000800ffc8 env->regs[R_EAX]=0000000000000000
RAX=0000000000000000 RBX=00ffffff0000000a RCX=0000000000000008 RDX=0000000000000000
RSI=0000000000000001 RDI=0000000000000018 RBP=0000000000115136 RSP=000000000800ffc8
R8 =0000000000142d60 R9 =00000000fd0ef010 R10=00000000000ef000 R11=0000000000126de8
R12=00ffffff00000000 R13=0000000000115136 R14=0000000000136430 R15=0000000000000000
RIP=0000000000100aa0 RFL=00000202 [-------] CPL=0 II=0 A20=1 SMM=0 HLT=0
ES =0010 0000000000000000 ffffffff 00af9300 DPL=0 DS   [-WA]
CS =0008 0000000000000000 ffffffff 00af9a00 DPL=0 CS64 [-R-]
SS =0010 0000000000000000 ffffffff 00af9300 DPL=0 DS   [-WA]
DS =0010 0000000000000000 ffffffff 00af9300 DPL=0 DS   [-WA]
FS =0018 0000000000000000 ffffffff 00cf9300 DPL=0 DS   [-WA]
GS =0018 0000000000000000 ffffffff 00cf9300 DPL=0 DS   [-WA]
LDT=0000 0000000000000000 0000ffff 00008200 DPL=0 LDT
TR =0000 0000000000000000 0000ffff 00008b00 DPL=0 TSS64-busy
GDT=     00000000001001d0 00000017
IDT=     0000000000142dc0 00000fff
CR0=80000011 CR2=0000000000000000 CR3=0000000001017000 CR4=00000020
DR0=0000000000000000 DR1=0000000000000000 DR2=0000000000000000 DR3=0000000000000000 
DR6=00000000ffff0ff0 DR7=0000000000000400
CCS=0000000000000000 CCD=0000000007dc3113 CCO=EFLAGS
EFER=0000000000000500
Servicing hardware INT=0x20
   129: v=20 e=0000 i=0 cpl=0 IP=0008:0000000000100a30 pc=0000000000100a30 SP=0010:000000000800ffc8 env->regs[R_EAX]=0000000000000000
RAX=0000000000000000 RBX=00ffffff0000000a RCX=0000000000000008 RDX=0000000000000000
RSI=0000000000000001 RDI=0000000000000018 RBP=000000000011512a RSP=000000000800ffc8
R8 =0000000000142d60 R9 =00000000fd0cf010 R10=00000000000cf000 R11=0000000000126de8
R12=00ffffff00000000 R13=000000000011512a R14=0000000000136430 R15=0000000000000000
RIP=0000000000100a30 RFL=00010206 [-----P-] CPL=0 II=0 A20=1 SMM=0 HLT=0
ES =0010 0000000000000000 ffffffff 00af9300 DPL=0 DS   [-WA]
CS =0008 0000000000000000 ffffffff 00af9a00 DPL=0 CS64 [-R-]
SS =0010 0000000000000000 ffffffff 00af9300 DPL=0 DS   [-WA]
DS =0010 0000000000000000 ffffffff 00af9300 DPL=0 DS   [-WA]
FS =0018 0000000000000000 ffffffff 00cf9300 DPL=0 DS   [-WA]
GS =0018 0000000000000000 ffffffff 00cf9300 DPL=0 DS   [-WA]
LDT=0000 0000000000000000 0000ffff 00008200 DPL=0 LDT
TR =0000 0000000000000000 0000ffff 00008b00 DPL=0 TSS64-busy
GDT=     00000000001001d0 00000017
IDT=     0000000000142dc0 00000fff
CR0=80000011 CR2=0000000000000000 CR3=0000000001000000 CR4=00000020
DR0=0000000000000000 DR1=0000000000000000 DR2=0000000000000000 DR3=0000000000000000 
DR6=00000000ffff0ff0 DR7=0000000000000400
CCS=0000000000000004 CCD=000000000800ff18 CCO=EFLAGS
EFER=0000000000000500
Servicing hardware INT=0x20
   130: v=20 e=0000 i=0 cpl=0 IP=0008:0000000000100a30 pc=0000000000100a30 SP=0010:000000000800ffc8 env->regs[R_EAX]=0000000000000000
RAX=0000000000000000 RBX=00ffffff0000000a RCX=0000000000000008 RDX=0000000000000000
RSI=0000000000000001 RDI=0000000000000018 RBP=000000000011512a RSP=000000000800ffc8
R8 =0000000000142d60 R9 =00000000fd0cf010 R10=00000000000cf000 R11=0000000000126de8
R12=00ffffff00000000 R13=000000000011512a R14=0000000000136430 R15=0000000000000000
RIP=0000000000100a30 RFL=00010206 [-----P-] CPL=0 II=0 A20=1 SMM=0 HLT=0
ES =0010 0000000000000000 ffffffff 00af9300 DPL=0 DS   [-WA]
CS =0008 0000000000000000 ffffffff 00af9a00 DPL=0 CS64 [-R-]
SS =0010 0000000000000000 ffffffff 00af9300 DPL=0 DS   [-WA]
DS =0010 0000000000000000 ffffffff 00af9300 DPL=0 DS   [-WA]
FS =0018 0000000000000000 ffffffff 00cf9300 DPL=0 DS   [-WA]
GS =0018 0000000000000000 ffffffff 00cf9300 DPL=0 DS   [-WA]
LDT=0000 0000000000000000 0000ffff 00008200 DPL=0 LDT
TR =0000 0000000000000000 0000ffff 00008b00 DPL=0 TSS64-busy
GDT=     00000000001001d0 00000017
IDT=     0000000000142dc0 00000fff
CR0=80000011 CR2=0000000000000000 CR3=0000000001000000 CR4=00000020
DR0=0000000000000000 DR1=0000000000000000 DR2=0000000000000000 DR3=0000000000000000 
DR6=00000000ffff0ff0 DR7=0000000000000400
CCS=0000000000000004 CCD=000000000800ff18 CCO=EFLAGS
EFER=0000000000000500
Servicing hardware INT=0x20
   131: v=20 e=0000 i=0 cpl=0 IP=0008:0000000000100a30 pc=0000000000100a30 SP=0010:000000000800ffc8 env->regs[R_EAX]=0000000000000000
RAX=0000000000000000 RBX=00ffffff0000000a RCX=0000000000000008 RDX=0000000000000000
RSI=0000000000000001 RDI=0000000000000018 RBP=000000000011512a RSP=000000000800ffc8
R8 =0000000000142d60 R9 =00000000fd0cf010 R10=00000000000cf000 R11=0000000000126de8
R12=00ffffff00000000 R13=000000000011512a R14=0000000000136430 R15=0000000000000000
RIP=0000000000100a30 RFL=00000212 [----A--] CPL=0 II=0 A20=1 SMM=0 HLT=0
ES =0010 0000000000000000 ffffffff 00af9300 DPL=0 DS   [-WA]
CS =0008 0000000000000000 ffffffff 00af9a00 DPL=0 CS64 [-R-]
SS =0010 0000000000000000 ffffffff 00af9300 DPL=0 DS   [-WA]
DS =0010 0000000000000000 ffffffff 00af9300 DPL=0 DS   [-WA]
FS =0018 0000000000000000 ffffffff 00cf9300 DPL=0 DS   [-WA]
GS =0018 0000000000000000 ffffffff 00cf9300 DPL=0 DS   [-WA]
LDT=0000 0000000000000000 0000ffff 00008200 DPL=0 LDT
TR =0000 0000000000000000 0000ffff 00008b00 DPL=0 TSS64-busy
GDT=     00000000001001d0 00000017
IDT=     0000000000142dc0 00000fff
CR0=80000011 CR2=0000000000000000 CR3=0000000001000000 CR4=00000020
DR0=0000000000000000 DR1=0000000000000000 DR2=0000000000000000 DR3=0000000000000000 
DR6=00000000ffff0ff0 DR7=0000000000000400
CCS=0000000000000010 CCD=000000000835a320 CCO=EFLAGS
EFER=0000000000000500
Servicing hardware INT=0x20
   132: v=20 e=0000 i=0 cpl=0 IP=0008:0000000000100a30 pc=0000000000100a30 SP=0010:000000000800ffc8 env->regs[R_EAX]=0000000000000000
RAX=0000000000000000 RBX=00ffffff0000000a RCX=0000000000000008 RDX=0000000000000000
RSI=0000000000000001 RDI=0000000000000018 RBP=000000000011512a RSP=000000000800ffc8
R8 =0000000000142d60 R9 =00000000fd0cf010 R10=00000000000cf000 R11=0000000000126de8
R12=00ffffff00000000 R13=000000000011512a R14=0000000000136430 R15=0000000000000000
RIP=0000000000100a30 RFL=00000206 [-----P-] CPL=0 II=0 A20=1 SMM=0 HLT=0
ES =0010 0000000000000000 ffffffff 00af9300 DPL=0 DS   [-WA]
CS =0008 0000000000000000 ffffffff 00af9a00 DPL=0 CS64 [-R-]
SS =0010 0000000000000000 ffffffff 00af9300 DPL=0 DS   [-WA]
DS =0010 0000000000000000 ffffffff 00af9300 DPL=0 DS   [-WA]
FS =0018 0000000000000000 ffffffff 00cf9300 DPL=0 DS   [-WA]
GS =0018 0000000000000000 ffffffff 00cf9300 DPL=0 DS   [-WA]
LDT=0000 0000000000000000 0000ffff 00008200 DPL=0 LDT
TR =0000 0000000000000000 0000ffff 00008b00 DPL=0 TSS64-busy
GDT=     00000000001001d0 00000017
IDT=     0000000000142dc0 00000fff
CR0=80000011 CR2=0000000000000000 CR3=0000000001000000 CR4=00000020
DR0=0000000000000000 DR1=0000000000000000 DR2=0000000000000000 DR3=0000000000000000 
DR6=00000000ffff0ff0 DR7=0000000000000400
CCS=0000000000000004 CCD=000000000865df0a CCO=EFLAGS
EFER=0000000000000500
Servicing hardware INT=0x20
   133: v=20 e=0000 i=0 cpl=0 IP=0008:0000000000100a30 pc=0000000000100a30 SP=0010:000000000800ffc8 env->regs[R_EAX]=0000000000000000
RAX=0000000000000000 RBX=00ffffff0000000a RCX=0000000000000008 RDX=0000000000000000
RSI=0000000000000001 RDI=0000000000000018 RBP=000000000011512a RSP=000000000800ffc8
R8 =0000000000142d60 R9 =00000000fd0cf010 R10=00000000000cf000 R11=0000000000126de8
R12=00ffffff00000000 R13=000000000011512a R14=0000000000136430 R15=0000000000000000
RIP=0000000000100a30 RFL=00000202 [-------] CPL=0 II=0 A20=1 SMM=0 HLT=0
ES =0010 0000000000000000 ffffffff 00af9300 DPL=0 DS   [-WA]
CS =0008 0000000000000000 ffffffff 00af9a00 DPL=0 CS64 [-R-]
SS =0010 0000000000000000 ffffffff 00af9300 DPL=0 DS   [-WA]
DS =0010 0000000000000000 ffffffff 00af9300 DPL=0 DS   [-WA]
FS =0018 0000000000000000 ffffffff 00cf9300 DPL=0 DS   [-WA]
GS =0018 0000000000000000 ffffffff 00cf9300 DPL=0 DS   [-WA]
LDT=0000 0000000000000000 0000ffff 00008200 DPL=0 LDT
TR =0000 0000000000000000 0000ffff 00008b00 DPL=0 TSS64-busy
GDT=     00000000001001d0 00000017
IDT=     0000000000142dc0 00000fff
CR0=80000011 CR2=0000000000000000 CR3=0000000001000000 CR4=00000020
DR0=0000000000000000 DR1=0000000000000000 DR2=0000000000000000 DR3=0000000000000000 
DR6=00000000ffff0ff0 DR7=0000000000000400
CCS=0000000000000000 CCD=00000000089acc1c CCO=EFLAGS
EFER=0000000000000500
Servicing hardware INT=0x20
   134: v=20 e=0000 i=0 cpl=0 IP=0008:0000000000100a30 pc=0000000000100a30 SP=0010:000000000800ffc8 env->regs[R_EAX]=0000000000000000
RAX=0000000000000000 RBX=00ffffff0000000a RCX=0000000000000008 RDX=0000000000000000
RSI=0000000000000001 RDI=0000000000000018 RBP=000000000011512a RSP=000000000800ffc8
R8 =0000000000142d60 R9 =00000000fd0cf010 R10=00000000000cf000 R11=0000000000126de8
R12=00ffffff00000000 R13=000000000011512a R14=0000000000136430 R15=0000000000000000
RIP=0000000000100a30 RFL=00000202 [-------] CPL=0 II=0 A20=1 SMM=0 HLT=0
ES =0010 0000000000000000 ffffffff 00af9300 DPL=0 DS   [-WA]
CS =0008 0000000000000000 ffffffff 00af9a00 DPL=0 CS64 [-R-]
SS =0010 0000000000000000 ffffffff 00af9300 DPL=0 DS   [-WA]
DS =0010 0000000000000000 ffffffff 00af9300 DPL=0 DS   [-WA]
FS =0018 0000000000000000 ffffffff 00cf9300 DPL=0 DS   [-WA]
GS =0018 0000000000000000 ffffffff 00cf9300 DPL=0 DS   [-WA]
LDT=0000 0000000000000000 0000ffff 00008200 DPL=0 LDT
TR =0000 0000000000000000 0000ffff 00008b00 DPL=0 TSS64-busy
GDT=     00000000001001d0 00000017
IDT=     0000000000142dc0 00000fff
CR0=80000011 CR2=0000000000000000 CR3=0000000001000000 CR4=00000020
DR0=0000000000000000 DR1=0000000000000000 DR2=0000000000000000 DR3=0000000000000000 
DR6=00000000ffff0ff0 DR7=0000000000000400
CCS=0000000000000000 CCD=0000000008ccc93b CCO=EFLAGS
EFER=0000000000000500
Servicing hardware INT=0x20
   135: v=20 e=0000 i=0 cpl=0 IP=0008:0000000000100a30 pc=0000000000100a30 SP=0010:000000000800ffc8 env->regs[R_EAX]=0000000000000000
RAX=0000000000000000 RBX=00ffffff0000000a RCX=0000000000000008 RDX=0000000000000000
RSI=0000000000000001 RDI=0000000000000018 RBP=000000000011512a RSP=000000000800ffc8
R8 =0000000000142d60 R9 =00000000fd0cf010 R10=00000000000cf000 R11=0000000000126de8
R12=00ffffff00000000 R13=000000000011512a R14=0000000000136430 R15=0000000000000000
RIP=0000000000100a30 RFL=00000202 [-------] CPL=0 II=0 A20=1 SMM=0 HLT=0
ES =0010 0000000000000000 ffffffff 00af9300 DPL=0 DS   [-WA]
CS =0008 0000000000000000 ffffffff 00af9a00 DPL=0 CS64 [-R-]
SS =0010 0000000000000000 ffffffff 00af9300 DPL=0 DS   [-WA]
DS =0010 0000000000000000 ffffffff 00af9300 DPL=0 DS   [-WA]
FS =0018 0000000000000000 ffffffff 00cf9300 DPL=0 DS   [-WA]
GS =0018 0000000000000000 ffffffff 00cf9300 DPL=0 DS   [-WA]
LDT=0000 0000000000000000 0000ffff 00008200 DPL=0 LDT
TR =0000 0000000000000000 0000ffff 00008b00 DPL=0 TSS64-busy
GDT=     00000000001001d0 00000017
IDT=     0000000000142dc0 00000fff
CR0=80000011 CR2=0000000000000000 CR3=0000000001000000 CR4=00000020
DR0=0000000000000000 DR1=0000000000000000 DR2=0000000000000000 DR3=0000000000000000 
DR6=00000000ffff0ff0 DR7=0000000000000400
CCS=0000000000000000 CCD=000000000903003b CCO=EFLAGS
EFER=0000000000000500
Servicing hardware INT=0x20
   136: v=20 e=0000 i=0 cpl=0 IP=0008:0000000000100a30 pc=0000000000100a30 SP=0010:000000000800ffc8 env->regs[R_EAX]=0000000000000000
RAX=0000000000000000 RBX=00ffffff0000000a RCX=0000000000000008 RDX=0000000000000000
RSI=0000000000000001 RDI=0000000000000018 RBP=000000000011512a RSP=000000000800ffc8
R8 =0000000000142d60 R9 =00000000fd0cf010 R10=00000000000cf000 R11=0000000000126de8
R12=00ffffff00000000 R13=000000000011512a R14=0000000000136430 R15=0000000000000000
RIP=0000000000100a30 RFL=00000202 [-------] CPL=0 II=0 A20=1 SMM=0 HLT=0
ES =0010 0000000000000000 ffffffff 00af9300 DPL=0 DS   [-WA]
CS =0008 0000000000000000 ffffffff 00af9a00 DPL=0 CS64 [-R-]
SS =0010 0000000000000000 ffffffff 00af9300 DPL=0 DS   [-WA]
DS =0010 0000000000000000 ffffffff 00af9300 DPL=0 DS   [-WA]
FS =0018 0000000000000000 ffffffff 00cf9300 DPL=0 DS   [-WA]
GS =0018 0000000000000000 ffffffff 00cf9300 DPL=0 DS   [-WA]
LDT=0000 0000000000000000 0000ffff 00008200 DPL=0 LDT
TR =0000 0000000000000000 0000ffff 00008b00 DPL=0 TSS64-busy
GDT=     00000000001001d0 00000017
IDT=     0000000000142dc0 00000fff
CR0=80000011 CR2=0000000000000000 CR3=0000000001000000 CR4=00000020
DR0=0000000000000000 DR1=0000000000000000 DR2=0000000000000000 DR3=0000000000000000 
DR6=00000000ffff0ff0 DR7=0000000000000400
CCS=0000000000000000 CCD=0000000009370d51 CCO=EFLAGS
EFER=0000000000000500
Servicing hardware INT=0x20
   137: v=20 e=0000 i=0 cpl=0 IP=0008:0000000000100a30 pc=0000000000100a30 SP=0010:000000000800ffc8 env->regs[R_EAX]=0000000000000000
RAX=0000000000000000 RBX=00ffffff0000000a RCX=0000000000000008 RDX=0000000000000000
RSI=0000000000000001 RDI=0000000000000018 RBP=000000000011512a RSP=000000000800ffc8
R8 =0000000000142d60 R9 =00000000fd0cf010 R10=00000000000cf000 R11=0000000000126de8
R12=00ffffff00000000 R13=000000000011512a R14=0000000000136430 R15=0000000000000000
RIP=0000000000100a30 RFL=00000206 [-----P-] CPL=0 II=0 A20=1 SMM=0 HLT=0
ES =0010 0000000000000000 ffffffff 00af9300 DPL=0 DS   [-WA]
CS =0008 0000000000000000 ffffffff 00af9a00 DPL=0 CS64 [-R-]
SS =0010 0000000000000000 ffffffff 00af9300 DPL=0 DS   [-WA]
DS =0010 0000000000000000 ffffffff 00af9300 DPL=0 DS   [-WA]
FS =0018 0000000000000000 ffffffff 00cf9300 DPL=0 DS   [-WA]
GS =0018 0000000000000000 ffffffff 00cf9300 DPL=0 DS   [-WA]
LDT=0000 0000000000000000 0000ffff 00008200 DPL=0 LDT
TR =0000 0000000000000000 0000ffff 00008b00 DPL=0 TSS64-busy
GDT=     00000000001001d0 00000017
IDT=     0000000000142dc0 00000fff
CR0=80000011 CR2=0000000000000000 CR3=0000000001000000 CR4=00000020
DR0=0000000000000000 DR1=0000000000000000 DR2=0000000000000000 DR3=0000000000000000 
DR6=00000000ffff0ff0 DR7=0000000000000400
CCS=0000000000000004 CCD=0000000009667ae2 CCO=EFLAGS
EFER=0000000000000500
Servicing hardware INT=0x20
   138: v=20 e=0000 i=0 cpl=0 IP=0008:0000000000100a30 pc=0000000000100a30 SP=0010:000000000800ffc8 env->regs[R_EAX]=0000000000000000
RAX=0000000000000000 RBX=00ffffff0000000a RCX=0000000000000008 RDX=0000000000000000
RSI=0000000000000001 RDI=0000000000000018 RBP=000000000011512a RSP=000000000800ffc8
R8 =0000000000142d60 R9 =00000000fd0cf010 R10=00000000000cf000 R11=0000000000126de8
R12=00ffffff00000000 R13=000000000011512a R14=0000000000136430 R15=0000000000000000
RIP=0000000000100a30 RFL=00000206 [-----P-] CPL=0 II=0 A20=1 SMM=0 HLT=0
ES =0010 0000000000000000 ffffffff 00af9300 DPL=0 DS   [-WA]
CS =0008 0000000000000000 ffffffff 00af9a00 DPL=0 CS64 [-R-]
SS =0010 0000000000000000 ffffffff 00af9300 DPL=0 DS   [-WA]
DS =0010 0000000000000000 ffffffff 00af9300 DPL=0 DS   [-WA]
FS =0018 0000000000000000 ffffffff 00cf9300 DPL=0 DS   [-WA]
GS =0018 0000000000000000 ffffffff 00cf9300 DPL=0 DS   [-WA]
LDT=0000 0000000000000000 0000ffff 00008200 DPL=0 LDT
TR =0000 0000000000000000 0000ffff 00008b00 DPL=0 TSS64-busy
GDT=     00000000001001d0 00000017
IDT=     0000000000142dc0 00000fff
CR0=80000011 CR2=0000000000000000 CR3=0000000001000000 CR4=00000020
DR0=0000000000000000 DR1=0000000000000000 DR2=0000000000000000 DR3=0000000000000000 
DR6=00000000ffff0ff0 DR7=0000000000000400
CCS=0000000000000004 CCD=00000000099cd317 CCO=EFLAGS
EFER=0000000000000500
Servicing hardware INT=0x20
   139: v=20 e=0000 i=0 cpl=0 IP=0008:0000000000100aa0 pc=0000000000100aa0 SP=0010:000000000800ffc8 env->regs[R_EAX]=0000000000000000
RAX=0000000000000000 RBX=00ffffff0000000a RCX=0000000000000008 RDX=0000000000000000
RSI=0000000000000001 RDI=0000000000000018 RBP=0000000000115136 RSP=000000000800ffc8
R8 =0000000000142d60 R9 =00000000fd0ef010 R10=00000000000ef000 R11=0000000000126de8
R12=00ffffff00000000 R13=0000000000115136 R14=0000000000136430 R15=0000000000000000
RIP=0000000000100aa0 RFL=00010202 [-------] CPL=0 II=0 A20=1 SMM=0 HLT=0
ES =0010 0000000000000000 ffffffff 00af9300 DPL=0 DS   [-WA]
CS =0008 0000000000000000 ffffffff 00af9a00 DPL=0 CS64 [-R-]
SS =0010 0000000000000000 ffffffff 00af9300 DPL=0 DS   [-WA]
DS =0010 0000000000000000 ffffffff 00af9300 DPL=0 DS   [-WA]
FS =0018 0000000000000000 ffffffff 00cf9300 DPL=0 DS   [-WA]
GS =0018 0000000000000000 ffffffff 00cf9300 DPL=0 DS   [-WA]
LDT=0000 0000000000000000 0000ffff 00008200 DPL=0 LDT
TR =0000 0000000000000000 0000ffff 00008b00 DPL=0 TSS64-busy
GDT=     00000000001001d0 00000017
IDT=     0000000000142dc0 00000fff
CR0=80000011 CR2=0000000000000000 CR3=0000000001017000 CR4=00000020
DR0=0000000000000000 DR1=0000000000000000 DR2=0000000000000000 DR3=0000000000000000 
DR6=00000000ffff0ff0 DR7=0000000000000400
CCS=0000000000000000 CCD=000000000800ff18 CCO=EFLAGS
EFER=0000000000000500
Servicing hardware INT=0x20
   140: v=20 e=0000 i=0 cpl=0 IP=0008:0000000000100aa0 pc=0000000000100aa0 SP=0010:000000000800ffc8 env->regs[R_EAX]=0000000000000000
RAX=0000000000000000 RBX=00ffffff0000000a RCX=0000000000000008 RDX=0000000000000000
RSI=0000000000000001 RDI=0000000000000018 RBP=0000000000115136 RSP=000000000800ffc8
R8 =0000000000142d60 R9 =00000000fd0ef010 R10=00000000000ef000 R11=0000000000126de8
R12=00ffffff00000000 R13=0000000000115136 R14=0000000000136430 R15=0000000000000000
RIP=0000000000100aa0 RFL=00000202 [-------] CPL=0 II=0 A20=1 SMM=0 HLT=0
ES =0010 0000000000000000 ffffffff 00af9300 DPL=0 DS   [-WA]
CS =0008 0000000000000000 ffffffff 00af9a00 DPL=0 CS64 [-R-]
SS =0010 0000000000000000 ffffffff 00af9300 DPL=0 DS   [-WA]
DS =0010 0000000000000000 ffffffff 00af9300 DPL=0 DS   [-WA]
FS =0018 0000000000000000 ffffffff 00cf9300 DPL=0 DS   [-WA]
GS =0018 0000000000000000 ffffffff 00cf9300 DPL=0 DS   [-WA]
LDT=0000 0000000000000000 0000ffff 00008200 DPL=0 LDT
TR =0000 0000000000000000 0000ffff 00008b00 DPL=0 TSS64-busy
GDT=     00000000001001d0 00000017
IDT=     0000000000142dc0 00000fff
CR0=80000011 CR2=0000000000000000 CR3=0000000001017000 CR4=00000020
DR0=0000000000000000 DR1=0000000000000000 DR2=0000000000000000 DR3=0000000000000000 
DR6=00000000ffff0ff0 DR7=0000000000000400
CCS=0000000000000000 CCD=0000000007e0f816 CCO=EFLAGS
EFER=0000000000000500
Servicing hardware INT=0x20
   141: v=20 e=0000 i=0 cpl=0 IP=0008:0000000000100aa0 pc=0000000000100aa0 SP=0010:000000000800ffc8 env->regs[R_EAX]=0000000000000000
RAX=0000000000000000 RBX=00ffffff0000000a RCX=0000000000000008 RDX=0000000000000000
RSI=0000000000000001 RDI=0000000000000018 RBP=0000000000115136 RSP=000000000800ffc8
R8 =0000000000142d60 R9 =00000000fd0ef010 R10=00000000000ef000 R11=0000000000126de8
R12=00ffffff00000000 R13=0000000000115136 R14=0000000000136430 R15=0000000000000000
RIP=0000000000100aa0 RFL=00000206 [-----P-] CPL=0 II=0 A20=1 SMM=0 HLT=0
ES =0010 0000000000000000 ffffffff 00af9300 DPL=0 DS   [-WA]
CS =0008 0000000000000000 ffffffff 00af9a00 DPL=0 CS64 [-R-]
SS =0010 0000000000000000 ffffffff 00af9300 DPL=0 DS   [-WA]
DS =0010 0000000000000000 ffffffff 00af9300 DPL=0 DS   [-WA]
FS =0018 0000000000000000 ffffffff 00cf9300 DPL=0 DS   [-WA]
GS =0018 0000000000000000 ffffffff 00cf9300 DPL=0 DS   [-WA]
LDT=0000 0000000000000000 0000ffff 00008200 DPL=0 LDT
TR =0000 0000000000000000 0000ffff 00008b00 DPL=0 TSS64-busy
GDT=     00000000001001d0 00000017
IDT=     0000000000142dc0 00000fff
CR0=80000011 CR2=0000000000000000 CR3=0000000001017000 CR4=00000020
DR0=0000000000000000 DR1=0000000000000000 DR2=0000000000000000 DR3=0000000000000000 
DR6=00000000ffff0ff0 DR7=0000000000000400
CCS=0000000000000004 CCD=0000000008104ea9 CCO=EFLAGS
EFER=0000000000000500
Servicing hardware INT=0x20
   142: v=20 e=0000 i=0 cpl=0 IP=0008:0000000000100aa0 pc=0000000000100aa0 SP=0010:000000000800ffc8 env->regs[R_EAX]=0000000000000000
RAX=0000000000000000 RBX=00ffffff0000000a RCX=0000000000000008 RDX=0000000000000000
RSI=0000000000000001 RDI=0000000000000018 RBP=0000000000115136 RSP=000000000800ffc8
R8 =0000000000142d60 R9 =00000000fd0ef010 R10=00000000000ef000 R11=0000000000126de8
R12=00ffffff00000000 R13=0000000000115136 R14=0000000000136430 R15=0000000000000000
RIP=0000000000100aa0 RFL=00000202 [-------] CPL=0 II=0 A20=1 SMM=0 HLT=0
ES =0010 0000000000000000 ffffffff 00af9300 DPL=0 DS   [-WA]
CS =0008 0000000000000000 ffffffff 00af9a00 DPL=0 CS64 [-R-]
SS =0010 0000000000000000 ffffffff 00af9300 DPL=0 DS   [-WA]
DS =0010 0000000000000000 ffffffff 00af9300 DPL=0 DS   [-WA]
FS =0018 0000000000000000 ffffffff 00cf9300 DPL=0 DS   [-WA]
GS =0018 0000000000000000 ffffffff 00cf9300 DPL=0 DS   [-WA]
LDT=0000 0000000000000000 0000ffff 00008200 DPL=0 LDT
TR =0000 0000000000000000 0000ffff 00008b00 DPL=0 TSS64-busy
GDT=     00000000001001d0 00000017
IDT=     0000000000142dc0 00000fff
CR0=80000011 CR2=0000000000000000 CR3=0000000001017000 CR4=00000020
DR0=0000000000000000 DR1=0000000000000000 DR2=0000000000000000 DR3=0000000000000000 
DR6=00000000ffff0ff0 DR7=0000000000000400
CCS=0000000000000000 CCD=0000000008367731 CCO=EFLAGS
EFER=0000000000000500
Servicing hardware INT=0x20
   143: v=20 e=0000 i=0 cpl=0 IP=0008:0000000000100aa0 pc=0000000000100aa0 SP=0010:000000000800ffc8 env->regs[R_EAX]=0000000000000000
RAX=0000000000000000 RBX=00ffffff0000000a RCX=0000000000000008 RDX=0000000000000000
RSI=0000000000000001 RDI=0000000000000018 RBP=0000000000115136 RSP=000000000800ffc8
R8 =0000000000142d60 R9 =00000000fd0ef010 R10=00000000000ef000 R11=0000000000126de8
R12=00ffffff00000000 R13=0000000000115136 R14=0000000000136430 R15=0000000000000000
RIP=0000000000100aa0 RFL=00000212 [----A--] CPL=0 II=0 A20=1 SMM=0 HLT=0
ES =0010 0000000000000000 ffffffff 00af9300 DPL=0 DS   [-WA]
CS =0008 0000000000000000 ffffffff 00af9a00 DPL=0 CS64 [-R-]
SS =0010 0000000000000000 ffffffff 00af9300 DPL=0 DS   [-WA]
DS =0010 0000000000000000 ffffffff 00af9300 DPL=0 DS   [-WA]
FS =0018 0000000000000000 ffffffff 00cf9300 DPL=0 DS   [-WA]
GS =0018 0000000000000000 ffffffff 00cf9300 DPL=0 DS   [-WA]
LDT=0000 0000000000000000 0000ffff 00008200 DPL=0 LDT
TR =0000 0000000000000000 0000ffff 00008b00 DPL=0 TSS64-busy
GDT=     00000000001001d0 00000017
IDT=     0000000000142dc0 00000fff
CR0=80000011 CR2=0000000000000000 CR3=0000000001017000 CR4=00000020
DR0=0000000000000000 DR1=0000000000000000 DR2=0000000000000000 DR3=0000000000000000 
DR6=00000000ffff0ff0 DR7=0000000000000400
CCS=0000000000000010 CCD=00000000085ad610 CCO=EFLAGS
EFER=0000000000000500
Servicing hardware INT=0x20
   144: v=20 e=0000 i=0 cpl=0 IP=0008:0000000000100aa0 pc=0000000000100aa0 SP=0010:000000000800ffc8 env->regs[R_EAX]=0000000000000000
RAX=0000000000000000 RBX=00ffffff0000000a RCX=0000000000000008 RDX=0000000000000000
RSI=0000000000000001 RDI=0000000000000018 RBP=0000000000115136 RSP=000000000800ffc8
R8 =0000000000142d60 R9 =00000000fd0ef010 R10=00000000000ef000 R11=0000000000126de8
R12=00ffffff00000000 R13=0000000000115136 R14=0000000000136430 R15=0000000000000000
RIP=0000000000100aa0 RFL=00000206 [-----P-] CPL=0 II=0 A20=1 SMM=0 HLT=0
ES =0010 0000000000000000 ffffffff 00af9300 DPL=0 DS   [-WA]
CS =0008 0000000000000000 ffffffff 00af9a00 DPL=0 CS64 [-R-]
SS =0010 0000000000000000 ffffffff 00af9300 DPL=0 DS   [-WA]
DS =0010 0000000000000000 ffffffff 00af9300 DPL=0 DS   [-WA]
FS =0018 0000000000000000 ffffffff 00cf9300 DPL=0 DS   [-WA]
GS =0018 0000000000000000 ffffffff 00cf9300 DPL=0 DS   [-WA]
LDT=0000 0000000000000000 0000ffff 00008200 DPL=0 LDT
TR =0000 0000000000000000 0000ffff 00008b00 DPL=0 TSS64-busy
GDT=     00000000001001d0 00000017
IDT=     0000000000142dc0 00000fff
CR0=80000011 CR2=0000000000000000 CR3=0000000001017000 CR4=00000020
DR0=0000000000000000 DR1=0000000000000000 DR2=0000000000000000 DR3=0000000000000000 
DR6=00000000ffff0ff0 DR7=0000000000000400
CCS=0000000000000004 CCD=00000000088cbabd CCO=EFLAGS
EFER=0000000000000500
Servicing hardware INT=0x20
   145: v=20 e=0000 i=0 cpl=0 IP=0008:0000000000100aa0 pc=0000000000100aa0 SP=0010:000000000800ffc8 env->regs[R_EAX]=0000000000000000
RAX=0000000000000000 RBX=00ffffff0000000a RCX=0000000000000008 RDX=0000000000000000
RSI=0000000000000001 RDI=0000000000000018 RBP=0000000000115136 RSP=000000000800ffc8
R8 =0000000000142d60 R9 =00000000fd0ef010 R10=00000000000ef000 R11=0000000000126de8
R12=00ffffff00000000 R13=0000000000115136 R14=0000000000136430 R15=0000000000000000
RIP=0000000000100aa0 RFL=00000202 [-------] CPL=0 II=0 A20=1 SMM=0 HLT=0
ES =0010 0000000000000000 ffffffff 00af9300 DPL=0 DS   [-WA]
CS =0008 0000000000000000 ffffffff 00af9a00 DPL=0 CS64 [-R-]
SS =0010 0000000000000000 ffffffff 00af9300 DPL=0 DS   [-WA]
DS =0010 0000000000000000 ffffffff 00af9300 DPL=0 DS   [-WA]
FS =0018 0000000000000000 ffffffff 00cf9300 DPL=0 DS   [-WA]
GS =0018 0000000000000000 ffffffff 00cf9300 DPL=0 DS   [-WA]
LDT=0000 0000000000000000 0000ffff 00008200 DPL=0 LDT
TR =0000 0000000000000000 0000ffff 00008b00 DPL=0 TSS64-busy
GDT=     00000000001001d0 00000017
IDT=     0000000000142dc0 00000fff
CR0=80000011 CR2=0000000000000000 CR3=0000000001017000 CR4=00000020
DR0=0000000000000000 DR1=0000000000000000 DR2=0000000000000000 DR3=0000000000000000 
DR6=00000000ffff0ff0 DR7=0000000000000400
CCS=0000000000000000 CCD=0000000008bd9108 CCO=EFLAGS
EFER=0000000000000500
Servicing hardware INT=0x20
   146: v=20 e=0000 i=0 cpl=0 IP=0008:0000000000100aa0 pc=0000000000100aa0 SP=0010:000000000800ffc8 env->regs[R_EAX]=0000000000000000
RAX=0000000000000000 RBX=00ffffff0000000a RCX=0000000000000008 RDX=0000000000000000
RSI=0000000000000001 RDI=0000000000000018 RBP=0000000000115136 RSP=000000000800ffc8
R8 =0000000000142d60 R9 =00000000fd0ef010 R10=00000000000ef000 R11=0000000000126de8
R12=00ffffff00000000 R13=0000000000115136 R14=0000000000136430 R15=0000000000000000
RIP=0000000000100aa0 RFL=00000206 [-----P-] CPL=0 II=0 A20=1 SMM=0 HLT=0
ES =0010 0000000000000000 ffffffff 00af9300 DPL=0 DS   [-WA]
CS =0008 0000000000000000 ffffffff 00af9a00 DPL=0 CS64 [-R-]
SS =0010 0000000000000000 ffffffff 00af9300 DPL=0 DS   [-WA]
DS =0010 0000000000000000 ffffffff 00af9300 DPL=0 DS   [-WA]
FS =0018 0000000000000000 ffffffff 00cf9300 DPL=0 DS   [-WA]
GS =0018 0000000000000000 ffffffff 00cf9300 DPL=0 DS   [-WA]
LDT=0000 0000000000000000 0000ffff 00008200 DPL=0 LDT
TR =0000 0000000000000000 0000ffff 00008b00 DPL=0 TSS64-busy
GDT=     00000000001001d0 00000017
IDT=     0000000000142dc0 00000fff
CR0=80000011 CR2=0000000000000000 CR3=0000000001017000 CR4=00000020
DR0=0000000000000000 DR1=0000000000000000 DR2=0000000000000000 DR3=0000000000000000 
DR6=00000000ffff0ff0 DR7=0000000000000400
CCS=0000000000000004 CCD=0000000008f20695 CCO=EFLAGS
EFER=0000000000000500
Servicing hardware INT=0x20
   147: v=20 e=0000 i=0 cpl=0 IP=0008:0000000000100aa0 pc=0000000000100aa0 SP=0010:000000000800ffc8 env->regs[R_EAX]=0000000000000000
RAX=0000000000000000 RBX=00ffffff0000000a RCX=0000000000000008 RDX=0000000000000000
RSI=0000000000000001 RDI=0000000000000018 RBP=0000000000115136 RSP=000000000800ffc8
R8 =0000000000142d60 R9 =00000000fd0ef010 R10=00000000000ef000 R11=0000000000126de8
R12=00ffffff00000000 R13=0000000000115136 R14=0000000000136430 R15=0000000000000000
RIP=0000000000100aa0 RFL=00000206 [-----P-] CPL=0 II=0 A20=1 SMM=0 HLT=0
ES =0010 0000000000000000 ffffffff 00af9300 DPL=0 DS   [-WA]
CS =0008 0000000000000000 ffffffff 00af9a00 DPL=0 CS64 [-R-]
SS =0010 0000000000000000 ffffffff 00af9300 DPL=0 DS   [-WA]
DS =0010 0000000000000000 ffffffff 00af9300 DPL=0 DS   [-WA]
FS =0018 0000000000000000 ffffffff 00cf9300 DPL=0 DS   [-WA]
GS =0018 0000000000000000 ffffffff 00cf9300 DPL=0 DS   [-WA]
LDT=0000 0000000000000000 0000ffff 00008200 DPL=0 LDT
TR =0000 0000000000000000 0000ffff 00008b00 DPL=0 TSS64-busy
GDT=     00000000001001d0 00000017
IDT=     0000000000142dc0 00000fff
CR0=80000011 CR2=0000000000000000 CR3=0000000001017000 CR4=00000020
DR0=0000000000000000 DR1=0000000000000000 DR2=0000000000000000 DR3=0000000000000000 
DR6=00000000ffff0ff0 DR7=0000000000000400
CCS=0000000000000004 CCD=0000000009243cac CCO=EFLAGS
EFER=0000000000000500
Servicing hardware INT=0x20
   148: v=20 e=0000 i=0 cpl=0 IP=0008:0000000000100aa0 pc=0000000000100aa0 SP=0010:000000000800ffc8 env->regs[R_EAX]=0000000000000000
RAX=0000000000000000 RBX=00ffffff0000000a RCX=0000000000000008 RDX=0000000000000000
RSI=0000000000000001 RDI=0000000000000018 RBP=0000000000115136 RSP=000000000800ffc8
R8 =0000000000142d60 R9 =00000000fd0ef010 R10=00000000000ef000 R11=0000000000126de8
R12=00ffffff00000000 R13=0000000000115136 R14=0000000000136430 R15=0000000000000000
RIP=0000000000100aa0 RFL=00000202 [-------] CPL=0 II=0 A20=1 SMM=0 HLT=0
ES =0010 0000000000000000 ffffffff 00af9300 DPL=0 DS   [-WA]
CS =0008 0000000000000000 ffffffff 00af9a00 DPL=0 CS64 [-R-]
SS =0010 0000000000000000 ffffffff 00af9300 DPL=0 DS   [-WA]
DS =0010 0000000000000000 ffffffff 00af9300 DPL=0 DS   [-WA]
FS =0018 0000000000000000 ffffffff 00cf9300 DPL=0 DS   [-WA]
GS =0018 0000000000000000 ffffffff 00cf9300 DPL=0 DS   [-WA]
LDT=0000 0000000000000000 0000ffff 00008200 DPL=0 LDT
TR =0000 0000000000000000 0000ffff 00008b00 DPL=0 TSS64-busy
GDT=     00000000001001d0 00000017
IDT=     0000000000142dc0 00000fff
CR0=80000011 CR2=0000000000000000 CR3=0000000001017000 CR4=00000020
DR0=0000000000000000 DR1=0000000000000000 DR2=0000000000000000 DR3=0000000000000000 
DR6=00000000ffff0ff0 DR7=0000000000000400
CCS=0000000000000000 CCD=0000000009563f4a CCO=EFLAGS
EFER=0000000000000500
Servicing hardware INT=0x20
   149: v=20 e=0000 i=0 cpl=0 IP=0008:0000000000100a30 pc=0000000000100a30 SP=0010:000000000800ffc8 env->regs[R_EAX]=0000000000000000
RAX=0000000000000000 RBX=00ffffff0000000a RCX=0000000000000008 RDX=0000000000000000
RSI=0000000000000001 RDI=0000000000000018 RBP=000000000011512a RSP=000000000800ffc8
R8 =0000000000142d60 R9 =00000000fd0cf010 R10=00000000000cf000 R11=0000000000126de8
R12=00ffffff00000000 R13=000000000011512a R14=0000000000136430 R15=0000000000000000
RIP=0000000000100a30 RFL=00010206 [-----P-] CPL=0 II=0 A20=1 SMM=0 HLT=0
ES =0010 0000000000000000 ffffffff 00af9300 DPL=0 DS   [-WA]
CS =0008 0000000000000000 ffffffff 00af9a00 DPL=0 CS64 [-R-]
SS =0010 0000000000000000 ffffffff 00af9300 DPL=0 DS   [-WA]
DS =0010 0000000000000000 ffffffff 00af9300 DPL=0 DS   [-WA]
FS =0018 0000000000000000 ffffffff 00cf9300 DPL=0 DS   [-WA]
GS =0018 0000000000000000 ffffffff 00cf9300 DPL=0 DS   [-WA]
LDT=0000 0000000000000000 0000ffff 00008200 DPL=0 LDT
TR =0000 0000000000000000 0000ffff 00008b00 DPL=0 TSS64-busy
GDT=     00000000001001d0 00000017
IDT=     0000000000142dc0 00000fff
CR0=80000011 CR2=0000000000000000 CR3=0000000001000000 CR4=00000020
DR0=0000000000000000 DR1=0000000000000000 DR2=0000000000000000 DR3=0000000000000000 
DR6=00000000ffff0ff0 DR7=0000000000000400
CCS=0000000000000004 CCD=000000000800ff18 CCO=EFLAGS
EFER=0000000000000500
Servicing hardware INT=0x20
   150: v=20 e=0000 i=0 cpl=0 IP=0008:0000000000100a30 pc=0000000000100a30 SP=0010:000000000800ffc8 env->regs[R_EAX]=0000000000000000
RAX=0000000000000000 RBX=00ffffff0000000a RCX=0000000000000008 RDX=0000000000000000
RSI=0000000000000001 RDI=0000000000000018 RBP=000000000011512a RSP=000000000800ffc8
R8 =0000000000142d60 R9 =00000000fd0cf010 R10=00000000000cf000 R11=0000000000126de8
R12=00ffffff00000000 R13=000000000011512a R14=0000000000136430 R15=0000000000000000
RIP=0000000000100a30 RFL=00000206 [-----P-] CPL=0 II=0 A20=1 SMM=0 HLT=0
ES =0010 0000000000000000 ffffffff 00af9300 DPL=0 DS   [-WA]
CS =0008 0000000000000000 ffffffff 00af9a00 DPL=0 CS64 [-R-]
SS =0010 0000000000000000 ffffffff 00af9300 DPL=0 DS   [-WA]
DS =0010 0000000000000000 ffffffff 00af9300 DPL=0 DS   [-WA]
FS =0018 0000000000000000 ffffffff 00cf9300 DPL=0 DS   [-WA]
GS =0018 0000000000000000 ffffffff 00cf9300 DPL=0 DS   [-WA]
LDT=0000 0000000000000000 0000ffff 00008200 DPL=0 LDT
TR =0000 0000000000000000 0000ffff 00008b00 DPL=0 TSS64-busy
GDT=     00000000001001d0 00000017
IDT=     0000000000142dc0 00000fff
CR0=80000011 CR2=0000000000000000 CR3=0000000001000000 CR4=00000020
DR0=0000000000000000 DR1=0000000000000000 DR2=0000000000000000 DR3=0000000000000000 
DR6=00000000ffff0ff0 DR7=0000000000000400
CCS=0000000000000004 CCD=00000000099e7221 CCO=EFLAGS
EFER=0000000000000500
Servicing hardware INT=0x20
   151: v=20 e=0000 i=0 cpl=0 IP=0008:0000000000100a30 pc=0000000000100a30 SP=0010:000000000800ffc8 env->regs[R_EAX]=0000000000000000
RAX=0000000000000000 RBX=00ffffff0000000a RCX=0000000000000008 RDX=0000000000000000
RSI=0000000000000001 RDI=0000000000000018 RBP=000000000011512a RSP=000000000800ffc8
R8 =0000000000142d60 R9 =00000000fd0cf010 R10=00000000000cf000 R11=0000000000126de8
R12=00ffffff00000000 R13=000000000011512a R14=0000000000136430 R15=0000000000000000
RIP=0000000000100a30 RFL=00000206 [-----P-] CPL=0 II=0 A20=1 SMM=0 HLT=0
ES =0010 0000000000000000 ffffffff 00af9300 DPL=0 DS   [-WA]
CS =0008 0000000000000000 ffffffff 00af9a00 DPL=0 CS64 [-R-]
SS =0010 0000000000000000 ffffffff 00af9300 DPL=0 DS   [-WA]
DS =0010 0000000000000000 ffffffff 00af9300 DPL=0 DS   [-WA]
FS =0018 0000000000000000 ffffffff 00cf9300 DPL=0 DS   [-WA]
GS =0018 0000000000000000 ffffffff 00cf9300 DPL=0 DS   [-WA]
LDT=0000 0000000000000000 0000ffff 00008200 DPL=0 LDT
TR =0000 0000000000000000 0000ffff 00008b00 DPL=0 TSS64-busy
GDT=     00000000001001d0 00000017
IDT=     0000000000142dc0 00000fff
CR0=80000011 CR2=0000000000000000 CR3=0000000001000000 CR4=00000020
DR0=0000000000000000 DR1=0000000000000000 DR2=0000000000000000 DR3=0000000000000000 
DR6=00000000ffff0ff0 DR7=0000000000000400
CCS=0000000000000004 CCD=0000000009d01c93 CCO=EFLAGS
EFER=0000000000000500
Servicing hardware INT=0x20
   152: v=20 e=0000 i=0 cpl=0 IP=0008:0000000000100a30 pc=0000000000100a30 SP=0010:000000000800ffc8 env->regs[R_EAX]=0000000000000000
RAX=0000000000000000 RBX=00ffffff0000000a RCX=0000000000000008 RDX=0000000000000000
RSI=0000000000000001 RDI=0000000000000018 RBP=000000000011512a RSP=000000000800ffc8
R8 =0000000000142d60 R9 =00000000fd0cf010 R10=00000000000cf000 R11=0000000000126de8
R12=00ffffff00000000 R13=000000000011512a R14=0000000000136430 R15=0000000000000000
RIP=0000000000100a30 RFL=00000206 [-----P-] CPL=0 II=0 A20=1 SMM=0 HLT=0
ES =0010 0000000000000000 ffffffff 00af9300 DPL=0 DS   [-WA]
CS =0008 0000000000000000 ffffffff 00af9a00 DPL=0 CS64 [-R-]
SS =0010 0000000000000000 ffffffff 00af9300 DPL=0 DS   [-WA]
DS =0010 0000000000000000 ffffffff 00af9300 DPL=0 DS   [-WA]
FS =0018 0000000000000000 ffffffff 00cf9300 DPL=0 DS   [-WA]
GS =0018 0000000000000000 ffffffff 00cf9300 DPL=0 DS   [-WA]
LDT=0000 0000000000000000 0000ffff 00008200 DPL=0 LDT
TR =0000 0000000000000000 0000ffff 00008b00 DPL=0 TSS64-busy
GDT=     00000000001001d0 00000017
IDT=     0000000000142dc0 00000fff
CR0=80000011 CR2=0000000000000000 CR3=0000000001000000 CR4=00000020
DR0=0000000000000000 DR1=0000000000000000 DR2=0000000000000000 DR3=0000000000000000 
DR6=00000000ffff0ff0 DR7=0000000000000400
CCS=0000000000000004 CCD=000000000a032e48 CCO=EFLAGS
EFER=0000000000000500
Servicing hardware INT=0x20
   153: v=20 e=0000 i=0 cpl=0 IP=0008:0000000000100a30 pc=0000000000100a30 SP=0010:000000000800ffc8 env->regs[R_EAX]=0000000000000000
RAX=0000000000000000 RBX=00ffffff0000000a RCX=0000000000000008 RDX=0000000000000000
RSI=0000000000000001 RDI=0000000000000018 RBP=000000000011512a RSP=000000000800ffc8
R8 =0000000000142d60 R9 =00000000fd0cf010 R10=00000000000cf000 R11=0000000000126de8
R12=00ffffff00000000 R13=000000000011512a R14=0000000000136430 R15=0000000000000000
RIP=0000000000100a30 RFL=00010206 [-----P-] CPL=0 II=0 A20=1 SMM=0 HLT=0
ES =0010 0000000000000000 ffffffff 00af9300 DPL=0 DS   [-WA]
CS =0008 0000000000000000 ffffffff 00af9a00 DPL=0 CS64 [-R-]
SS =0010 0000000000000000 ffffffff 00af9300 DPL=0 DS   [-WA]
DS =0010 0000000000000000 ffffffff 00af9300 DPL=0 DS   [-WA]
FS =0018 0000000000000000 ffffffff 00cf9300 DPL=0 DS   [-WA]
GS =0018 0000000000000000 ffffffff 00cf9300 DPL=0 DS   [-WA]
LDT=0000 0000000000000000 0000ffff 00008200 DPL=0 LDT
TR =0000 0000000000000000 0000ffff 00008b00 DPL=0 TSS64-busy
GDT=     00000000001001d0 00000017
IDT=     0000000000142dc0 00000fff
CR0=80000011 CR2=0000000000000000 CR3=0000000001000000 CR4=00000020
DR0=0000000000000000 DR1=0000000000000000 DR2=0000000000000000 DR3=0000000000000000 
DR6=00000000ffff0ff0 DR7=0000000000000400
CCS=0000000000000004 CCD=000000000800ff18 CCO=EFLAGS
EFER=0000000000000500
Servicing hardware INT=0x20
   154: v=20 e=0000 i=0 cpl=0 IP=0008:0000000000100a30 pc=0000000000100a30 SP=0010:000000000800ffc8 env->regs[R_EAX]=0000000000000000
RAX=0000000000000000 RBX=00ffffff0000000a RCX=0000000000000008 RDX=0000000000000000
RSI=0000000000000001 RDI=0000000000000018 RBP=000000000011512a RSP=000000000800ffc8
R8 =0000000000142d60 R9 =00000000fd0cf010 R10=00000000000cf000 R11=0000000000126de8
R12=00ffffff00000000 R13=000000000011512a R14=0000000000136430 R15=0000000000000000
RIP=0000000000100a30 RFL=00000206 [-----P-] CPL=0 II=0 A20=1 SMM=0 HLT=0
ES =0010 0000000000000000 ffffffff 00af9300 DPL=0 DS   [-WA]
CS =0008 0000000000000000 ffffffff 00af9a00 DPL=0 CS64 [-R-]
SS =0010 0000000000000000 ffffffff 00af9300 DPL=0 DS   [-WA]
DS =0010 0000000000000000 ffffffff 00af9300 DPL=0 DS   [-WA]
FS =0018 0000000000000000 ffffffff 00cf9300 DPL=0 DS   [-WA]
GS =0018 0000000000000000 ffffffff 00cf9300 DPL=0 DS   [-WA]
LDT=0000 0000000000000000 0000ffff 00008200 DPL=0 LDT
TR =0000 0000000000000000 0000ffff 00008b00 DPL=0 TSS64-busy
GDT=     00000000001001d0 00000017
IDT=     0000000000142dc0 00000fff
CR0=80000011 CR2=0000000000000000 CR3=0000000001000000 CR4=00000020
DR0=0000000000000000 DR1=0000000000000000 DR2=0000000000000000 DR3=0000000000000000 
DR6=00000000ffff0ff0 DR7=0000000000000400
CCS=0000000000000004 CCD=000000000a176c6a CCO=EFLAGS
EFER=0000000000000500
Servicing hardware INT=0x20
   155: v=20 e=0000 i=0 cpl=0 IP=0008:0000000000100a30 pc=0000000000100a30 SP=0010:000000000800ffc8 env->regs[R_EAX]=0000000000000000
RAX=0000000000000000 RBX=00ffffff0000000a RCX=0000000000000008 RDX=0000000000000000
RSI=0000000000000001 RDI=0000000000000018 RBP=000000000011512a RSP=000000000800ffc8
R8 =0000000000142d60 R9 =00000000fd0cf010 R10=00000000000cf000 R11=0000000000126de8
R12=00ffffff00000000 R13=000000000011512a R14=0000000000136430 R15=0000000000000000
RIP=0000000000100a30 RFL=00000206 [-----P-] CPL=0 II=0 A20=1 SMM=0 HLT=0
ES =0010 0000000000000000 ffffffff 00af9300 DPL=0 DS   [-WA]
CS =0008 0000000000000000 ffffffff 00af9a00 DPL=0 CS64 [-R-]
SS =0010 0000000000000000 ffffffff 00af9300 DPL=0 DS   [-WA]
DS =0010 0000000000000000 ffffffff 00af9300 DPL=0 DS   [-WA]
FS =0018 0000000000000000 ffffffff 00cf9300 DPL=0 DS   [-WA]
GS =0018 0000000000000000 ffffffff 00cf9300 DPL=0 DS   [-WA]
LDT=0000 0000000000000000 0000ffff 00008200 DPL=0 LDT
TR =0000 0000000000000000 0000ffff 00008b00 DPL=0 TSS64-busy
GDT=     00000000001001d0 00000017
IDT=     0000000000142dc0 00000fff
CR0=80000011 CR2=0000000000000000 CR3=0000000001000000 CR4=00000020
DR0=0000000000000000 DR1=0000000000000000 DR2=0000000000000000 DR3=0000000000000000 
DR6=00000000ffff0ff0 DR7=0000000000000400
CCS=0000000000000004 CCD=000000000a489eb2 CCO=EFLAGS
EFER=0000000000000500
Servicing hardware INT=0x20
   156: v=20 e=0000 i=0 cpl=0 IP=0008:0000000000100a30 pc=0000000000100a30 SP=0010:000000000800ffc8 env->regs[R_EAX]=0000000000000000
RAX=0000000000000000 RBX=00ffffff0000000a RCX=0000000000000008 RDX=0000000000000000
RSI=0000000000000001 RDI=0000000000000018 RBP=000000000011512a RSP=000000000800ffc8
R8 =0000000000142d60 R9 =00000000fd0cf010 R10=00000000000cf000 R11=0000000000126de8
R12=00ffffff00000000 R13=000000000011512a R14=0000000000136430 R15=0000000000000000
RIP=0000000000100a30 RFL=00000202 [-------] CPL=0 II=0 A20=1 SMM=0 HLT=0
ES =0010 0000000000000000 ffffffff 00af9300 DPL=0 DS   [-WA]
CS =0008 0000000000000000 ffffffff 00af9a00 DPL=0 CS64 [-R-]
SS =0010 0000000000000000 ffffffff 00af9300 DPL=0 DS   [-WA]
DS =0010 0000000000000000 ffffffff 00af9300 DPL=0 DS   [-WA]
FS =0018 0000000000000000 ffffffff 00cf9300 DPL=0 DS   [-WA]
GS =0018 0000000000000000 ffffffff 00cf9300 DPL=0 DS   [-WA]
LDT=0000 0000000000000000 0000ffff 00008200 DPL=0 LDT
TR =0000 0000000000000000 0000ffff 00008b00 DPL=0 TSS64-busy
GDT=     00000000001001d0 00000017
IDT=     0000000000142dc0 00000fff
CR0=80000011 CR2=0000000000000000 CR3=0000000001000000 CR4=00000020
DR0=0000000000000000 DR1=0000000000000000 DR2=0000000000000000 DR3=0000000000000000 
DR6=00000000ffff0ff0 DR7=0000000000000400
CCS=0000000000000000 CCD=000000000a735232 CCO=EFLAGS
EFER=0000000000000500
Servicing hardware INT=0x20
   157: v=20 e=0000 i=0 cpl=0 IP=0008:0000000000100a30 pc=0000000000100a30 SP=0010:000000000800ffc8 env->regs[R_EAX]=0000000000000000
RAX=0000000000000000 RBX=00ffffff0000000a RCX=0000000000000008 RDX=0000000000000000
RSI=0000000000000001 RDI=0000000000000018 RBP=000000000011512a RSP=000000000800ffc8
R8 =0000000000142d60 R9 =00000000fd0cf010 R10=00000000000cf000 R11=0000000000126de8
R12=00ffffff00000000 R13=000000000011512a R14=0000000000136430 R15=0000000000000000
RIP=0000000000100a30 RFL=00000202 [-------] CPL=0 II=0 A20=1 SMM=0 HLT=0
ES =0010 0000000000000000 ffffffff 00af9300 DPL=0 DS   [-WA]
CS =0008 0000000000000000 ffffffff 00af9a00 DPL=0 CS64 [-R-]
SS =0010 0000000000000000 ffffffff 00af9300 DPL=0 DS   [-WA]
DS =0010 0000000000000000 ffffffff 00af9300 DPL=0 DS   [-WA]
FS =0018 0000000000000000 ffffffff 00cf9300 DPL=0 DS   [-WA]
GS =0018 0000000000000000 ffffffff 00cf9300 DPL=0 DS   [-WA]
LDT=0000 0000000000000000 0000ffff 00008200 DPL=0 LDT
TR =0000 0000000000000000 0000ffff 00008b00 DPL=0 TSS64-busy
GDT=     00000000001001d0 00000017
IDT=     0000000000142dc0 00000fff
CR0=80000011 CR2=0000000000000000 CR3=0000000001000000 CR4=00000020
DR0=0000000000000000 DR1=0000000000000000 DR2=0000000000000000 DR3=0000000000000000 
DR6=00000000ffff0ff0 DR7=0000000000000400
CCS=0000000000000000 CCD=000000000aa3b4c7 CCO=EFLAGS
EFER=0000000000000500
Servicing hardware INT=0x20
   158: v=20 e=0000 i=0 cpl=0 IP=0008:0000000000100a30 pc=0000000000100a30 SP=0010:000000000800ffc8 env->regs[R_EAX]=0000000000000000
RAX=0000000000000000 RBX=00ffffff0000000a RCX=0000000000000008 RDX=0000000000000000
RSI=0000000000000001 RDI=0000000000000018 RBP=000000000011512a RSP=000000000800ffc8
R8 =0000000000142d60 R9 =00000000fd0cf010 R10=00000000000cf000 R11=0000000000126de8
R12=00ffffff00000000 R13=000000000011512a R14=0000000000136430 R15=0000000000000000
RIP=0000000000100a30 RFL=00000206 [-----P-] CPL=0 II=0 A20=1 SMM=0 HLT=0
ES =0010 0000000000000000 ffffffff 00af9300 DPL=0 DS   [-WA]
CS =0008 0000000000000000 ffffffff 00af9a00 DPL=0 CS64 [-R-]
SS =0010 0000000000000000 ffffffff 00af9300 DPL=0 DS   [-WA]
DS =0010 0000000000000000 ffffffff 00af9300 DPL=0 DS   [-WA]
FS =0018 0000000000000000 ffffffff 00cf9300 DPL=0 DS   [-WA]
GS =0018 0000000000000000 ffffffff 00cf9300 DPL=0 DS   [-WA]
LDT=0000 0000000000000000 0000ffff 00008200 DPL=0 LDT
TR =0000 0000000000000000 0000ffff 00008b00 DPL=0 TSS64-busy
GDT=     00000000001001d0 00000017
IDT=     0000000000142dc0 00000fff
CR0=80000011 CR2=0000000000000000 CR3=0000000001000000 CR4=00000020
DR0=0000000000000000 DR1=0000000000000000 DR2=0000000000000000 DR3=0000000000000000 
DR6=00000000ffff0ff0 DR7=0000000000000400
CCS=0000000000000004 CCD=000000000ac921c9 CCO=EFLAGS
EFER=0000000000000500
Servicing hardware INT=0x20
   159: v=20 e=0000 i=0 cpl=0 IP=0008:0000000000100aa0 pc=0000000000100aa0 SP=0010:000000000800ffc8 env->regs[R_EAX]=0000000000000000
RAX=0000000000000000 RBX=00ffffff0000000a RCX=0000000000000008 RDX=0000000000000000
RSI=0000000000000001 RDI=0000000000000018 RBP=0000000000115136 RSP=000000000800ffc8
R8 =0000000000142d60 R9 =00000000fd0ef010 R10=00000000000ef000 R11=0000000000126de8
R12=00ffffff00000000 R13=0000000000115136 R14=0000000000136430 R15=0000000000000000
RIP=0000000000100aa0 RFL=00010202 [-------] CPL=0 II=0 A20=1 SMM=0 HLT=0
ES =0010 0000000000000000 ffffffff 00af9300 DPL=0 DS   [-WA]
CS =0008 0000000000000000 ffffffff 00af9a00 DPL=0 CS64 [-R-]
SS =0010 0000000000000000 ffffffff 00af9300 DPL=0 DS   [-WA]
DS =0010 0000000000000000 ffffffff 00af9300 DPL=0 DS   [-WA]
FS =0018 0000000000000000 ffffffff 00cf9300 DPL=0 DS   [-WA]
GS =0018 0000000000000000 ffffffff 00cf9300 DPL=0 DS   [-WA]
LDT=0000 0000000000000000 0000ffff 00008200 DPL=0 LDT
TR =0000 0000000000000000 0000ffff 00008b00 DPL=0 TSS64-busy
GDT=     00000000001001d0 00000017
IDT=     0000000000142dc0 00000fff
CR0=80000011 CR2=0000000000000000 CR3=0000000001017000 CR4=00000020
DR0=0000000000000000 DR1=0000000000000000 DR2=0000000000000000 DR3=0000000000000000 
DR6=00000000ffff0ff0 DR7=0000000000000400
CCS=0000000000000000 CCD=000000000800ff18 CCO=EFLAGS
EFER=0000000000000500
Servicing hardware INT=0x20
   160: v=20 e=0000 i=0 cpl=0 IP=0008:0000000000100aa0 pc=0000000000100aa0 SP=0010:000000000800ffc8 env->regs[R_EAX]=0000000000000000
RAX=0000000000000000 RBX=00ffffff0000000a RCX=0000000000000008 RDX=0000000000000000
RSI=0000000000000001 RDI=0000000000000018 RBP=0000000000115136 RSP=000000000800ffc8
R8 =0000000000142d60 R9 =00000000fd0ef010 R10=00000000000ef000 R11=0000000000126de8
R12=00ffffff00000000 R13=0000000000115136 R14=0000000000136430 R15=0000000000000000
RIP=0000000000100aa0 RFL=00010202 [-------] CPL=0 II=0 A20=1 SMM=0 HLT=0
ES =0010 0000000000000000 ffffffff 00af9300 DPL=0 DS   [-WA]
CS =0008 0000000000000000 ffffffff 00af9a00 DPL=0 CS64 [-R-]
SS =0010 0000000000000000 ffffffff 00af9300 DPL=0 DS   [-WA]
DS =0010 0000000000000000 ffffffff 00af9300 DPL=0 DS   [-WA]
FS =0018 0000000000000000 ffffffff 00cf9300 DPL=0 DS   [-WA]
GS =0018 0000000000000000 ffffffff 00cf9300 DPL=0 DS   [-WA]
LDT=0000 0000000000000000 0000ffff 00008200 DPL=0 LDT
TR =0000 0000000000000000 0000ffff 00008b00 DPL=0 TSS64-busy
GDT=     00000000001001d0 00000017
IDT=     0000000000142dc0 00000fff
CR0=80000011 CR2=0000000000000000 CR3=0000000001017000 CR4=00000020
DR0=0000000000000000 DR1=0000000000000000 DR2=0000000000000000 DR3=0000000000000000 
DR6=00000000ffff0ff0 DR7=0000000000000400
CCS=0000000000000000 CCD=000000000800ff18 CCO=EFLAGS
EFER=0000000000000500
Servicing hardware INT=0x20
   161: v=20 e=0000 i=0 cpl=0 IP=0008:0000000000100aa0 pc=0000000000100aa0 SP=0010:000000000800ffc8 env->regs[R_EAX]=0000000000000000
RAX=0000000000000000 RBX=00ffffff0000000a RCX=0000000000000008 RDX=0000000000000000
RSI=0000000000000001 RDI=0000000000000018 RBP=0000000000115136 RSP=000000000800ffc8
R8 =0000000000142d60 R9 =00000000fd0ef010 R10=00000000000ef000 R11=0000000000126de8
R12=00ffffff00000000 R13=0000000000115136 R14=0000000000136430 R15=0000000000000000
RIP=0000000000100aa0 RFL=00000206 [-----P-] CPL=0 II=0 A20=1 SMM=0 HLT=0
ES =0010 0000000000000000 ffffffff 00af9300 DPL=0 DS   [-WA]
CS =0008 0000000000000000 ffffffff 00af9a00 DPL=0 CS64 [-R-]
SS =0010 0000000000000000 ffffffff 00af9300 DPL=0 DS   [-WA]
DS =0010 0000000000000000 ffffffff 00af9300 DPL=0 DS   [-WA]
FS =0018 0000000000000000 ffffffff 00cf9300 DPL=0 DS   [-WA]
GS =0018 0000000000000000 ffffffff 00cf9300 DPL=0 DS   [-WA]
LDT=0000 0000000000000000 0000ffff 00008200 DPL=0 LDT
TR =0000 0000000000000000 0000ffff 00008b00 DPL=0 TSS64-busy
GDT=     00000000001001d0 00000017
IDT=     0000000000142dc0 00000fff
CR0=80000011 CR2=0000000000000000 CR3=0000000001017000 CR4=00000020
DR0=0000000000000000 DR1=0000000000000000 DR2=0000000000000000 DR3=0000000000000000 
DR6=00000000ffff0ff0 DR7=0000000000000400
CCS=0000000000000004 CCD=0000000009897978 CCO=EFLAGS
EFER=0000000000000500
Servicing hardware INT=0x20
   162: v=20 e=0000 i=0 cpl=0 IP=0008:0000000000100aa0 pc=0000000000100aa0 SP=0010:000000000800ffc8 env->regs[R_EAX]=0000000000000000
RAX=0000000000000000 RBX=00ffffff0000000a RCX=0000000000000008 RDX=0000000000000000
RSI=0000000000000001 RDI=0000000000000018 RBP=0000000000115136 RSP=000000000800ffc8
R8 =0000000000142d60 R9 =00000000fd0ef010 R10=00000000000ef000 R11=0000000000126de8
R12=00ffffff00000000 R13=0000000000115136 R14=0000000000136430 R15=0000000000000000
RIP=0000000000100aa0 RFL=00000202 [-------] CPL=0 II=0 A20=1 SMM=0 HLT=0
ES =0010 0000000000000000 ffffffff 00af9300 DPL=0 DS   [-WA]
CS =0008 0000000000000000 ffffffff 00af9a00 DPL=0 CS64 [-R-]
SS =0010 0000000000000000 ffffffff 00af9300 DPL=0 DS   [-WA]
DS =0010 0000000000000000 ffffffff 00af9300 DPL=0 DS   [-WA]
FS =0018 0000000000000000 ffffffff 00cf9300 DPL=0 DS   [-WA]
GS =0018 0000000000000000 ffffffff 00cf9300 DPL=0 DS   [-WA]
LDT=0000 0000000000000000 0000ffff 00008200 DPL=0 LDT
TR =0000 0000000000000000 0000ffff 00008b00 DPL=0 TSS64-busy
GDT=     00000000001001d0 00000017
IDT=     0000000000142dc0 00000fff
CR0=80000011 CR2=0000000000000000 CR3=0000000001017000 CR4=00000020
DR0=0000000000000000 DR1=0000000000000000 DR2=0000000000000000 DR3=0000000000000000 
DR6=00000000ffff0ff0 DR7=0000000000000400
CCS=0000000000000000 CCD=0000000009bb9b15 CCO=EFLAGS
EFER=0000000000000500
Servicing hardware INT=0x20
   163: v=20 e=0000 i=0 cpl=0 IP=0008:0000000000100aa0 pc=0000000000100aa0 SP=0010:000000000800ffc8 env->regs[R_EAX]=0000000000000000
RAX=0000000000000000 RBX=00ffffff0000000a RCX=0000000000000008 RDX=0000000000000000
RSI=0000000000000001 RDI=0000000000000018 RBP=0000000000115136 RSP=000000000800ffc8
R8 =0000000000142d60 R9 =00000000fd0ef010 R10=00000000000ef000 R11=0000000000126de8
R12=00ffffff00000000 R13=0000000000115136 R14=0000000000136430 R15=0000000000000000
RIP=0000000000100aa0 RFL=00000206 [-----P-] CPL=0 II=0 A20=1 SMM=0 HLT=0
ES =0010 0000000000000000 ffffffff 00af9300 DPL=0 DS   [-WA]
CS =0008 0000000000000000 ffffffff 00af9a00 DPL=0 CS64 [-R-]
SS =0010 0000000000000000 ffffffff 00af9300 DPL=0 DS   [-WA]
DS =0010 0000000000000000 ffffffff 00af9300 DPL=0 DS   [-WA]
FS =0018 0000000000000000 ffffffff 00cf9300 DPL=0 DS   [-WA]
GS =0018 0000000000000000 ffffffff 00cf9300 DPL=0 DS   [-WA]
LDT=0000 0000000000000000 0000ffff 00008200 DPL=0 LDT
TR =0000 0000000000000000 0000ffff 00008b00 DPL=0 TSS64-busy
GDT=     00000000001001d0 00000017
IDT=     0000000000142dc0 00000fff
CR0=80000011 CR2=0000000000000000 CR3=0000000001017000 CR4=00000020
DR0=0000000000000000 DR1=0000000000000000 DR2=0000000000000000 DR3=0000000000000000 
DR6=00000000ffff0ff0 DR7=0000000000000400
CCS=0000000000000004 CCD=0000000009f04b5a CCO=EFLAGS
EFER=0000000000000500
Servicing hardware INT=0x20
   164: v=20 e=0000 i=0 cpl=0 IP=0008:0000000000100aa0 pc=0000000000100aa0 SP=0010:000000000800ffc8 env->regs[R_EAX]=0000000000000000
RAX=0000000000000000 RBX=00ffffff0000000a RCX=0000000000000008 RDX=0000000000000000
RSI=0000000000000001 RDI=0000000000000018 RBP=0000000000115136 RSP=000000000800ffc8
R8 =0000000000142d60 R9 =00000000fd0ef010 R10=00000000000ef000 R11=0000000000126de8
R12=00ffffff00000000 R13=0000000000115136 R14=0000000000136430 R15=0000000000000000
RIP=0000000000100aa0 RFL=00000206 [-----P-] CPL=0 II=0 A20=1 SMM=0 HLT=0
ES =0010 0000000000000000 ffffffff 00af9300 DPL=0 DS   [-WA]
CS =0008 0000000000000000 ffffffff 00af9a00 DPL=0 CS64 [-R-]
SS =0010 0000000000000000 ffffffff 00af9300 DPL=0 DS   [-WA]
DS =0010 0000000000000000 ffffffff 00af9300 DPL=0 DS   [-WA]
FS =0018 0000000000000000 ffffffff 00cf9300 DPL=0 DS   [-WA]
GS =0018 0000000000000000 ffffffff 00cf9300 DPL=0 DS   [-WA]
LDT=0000 0000000000000000 0000ffff 00008200 DPL=0 LDT
TR =0000 0000000000000000 0000ffff 00008b00 DPL=0 TSS64-busy
GDT=     00000000001001d0 00000017
IDT=     0000000000142dc0 00000fff
CR0=80000011 CR2=0000000000000000 CR3=0000000001017000 CR4=00000020
DR0=0000000000000000 DR1=0000000000000000 DR2=0000000000000000 DR3=0000000000000000 
DR6=00000000ffff0ff0 DR7=0000000000000400
CCS=0000000000000004 CCD=000000000a23bb35 CCO=EFLAGS
EFER=0000000000000500
Servicing hardware INT=0x20
   165: v=20 e=0000 i=0 cpl=0 IP=0008:0000000000100aa0 pc=0000000000100aa0 SP=0010:000000000800ffc8 env->regs[R_EAX]=0000000000000000
RAX=0000000000000000 RBX=00ffffff0000000a RCX=0000000000000008 RDX=0000000000000000
RSI=0000000000000001 RDI=0000000000000018 RBP=0000000000115136 RSP=000000000800ffc8
R8 =0000000000142d60 R9 =00000000fd0ef010 R10=00000000000ef000 R11=0000000000126de8
R12=00ffffff00000000 R13=0000000000115136 R14=0000000000136430 R15=0000000000000000
RIP=0000000000100aa0 RFL=00000206 [-----P-] CPL=0 II=0 A20=1 SMM=0 HLT=0
ES =0010 0000000000000000 ffffffff 00af9300 DPL=0 DS   [-WA]
CS =0008 0000000000000000 ffffffff 00af9a00 DPL=0 CS64 [-R-]
SS =0010 0000000000000000 ffffffff 00af9300 DPL=0 DS   [-WA]
DS =0010 0000000000000000 ffffffff 00af9300 DPL=0 DS   [-WA]
FS =0018 0000000000000000 ffffffff 00cf9300 DPL=0 DS   [-WA]
GS =0018 0000000000000000 ffffffff 00cf9300 DPL=0 DS   [-WA]
LDT=0000 0000000000000000 0000ffff 00008200 DPL=0 LDT
TR =0000 0000000000000000 0000ffff 00008b00 DPL=0 TSS64-busy
GDT=     00000000001001d0 00000017
IDT=     0000000000142dc0 00000fff
CR0=80000011 CR2=0000000000000000 CR3=0000000001017000 CR4=00000020
DR0=0000000000000000 DR1=0000000000000000 DR2=0000000000000000 DR3=0000000000000000 
DR6=00000000ffff0ff0 DR7=0000000000000400
CCS=0000000000000004 CCD=000000000a5834d7 CCO=EFLAGS
EFER=0000000000000500
Servicing hardware INT=0x20
   166: v=20 e=0000 i=0 cpl=0 IP=0008:0000000000100aa0 pc=0000000000100aa0 SP=0010:000000000800ffc8 env->regs[R_EAX]=0000000000000000
RAX=0000000000000000 RBX=00ffffff0000000a RCX=0000000000000008 RDX=0000000000000000
RSI=0000000000000001 RDI=0000000000000018 RBP=0000000000115136 RSP=000000000800ffc8
R8 =0000000000142d60 R9 =00000000fd0ef010 R10=00000000000ef000 R11=0000000000126de8
R12=00ffffff00000000 R13=0000000000115136 R14=0000000000136430 R15=0000000000000000
RIP=0000000000100aa0 RFL=00000202 [-------] CPL=0 II=0 A20=1 SMM=0 HLT=0
ES =0010 0000000000000000 ffffffff 00af9300 DPL=0 DS   [-WA]
CS =0008 0000000000000000 ffffffff 00af9a00 DPL=0 CS64 [-R-]
SS =0010 0000000000000000 ffffffff 00af9300 DPL=0 DS   [-WA]
DS =0010 0000000000000000 ffffffff 00af9300 DPL=0 DS   [-WA]
FS =0018 0000000000000000 ffffffff 00cf9300 DPL=0 DS   [-WA]
GS =0018 0000000000000000 ffffffff 00cf9300 DPL=0 DS   [-WA]
LDT=0000 0000000000000000 0000ffff 00008200 DPL=0 LDT
TR =0000 0000000000000000 0000ffff 00008b00 DPL=0 TSS64-busy
GDT=     00000000001001d0 00000017
IDT=     0000000000142dc0 00000fff
CR0=80000011 CR2=0000000000000000 CR3=0000000001017000 CR4=00000020
DR0=0000000000000000 DR1=0000000000000000 DR2=0000000000000000 DR3=0000000000000000 
DR6=00000000ffff0ff0 DR7=0000000000000400
CCS=0000000000000000 CCD=000000000a8c0c6d CCO=EFLAGS
EFER=0000000000000500
Servicing hardware INT=0x20
   167: v=20 e=0000 i=0 cpl=0 IP=0008:0000000000100aa0 pc=0000000000100aa0 SP=0010:000000000800ffc8 env->regs[R_EAX]=0000000000000000
RAX=0000000000000000 RBX=00ffffff0000000a RCX=0000000000000008 RDX=0000000000000000
RSI=0000000000000001 RDI=0000000000000018 RBP=0000000000115136 RSP=000000000800ffc8
R8 =0000000000142d60 R9 =00000000fd0ef010 R10=00000000000ef000 R11=0000000000126de8
R12=00ffffff00000000 R13=0000000000115136 R14=0000000000136430 R15=0000000000000000
RIP=0000000000100aa0 RFL=00000206 [-----P-] CPL=0 II=0 A20=1 SMM=0 HLT=0
ES =0010 0000000000000000 ffffffff 00af9300 DPL=0 DS   [-WA]
CS =0008 0000000000000000 ffffffff 00af9a00 DPL=0 CS64 [-R-]
SS =0010 0000000000000000 ffffffff 00af9300 DPL=0 DS   [-WA]
DS =0010 0000000000000000 ffffffff 00af9300 DPL=0 DS   [-WA]
FS =0018 0000000000000000 ffffffff 00cf9300 DPL=0 DS   [-WA]
GS =0018 0000000000000000 ffffffff 00cf9300 DPL=0 DS   [-WA]
LDT=0000 0000000000000000 0000ffff 00008200 DPL=0 LDT
TR =0000 0000000000000000 0000ffff 00008b00 DPL=0 TSS64-busy
GDT=     00000000001001d0 00000017
IDT=     0000000000142dc0 00000fff
CR0=80000011 CR2=0000000000000000 CR3=0000000001017000 CR4=00000020
DR0=0000000000000000 DR1=0000000000000000 DR2=0000000000000000 DR3=0000000000000000 
DR6=00000000ffff0ff0 DR7=0000000000000400
CCS=0000000000000004 CCD=000000000aba3d18 CCO=EFLAGS
EFER=0000000000000500
Servicing hardware INT=0x20
   168: v=20 e=0000 i=0 cpl=0 IP=0008:0000000000100aa0 pc=0000000000100aa0 SP=0010:000000000800ffc8 env->regs[R_EAX]=0000000000000000
RAX=0000000000000000 RBX=00ffffff0000000a RCX=0000000000000008 RDX=0000000000000000
RSI=0000000000000001 RDI=0000000000000018 RBP=0000000000115136 RSP=000000000800ffc8
R8 =0000000000142d60 R9 =00000000fd0ef010 R10=00000000000ef000 R11=0000000000126de8
R12=00ffffff00000000 R13=0000000000115136 R14=0000000000136430 R15=0000000000000000
RIP=0000000000100aa0 RFL=00000202 [-------] CPL=0 II=0 A20=1 SMM=0 HLT=0
ES =0010 0000000000000000 ffffffff 00af9300 DPL=0 DS   [-WA]
CS =0008 0000000000000000 ffffffff 00af9a00 DPL=0 CS64 [-R-]
SS =0010 0000000000000000 ffffffff 00af9300 DPL=0 DS   [-WA]
DS =0010 0000000000000000 ffffffff 00af9300 DPL=0 DS   [-WA]
FS =0018 0000000000000000 ffffffff 00cf9300 DPL=0 DS   [-WA]
GS =0018 0000000000000000 ffffffff 00cf9300 DPL=0 DS   [-WA]
LDT=0000 0000000000000000 0000ffff 00008200 DPL=0 LDT
TR =0000 0000000000000000 0000ffff 00008b00 DPL=0 TSS64-busy
GDT=     00000000001001d0 00000017
IDT=     0000000000142dc0 00000fff
CR0=80000011 CR2=0000000000000000 CR3=0000000001017000 CR4=00000020
DR0=0000000000000000 DR1=0000000000000000 DR2=0000000000000000 DR3=0000000000000000 
DR6=00000000ffff0ff0 DR7=0000000000000400
CCS=0000000000000000 CCD=000000000aeed849 CCO=EFLAGS
EFER=0000000000000500
Servicing hardware INT=0x20
   169: v=20 e=0000 i=0 cpl=0 IP=0008:0000000000100a30 pc=0000000000100a30 SP=0010:000000000800ffc8 env->regs[R_EAX]=0000000000000000
RAX=0000000000000000 RBX=00ffffff0000000a RCX=0000000000000008 RDX=0000000000000000
RSI=0000000000000001 RDI=0000000000000018 RBP=000000000011512a RSP=000000000800ffc8
R8 =0000000000142d60 R9 =00000000fd0cf010 R10=00000000000cf000 R11=0000000000126de8
R12=00ffffff00000000 R13=000000000011512a R14=0000000000136430 R15=0000000000000000
RIP=0000000000100a30 RFL=00010206 [-----P-] CPL=0 II=0 A20=1 SMM=0 HLT=0
ES =0010 0000000000000000 ffffffff 00af9300 DPL=0 DS   [-WA]
CS =0008 0000000000000000 ffffffff 00af9a00 DPL=0 CS64 [-R-]
SS =0010 0000000000000000 ffffffff 00af9300 DPL=0 DS   [-WA]
DS =0010 0000000000000000 ffffffff 00af9300 DPL=0 DS   [-WA]
FS =0018 0000000000000000 ffffffff 00cf9300 DPL=0 DS   [-WA]
GS =0018 0000000000000000 ffffffff 00cf9300 DPL=0 DS   [-WA]
LDT=0000 0000000000000000 0000ffff 00008200 DPL=0 LDT
TR =0000 0000000000000000 0000ffff 00008b00 DPL=0 TSS64-busy
GDT=     00000000001001d0 00000017
IDT=     0000000000142dc0 00000fff
CR0=80000011 CR2=0000000000000000 CR3=0000000001000000 CR4=00000020
DR0=0000000000000000 DR1=0000000000000000 DR2=0000000000000000 DR3=0000000000000000 
DR6=00000000ffff0ff0 DR7=0000000000000400
CCS=0000000000000004 CCD=000000000800ff18 CCO=EFLAGS
EFER=0000000000000500
Servicing hardware INT=0x20
   170: v=20 e=0000 i=0 cpl=0 IP=0008:0000000000100a30 pc=0000000000100a30 SP=0010:000000000800ffc8 env->regs[R_EAX]=0000000000000000
RAX=0000000000000000 RBX=00ffffff0000000a RCX=0000000000000008 RDX=0000000000000000
RSI=0000000000000001 RDI=0000000000000018 RBP=000000000011512a RSP=000000000800ffc8
R8 =0000000000142d60 R9 =00000000fd0cf010 R10=00000000000cf000 R11=0000000000126de8
R12=00ffffff00000000 R13=000000000011512a R14=0000000000136430 R15=0000000000000000
RIP=0000000000100a30 RFL=00000206 [-----P-] CPL=0 II=0 A20=1 SMM=0 HLT=0
ES =0010 0000000000000000 ffffffff 00af9300 DPL=0 DS   [-WA]
CS =0008 0000000000000000 ffffffff 00af9a00 DPL=0 CS64 [-R-]
SS =0010 0000000000000000 ffffffff 00af9300 DPL=0 DS   [-WA]
DS =0010 0000000000000000 ffffffff 00af9300 DPL=0 DS   [-WA]
FS =0018 0000000000000000 ffffffff 00cf9300 DPL=0 DS   [-WA]
GS =0018 0000000000000000 ffffffff 00cf9300 DPL=0 DS   [-WA]
LDT=0000 0000000000000000 0000ffff 00008200 DPL=0 LDT
TR =0000 0000000000000000 0000ffff 00008b00 DPL=0 TSS64-busy
GDT=     00000000001001d0 00000017
IDT=     0000000000142dc0 00000fff
CR0=80000011 CR2=0000000000000000 CR3=0000000001000000 CR4=00000020
DR0=0000000000000000 DR1=0000000000000000 DR2=0000000000000000 DR3=0000000000000000 
DR6=00000000ffff0ff0 DR7=0000000000000400
CCS=0000000000000004 CCD=000000000ae63103 CCO=EFLAGS
EFER=0000000000000500
Servicing hardware INT=0x20
   171: v=20 e=0000 i=0 cpl=0 IP=0008:0000000000100a30 pc=0000000000100a30 SP=0010:000000000800ffc8 env->regs[R_EAX]=0000000000000000
RAX=0000000000000000 RBX=00ffffff0000000a RCX=0000000000000008 RDX=0000000000000000
RSI=0000000000000001 RDI=0000000000000018 RBP=000000000011512a RSP=000000000800ffc8
R8 =0000000000142d60 R9 =00000000fd0cf010 R10=00000000000cf000 R11=0000000000126de8
R12=00ffffff00000000 R13=000000000011512a R14=0000000000136430 R15=0000000000000000
RIP=0000000000100a30 RFL=00000202 [-------] CPL=0 II=0 A20=1 SMM=0 HLT=0
ES =0010 0000000000000000 ffffffff 00af9300 DPL=0 DS   [-WA]
CS =0008 0000000000000000 ffffffff 00af9a00 DPL=0 CS64 [-R-]
SS =0010 0000000000000000 ffffffff 00af9300 DPL=0 DS   [-WA]
DS =0010 0000000000000000 ffffffff 00af9300 DPL=0 DS   [-WA]
FS =0018 0000000000000000 ffffffff 00cf9300 DPL=0 DS   [-WA]
GS =0018 0000000000000000 ffffffff 00cf9300 DPL=0 DS   [-WA]
LDT=0000 0000000000000000 0000ffff 00008200 DPL=0 LDT
TR =0000 0000000000000000 0000ffff 00008b00 DPL=0 TSS64-busy
GDT=     00000000001001d0 00000017
IDT=     0000000000142dc0 00000fff
CR0=80000011 CR2=0000000000000000 CR3=0000000001000000 CR4=00000020
DR0=0000000000000000 DR1=0000000000000000 DR2=0000000000000000 DR3=0000000000000000 
DR6=00000000ffff0ff0 DR7=0000000000000400
CCS=0000000000000000 CCD=000000000b1b0c1a CCO=EFLAGS
EFER=0000000000000500
Servicing hardware INT=0x20
   172: v=20 e=0000 i=0 cpl=0 IP=0008:0000000000100a30 pc=0000000000100a30 SP=0010:000000000800ffc8 env->regs[R_EAX]=0000000000000000
RAX=0000000000000000 RBX=00ffffff0000000a RCX=0000000000000008 RDX=0000000000000000
RSI=0000000000000001 RDI=0000000000000018 RBP=000000000011512a RSP=000000000800ffc8
R8 =0000000000142d60 R9 =00000000fd0cf010 R10=00000000000cf000 R11=0000000000126de8
R12=00ffffff00000000 R13=000000000011512a R14=0000000000136430 R15=0000000000000000
RIP=0000000000100a30 RFL=00000202 [-------] CPL=0 II=0 A20=1 SMM=0 HLT=0
ES =0010 0000000000000000 ffffffff 00af9300 DPL=0 DS   [-WA]
CS =0008 0000000000000000 ffffffff 00af9a00 DPL=0 CS64 [-R-]
SS =0010 0000000000000000 ffffffff 00af9300 DPL=0 DS   [-WA]
DS =0010 0000000000000000 ffffffff 00af9300 DPL=0 DS   [-WA]
FS =0018 0000000000000000 ffffffff 00cf9300 DPL=0 DS   [-WA]
GS =0018 0000000000000000 ffffffff 00cf9300 DPL=0 DS   [-WA]
LDT=0000 0000000000000000 0000ffff 00008200 DPL=0 LDT
TR =0000 0000000000000000 0000ffff 00008b00 DPL=0 TSS64-busy
GDT=     00000000001001d0 00000017
IDT=     0000000000142dc0 00000fff
CR0=80000011 CR2=0000000000000000 CR3=0000000001000000 CR4=00000020
DR0=0000000000000000 DR1=0000000000000000 DR2=0000000000000000 DR3=0000000000000000 
DR6=00000000ffff0ff0 DR7=0000000000000400
CCS=0000000000000000 CCD=000000000b4d0d16 CCO=EFLAGS
EFER=0000000000000500
Servicing hardware INT=0x20
   173: v=20 e=0000 i=0 cpl=0 IP=0008:0000000000100a30 pc=0000000000100a30 SP=0010:000000000800ffc8 env->regs[R_EAX]=0000000000000000
RAX=0000000000000000 RBX=00ffffff0000000a RCX=0000000000000008 RDX=0000000000000000
RSI=0000000000000001 RDI=0000000000000018 RBP=000000000011512a RSP=000000000800ffc8
R8 =0000000000142d60 R9 =00000000fd0cf010 R10=00000000000cf000 R11=0000000000126de8
R12=00ffffff00000000 R13=000000000011512a R14=0000000000136430 R15=0000000000000000
RIP=0000000000100a30 RFL=00000202 [-------] CPL=0 II=0 A20=1 SMM=0 HLT=0
ES =0010 0000000000000000 ffffffff 00af9300 DPL=0 DS   [-WA]
CS =0008 0000000000000000 ffffffff 00af9a00 DPL=0 CS64 [-R-]
SS =0010 0000000000000000 ffffffff 00af9300 DPL=0 DS   [-WA]
DS =0010 0000000000000000 ffffffff 00af9300 DPL=0 DS   [-WA]
FS =0018 0000000000000000 ffffffff 00cf9300 DPL=0 DS   [-WA]
GS =0018 0000000000000000 ffffffff 00cf9300 DPL=0 DS   [-WA]
LDT=0000 0000000000000000 0000ffff 00008200 DPL=0 LDT
TR =0000 0000000000000000 0000ffff 00008b00 DPL=0 TSS64-busy
GDT=     00000000001001d0 00000017
IDT=     0000000000142dc0 00000fff
CR0=80000011 CR2=0000000000000000 CR3=0000000001000000 CR4=00000020
DR0=0000000000000000 DR1=0000000000000000 DR2=0000000000000000 DR3=0000000000000000 
DR6=00000000ffff0ff0 DR7=0000000000000400
CCS=0000000000000000 CCD=000000000b816d54 CCO=EFLAGS
EFER=0000000000000500
Servicing hardware INT=0x20
   174: v=20 e=0000 i=0 cpl=0 IP=0008:0000000000100a30 pc=0000000000100a30 SP=0010:000000000800ffc8 env->regs[R_EAX]=0000000000000000
RAX=0000000000000000 RBX=00ffffff0000000a RCX=0000000000000008 RDX=0000000000000000
RSI=0000000000000001 RDI=0000000000000018 RBP=000000000011512a RSP=000000000800ffc8
R8 =0000000000142d60 R9 =00000000fd0cf010 R10=00000000000cf000 R11=0000000000126de8
R12=00ffffff00000000 R13=000000000011512a R14=0000000000136430 R15=0000000000000000
RIP=0000000000100a30 RFL=00000206 [-----P-] CPL=0 II=0 A20=1 SMM=0 HLT=0
ES =0010 0000000000000000 ffffffff 00af9300 DPL=0 DS   [-WA]
CS =0008 0000000000000000 ffffffff 00af9a00 DPL=0 CS64 [-R-]
SS =0010 0000000000000000 ffffffff 00af9300 DPL=0 DS   [-WA]
DS =0010 0000000000000000 ffffffff 00af9300 DPL=0 DS   [-WA]
FS =0018 0000000000000000 ffffffff 00cf9300 DPL=0 DS   [-WA]
GS =0018 0000000000000000 ffffffff 00cf9300 DPL=0 DS   [-WA]
LDT=0000 0000000000000000 0000ffff 00008200 DPL=0 LDT
TR =0000 0000000000000000 0000ffff 00008b00 DPL=0 TSS64-busy
GDT=     00000000001001d0 00000017
IDT=     0000000000142dc0 00000fff
CR0=80000011 CR2=0000000000000000 CR3=0000000001000000 CR4=00000020
DR0=0000000000000000 DR1=0000000000000000 DR2=0000000000000000 DR3=0000000000000000 
DR6=00000000ffff0ff0 DR7=0000000000000400
CCS=0000000000000004 CCD=000000000bb61cc9 CCO=EFLAGS
EFER=0000000000000500
Servicing hardware INT=0x20
   175: v=20 e=0000 i=0 cpl=0 IP=0008:0000000000100a30 pc=0000000000100a30 SP=0010:000000000800ffc8 env->regs[R_EAX]=0000000000000000
RAX=0000000000000000 RBX=00ffffff0000000a RCX=0000000000000008 RDX=0000000000000000
RSI=0000000000000001 RDI=0000000000000018 RBP=000000000011512a RSP=000000000800ffc8
R8 =0000000000142d60 R9 =00000000fd0cf010 R10=00000000000cf000 R11=0000000000126de8
R12=00ffffff00000000 R13=000000000011512a R14=0000000000136430 R15=0000000000000000
RIP=0000000000100a30 RFL=00000206 [-----P-] CPL=0 II=0 A20=1 SMM=0 HLT=0
ES =0010 0000000000000000 ffffffff 00af9300 DPL=0 DS   [-WA]
CS =0008 0000000000000000 ffffffff 00af9a00 DPL=0 CS64 [-R-]
SS =0010 0000000000000000 ffffffff 00af9300 DPL=0 DS   [-WA]
DS =0010 0000000000000000 ffffffff 00af9300 DPL=0 DS   [-WA]
FS =0018 0000000000000000 ffffffff 00cf9300 DPL=0 DS   [-WA]
GS =0018 0000000000000000 ffffffff 00cf9300 DPL=0 DS   [-WA]
LDT=0000 0000000000000000 0000ffff 00008200 DPL=0 LDT
TR =0000 0000000000000000 0000ffff 00008b00 DPL=0 TSS64-busy
GDT=     00000000001001d0 00000017
IDT=     0000000000142dc0 00000fff
CR0=80000011 CR2=0000000000000000 CR3=0000000001000000 CR4=00000020
DR0=0000000000000000 DR1=0000000000000000 DR2=0000000000000000 DR3=0000000000000000 
DR6=00000000ffff0ff0 DR7=0000000000000400
CCS=0000000000000004 CCD=000000000beac4dd CCO=EFLAGS
EFER=0000000000000500
Servicing hardware INT=0x20
   176: v=20 e=0000 i=0 cpl=0 IP=0008:0000000000100a30 pc=0000000000100a30 SP=0010:000000000800ffc8 env->regs[R_EAX]=0000000000000000
RAX=0000000000000000 RBX=00ffffff0000000a RCX=0000000000000008 RDX=0000000000000000
RSI=0000000000000001 RDI=0000000000000018 RBP=000000000011512a RSP=000000000800ffc8
R8 =0000000000142d60 R9 =00000000fd0cf010 R10=00000000000cf000 R11=0000000000126de8
R12=00ffffff00000000 R13=000000000011512a R14=0000000000136430 R15=0000000000000000
RIP=0000000000100a30 RFL=00000206 [-----P-] CPL=0 II=0 A20=1 SMM=0 HLT=0
ES =0010 0000000000000000 ffffffff 00af9300 DPL=0 DS   [-WA]
CS =0008 0000000000000000 ffffffff 00af9a00 DPL=0 CS64 [-R-]
SS =0010 0000000000000000 ffffffff 00af9300 DPL=0 DS   [-WA]
DS =0010 0000000000000000 ffffffff 00af9300 DPL=0 DS   [-WA]
FS =0018 0000000000000000 ffffffff 00cf9300 DPL=0 DS   [-WA]
GS =0018 0000000000000000 ffffffff 00cf9300 DPL=0 DS   [-WA]
LDT=0000 0000000000000000 0000ffff 00008200 DPL=0 LDT
TR =0000 0000000000000000 0000ffff 00008b00 DPL=0 TSS64-busy
GDT=     00000000001001d0 00000017
IDT=     0000000000142dc0 00000fff
CR0=80000011 CR2=0000000000000000 CR3=0000000001000000 CR4=00000020
DR0=0000000000000000 DR1=0000000000000000 DR2=0000000000000000 DR3=0000000000000000 
DR6=00000000ffff0ff0 DR7=0000000000000400
CCS=0000000000000004 CCD=000000000c2155af CCO=EFLAGS
EFER=0000000000000500
Servicing hardware INT=0x20
   177: v=20 e=0000 i=0 cpl=0 IP=0008:0000000000100a30 pc=0000000000100a30 SP=0010:000000000800ffc8 env->regs[R_EAX]=0000000000000000
RAX=0000000000000000 RBX=00ffffff0000000a RCX=0000000000000008 RDX=0000000000000000
RSI=0000000000000001 RDI=0000000000000018 RBP=000000000011512a RSP=000000000800ffc8
R8 =0000000000142d60 R9 =00000000fd0cf010 R10=00000000000cf000 R11=0000000000126de8
R12=00ffffff00000000 R13=000000000011512a R14=0000000000136430 R15=0000000000000000
RIP=0000000000100a30 RFL=00000206 [-----P-] CPL=0 II=0 A20=1 SMM=0 HLT=0
ES =0010 0000000000000000 ffffffff 00af9300 DPL=0 DS   [-WA]
CS =0008 0000000000000000 ffffffff 00af9a00 DPL=0 CS64 [-R-]
SS =0010 0000000000000000 ffffffff 00af9300 DPL=0 DS   [-WA]
DS =0010 0000000000000000 ffffffff 00af9300 DPL=0 DS   [-WA]
FS =0018 0000000000000000 ffffffff 00cf9300 DPL=0 DS   [-WA]
GS =0018 0000000000000000 ffffffff 00cf9300 DPL=0 DS   [-WA]
LDT=0000 0000000000000000 0000ffff 00008200 DPL=0 LDT
TR =0000 0000000000000000 0000ffff 00008b00 DPL=0 TSS64-busy
GDT=     00000000001001d0 00000017
IDT=     0000000000142dc0 00000fff
CR0=80000011 CR2=0000000000000000 CR3=0000000001000000 CR4=00000020
DR0=0000000000000000 DR1=0000000000000000 DR2=0000000000000000 DR3=0000000000000000 
DR6=00000000ffff0ff0 DR7=0000000000000400
CCS=0000000000000004 CCD=000000000c57ac95 CCO=EFLAGS
EFER=0000000000000500
Servicing hardware INT=0x20
   178: v=20 e=0000 i=0 cpl=0 IP=0008:0000000000100a30 pc=0000000000100a30 SP=0010:000000000800ffc8 env->regs[R_EAX]=0000000000000000
RAX=0000000000000000 RBX=00ffffff0000000a RCX=0000000000000008 RDX=0000000000000000
RSI=0000000000000001 RDI=0000000000000018 RBP=000000000011512a RSP=000000000800ffc8
R8 =0000000000142d60 R9 =00000000fd0cf010 R10=00000000000cf000 R11=0000000000126de8
R12=00ffffff00000000 R13=000000000011512a R14=0000000000136430 R15=0000000000000000
RIP=0000000000100a30 RFL=00000202 [-------] CPL=0 II=0 A20=1 SMM=0 HLT=0
ES =0010 0000000000000000 ffffffff 00af9300 DPL=0 DS   [-WA]
CS =0008 0000000000000000 ffffffff 00af9a00 DPL=0 CS64 [-R-]
SS =0010 0000000000000000 ffffffff 00af9300 DPL=0 DS   [-WA]
DS =0010 0000000000000000 ffffffff 00af9300 DPL=0 DS   [-WA]
FS =0018 0000000000000000 ffffffff 00cf9300 DPL=0 DS   [-WA]
GS =0018 0000000000000000 ffffffff 00cf9300 DPL=0 DS   [-WA]
LDT=0000 0000000000000000 0000ffff 00008200 DPL=0 LDT
TR =0000 0000000000000000 0000ffff 00008b00 DPL=0 TSS64-busy
GDT=     00000000001001d0 00000017
IDT=     0000000000142dc0 00000fff
CR0=80000011 CR2=0000000000000000 CR3=0000000001000000 CR4=00000020
DR0=0000000000000000 DR1=0000000000000000 DR2=0000000000000000 DR3=0000000000000000 
DR6=00000000ffff0ff0 DR7=0000000000000400
CCS=0000000000000000 CCD=000000000c8e9de6 CCO=EFLAGS
EFER=0000000000000500
Servicing hardware INT=0x20
   179: v=20 e=0000 i=0 cpl=0 IP=0008:0000000000100aa0 pc=0000000000100aa0 SP=0010:000000000800ffc8 env->regs[R_EAX]=0000000000000000
RAX=0000000000000000 RBX=00ffffff0000000a RCX=0000000000000008 RDX=0000000000000000
RSI=0000000000000001 RDI=0000000000000018 RBP=0000000000115136 RSP=000000000800ffc8
R8 =0000000000142d60 R9 =00000000fd0ef010 R10=00000000000ef000 R11=0000000000126de8
R12=00ffffff00000000 R13=0000000000115136 R14=0000000000136430 R15=0000000000000000
RIP=0000000000100aa0 RFL=00010202 [-------] CPL=0 II=0 A20=1 SMM=0 HLT=0
ES =0010 0000000000000000 ffffffff 00af9300 DPL=0 DS   [-WA]
CS =0008 0000000000000000 ffffffff 00af9a00 DPL=0 CS64 [-R-]
SS =0010 0000000000000000 ffffffff 00af9300 DPL=0 DS   [-WA]
DS =0010 0000000000000000 ffffffff 00af9300 DPL=0 DS   [-WA]
FS =0018 0000000000000000 ffffffff 00cf9300 DPL=0 DS   [-WA]
GS =0018 0000000000000000 ffffffff 00cf9300 DPL=0 DS   [-WA]
LDT=0000 0000000000000000 0000ffff 00008200 DPL=0 LDT
TR =0000 0000000000000000 0000ffff 00008b00 DPL=0 TSS64-busy
GDT=     00000000001001d0 00000017
IDT=     0000000000142dc0 00000fff
CR0=80000011 CR2=0000000000000000 CR3=0000000001017000 CR4=00000020
DR0=0000000000000000 DR1=0000000000000000 DR2=0000000000000000 DR3=0000000000000000 
DR6=00000000ffff0ff0 DR7=0000000000000400
CCS=0000000000000000 CCD=000000000800ff18 CCO=EFLAGS
EFER=0000000000000500
Servicing hardware INT=0x20
   180: v=20 e=0000 i=0 cpl=0 IP=0008:0000000000100aa0 pc=0000000000100aa0 SP=0010:000000000800ffc8 env->regs[R_EAX]=0000000000000000
RAX=0000000000000000 RBX=00ffffff0000000a RCX=0000000000000008 RDX=0000000000000000
RSI=0000000000000001 RDI=0000000000000018 RBP=0000000000115136 RSP=000000000800ffc8
R8 =0000000000142d60 R9 =00000000fd0ef010 R10=00000000000ef000 R11=0000000000126de8
R12=00ffffff00000000 R13=0000000000115136 R14=0000000000136430 R15=0000000000000000
RIP=0000000000100aa0 RFL=00000212 [----A--] CPL=0 II=0 A20=1 SMM=0 HLT=0
ES =0010 0000000000000000 ffffffff 00af9300 DPL=0 DS   [-WA]
CS =0008 0000000000000000 ffffffff 00af9a00 DPL=0 CS64 [-R-]
SS =0010 0000000000000000 ffffffff 00af9300 DPL=0 DS   [-WA]
DS =0010 0000000000000000 ffffffff 00af9300 DPL=0 DS   [-WA]
FS =0018 0000000000000000 ffffffff 00cf9300 DPL=0 DS   [-WA]
GS =0018 0000000000000000 ffffffff 00cf9300 DPL=0 DS   [-WA]
LDT=0000 0000000000000000 0000ffff 00008200 DPL=0 LDT
TR =0000 0000000000000000 0000ffff 00008b00 DPL=0 TSS64-busy
GDT=     00000000001001d0 00000017
IDT=     0000000000142dc0 00000fff
CR0=80000011 CR2=0000000000000000 CR3=0000000001017000 CR4=00000020
DR0=0000000000000000 DR1=0000000000000000 DR2=0000000000000000 DR3=0000000000000000 
DR6=00000000ffff0ff0 DR7=0000000000000400
CCS=0000000000000010 CCD=000000000b0aefe0 CCO=EFLAGS
EFER=0000000000000500
Servicing hardware INT=0x20
   181: v=20 e=0000 i=0 cpl=0 IP=0008:0000000000100aa0 pc=0000000000100aa0 SP=0010:000000000800ffc8 env->regs[R_EAX]=0000000000000000
RAX=0000000000000000 RBX=00ffffff0000000a RCX=0000000000000008 RDX=0000000000000000
RSI=0000000000000001 RDI=0000000000000018 RBP=0000000000115136 RSP=000000000800ffc8
R8 =0000000000142d60 R9 =00000000fd0ef010 R10=00000000000ef000 R11=0000000000126de8
R12=00ffffff00000000 R13=0000000000115136 R14=0000000000136430 R15=0000000000000000
RIP=0000000000100aa0 RFL=00000202 [-------] CPL=0 II=0 A20=1 SMM=0 HLT=0
ES =0010 0000000000000000 ffffffff 00af9300 DPL=0 DS   [-WA]
CS =0008 0000000000000000 ffffffff 00af9a00 DPL=0 CS64 [-R-]
SS =0010 0000000000000000 ffffffff 00af9300 DPL=0 DS   [-WA]
DS =0010 0000000000000000 ffffffff 00af9300 DPL=0 DS   [-WA]
FS =0018 0000000000000000 ffffffff 00cf9300 DPL=0 DS   [-WA]
GS =0018 0000000000000000 ffffffff 00cf9300 DPL=0 DS   [-WA]
LDT=0000 0000000000000000 0000ffff 00008200 DPL=0 LDT
TR =0000 0000000000000000 0000ffff 00008b00 DPL=0 TSS64-busy
GDT=     00000000001001d0 00000017
IDT=     0000000000142dc0 00000fff
CR0=80000011 CR2=0000000000000000 CR3=0000000001017000 CR4=00000020
DR0=0000000000000000 DR1=0000000000000000 DR2=0000000000000000 DR3=0000000000000000 
DR6=00000000ffff0ff0 DR7=0000000000000400
CCS=0000000000000000 CCD=000000000b407e4f CCO=EFLAGS
EFER=0000000000000500
Servicing hardware INT=0x20
   182: v=20 e=0000 i=0 cpl=0 IP=0008:0000000000100aa0 pc=0000000000100aa0 SP=0010:000000000800ffc8 env->regs[R_EAX]=0000000000000000
RAX=0000000000000000 RBX=00ffffff0000000a RCX=0000000000000008 RDX=0000000000000000
RSI=0000000000000001 RDI=0000000000000018 RBP=0000000000115136 RSP=000000000800ffc8
R8 =0000000000142d60 R9 =00000000fd0ef010 R10=00000000000ef000 R11=0000000000126de8
R12=00ffffff00000000 R13=0000000000115136 R14=0000000000136430 R15=0000000000000000
RIP=0000000000100aa0 RFL=00000202 [-------] CPL=0 II=0 A20=1 SMM=0 HLT=0
ES =0010 0000000000000000 ffffffff 00af9300 DPL=0 DS   [-WA]
CS =0008 0000000000000000 ffffffff 00af9a00 DPL=0 CS64 [-R-]
SS =0010 0000000000000000 ffffffff 00af9300 DPL=0 DS   [-WA]
DS =0010 0000000000000000 ffffffff 00af9300 DPL=0 DS   [-WA]
FS =0018 0000000000000000 ffffffff 00cf9300 DPL=0 DS   [-WA]
GS =0018 0000000000000000 ffffffff 00cf9300 DPL=0 DS   [-WA]
LDT=0000 0000000000000000 0000ffff 00008200 DPL=0 LDT
TR =0000 0000000000000000 0000ffff 00008b00 DPL=0 TSS64-busy
GDT=     00000000001001d0 00000017
IDT=     0000000000142dc0 00000fff
CR0=80000011 CR2=0000000000000000 CR3=0000000001017000 CR4=00000020
DR0=0000000000000000 DR1=0000000000000000 DR2=0000000000000000 DR3=0000000000000000 
DR6=00000000ffff0ff0 DR7=0000000000000400
CCS=0000000000000000 CCD=000000000b6b86df CCO=EFLAGS
EFER=0000000000000500
Servicing hardware INT=0x20
   183: v=20 e=0000 i=0 cpl=0 IP=0008:0000000000100aa0 pc=0000000000100aa0 SP=0010:000000000800ffc8 env->regs[R_EAX]=0000000000000000
RAX=0000000000000000 RBX=00ffffff0000000a RCX=0000000000000008 RDX=0000000000000000
RSI=0000000000000001 RDI=0000000000000018 RBP=0000000000115136 RSP=000000000800ffc8
R8 =0000000000142d60 R9 =00000000fd0ef010 R10=00000000000ef000 R11=0000000000126de8
R12=00ffffff00000000 R13=0000000000115136 R14=0000000000136430 R15=0000000000000000
RIP=0000000000100aa0 RFL=00010202 [-------] CPL=0 II=0 A20=1 SMM=0 HLT=0
ES =0010 0000000000000000 ffffffff 00af9300 DPL=0 DS   [-WA]
CS =0008 0000000000000000 ffffffff 00af9a00 DPL=0 CS64 [-R-]
SS =0010 0000000000000000 ffffffff 00af9300 DPL=0 DS   [-WA]
DS =0010 0000000000000000 ffffffff 00af9300 DPL=0 DS   [-WA]
FS =0018 0000000000000000 ffffffff 00cf9300 DPL=0 DS   [-WA]
GS =0018 0000000000000000 ffffffff 00cf9300 DPL=0 DS   [-WA]
LDT=0000 0000000000000000 0000ffff 00008200 DPL=0 LDT
TR =0000 0000000000000000 0000ffff 00008b00 DPL=0 TSS64-busy
GDT=     00000000001001d0 00000017
IDT=     0000000000142dc0 00000fff
CR0=80000011 CR2=0000000000000000 CR3=0000000001017000 CR4=00000020
DR0=0000000000000000 DR1=0000000000000000 DR2=0000000000000000 DR3=0000000000000000 
DR6=00000000ffff0ff0 DR7=0000000000000400
CCS=0000000000000000 CCD=000000000800ff18 CCO=EFLAGS
EFER=0000000000000500
Servicing hardware INT=0x20
   184: v=20 e=0000 i=0 cpl=0 IP=0008:0000000000100aa0 pc=0000000000100aa0 SP=0010:000000000800ffc8 env->regs[R_EAX]=0000000000000000
RAX=0000000000000000 RBX=00ffffff0000000a RCX=0000000000000008 RDX=0000000000000000
RSI=0000000000000001 RDI=0000000000000018 RBP=0000000000115136 RSP=000000000800ffc8
R8 =0000000000142d60 R9 =00000000fd0ef010 R10=00000000000ef000 R11=0000000000126de8
R12=00ffffff00000000 R13=0000000000115136 R14=0000000000136430 R15=0000000000000000
RIP=0000000000100aa0 RFL=00000206 [-----P-] CPL=0 II=0 A20=1 SMM=0 HLT=0
ES =0010 0000000000000000 ffffffff 00af9300 DPL=0 DS   [-WA]
CS =0008 0000000000000000 ffffffff 00af9a00 DPL=0 CS64 [-R-]
SS =0010 0000000000000000 ffffffff 00af9300 DPL=0 DS   [-WA]
DS =0010 0000000000000000 ffffffff 00af9300 DPL=0 DS   [-WA]
FS =0018 0000000000000000 ffffffff 00cf9300 DPL=0 DS   [-WA]
GS =0018 0000000000000000 ffffffff 00cf9300 DPL=0 DS   [-WA]
LDT=0000 0000000000000000 0000ffff 00008200 DPL=0 LDT
TR =0000 0000000000000000 0000ffff 00008b00 DPL=0 TSS64-busy
GDT=     00000000001001d0 00000017
IDT=     0000000000142dc0 00000fff
CR0=80000011 CR2=0000000000000000 CR3=0000000001017000 CR4=00000020
DR0=0000000000000000 DR1=0000000000000000 DR2=0000000000000000 DR3=0000000000000000 
DR6=00000000ffff0ff0 DR7=0000000000000400
CCS=0000000000000004 CCD=000000000b8a6965 CCO=EFLAGS
EFER=0000000000000500
Servicing hardware INT=0x20
   185: v=20 e=0000 i=0 cpl=0 IP=0008:0000000000100aa0 pc=0000000000100aa0 SP=0010:000000000800ffc8 env->regs[R_EAX]=0000000000000000
RAX=0000000000000000 RBX=00ffffff0000000a RCX=0000000000000008 RDX=0000000000000000
RSI=0000000000000001 RDI=0000000000000018 RBP=0000000000115136 RSP=000000000800ffc8
R8 =0000000000142d60 R9 =00000000fd0ef010 R10=00000000000ef000 R11=0000000000126de8
R12=00ffffff00000000 R13=0000000000115136 R14=0000000000136430 R15=0000000000000000
RIP=0000000000100aa0 RFL=00000202 [-------] CPL=0 II=0 A20=1 SMM=0 HLT=0
ES =0010 0000000000000000 ffffffff 00af9300 DPL=0 DS   [-WA]
CS =0008 0000000000000000 ffffffff 00af9a00 DPL=0 CS64 [-R-]
SS =0010 0000000000000000 ffffffff 00af9300 DPL=0 DS   [-WA]
DS =0010 0000000000000000 ffffffff 00af9300 DPL=0 DS   [-WA]
FS =0018 0000000000000000 ffffffff 00cf9300 DPL=0 DS   [-WA]
GS =0018 0000000000000000 ffffffff 00cf9300 DPL=0 DS   [-WA]
LDT=0000 0000000000000000 0000ffff 00008200 DPL=0 LDT
TR =0000 0000000000000000 0000ffff 00008b00 DPL=0 TSS64-busy
GDT=     00000000001001d0 00000017
IDT=     0000000000142dc0 00000fff
CR0=80000011 CR2=0000000000000000 CR3=0000000001017000 CR4=00000020
DR0=0000000000000000 DR1=0000000000000000 DR2=0000000000000000 DR3=0000000000000000 
DR6=00000000ffff0ff0 DR7=0000000000000400
CCS=0000000000000000 CCD=000000000baf1998 CCO=EFLAGS
EFER=0000000000000500
Servicing hardware INT=0x20
   186: v=20 e=0000 i=0 cpl=0 IP=0008:0000000000100aa0 pc=0000000000100aa0 SP=0010:000000000800ffc8 env->regs[R_EAX]=0000000000000000
RAX=0000000000000000 RBX=00ffffff0000000a RCX=0000000000000008 RDX=0000000000000000
RSI=0000000000000001 RDI=0000000000000018 RBP=0000000000115136 RSP=000000000800ffc8
R8 =0000000000142d60 R9 =00000000fd0ef010 R10=00000000000ef000 R11=0000000000126de8
R12=00ffffff00000000 R13=0000000000115136 R14=0000000000136430 R15=0000000000000000
RIP=0000000000100aa0 RFL=00000206 [-----P-] CPL=0 II=0 A20=1 SMM=0 HLT=0
ES =0010 0000000000000000 ffffffff 00af9300 DPL=0 DS   [-WA]
CS =0008 0000000000000000 ffffffff 00af9a00 DPL=0 CS64 [-R-]
SS =0010 0000000000000000 ffffffff 00af9300 DPL=0 DS   [-WA]
DS =0010 0000000000000000 ffffffff 00af9300 DPL=0 DS   [-WA]
FS =0018 0000000000000000 ffffffff 00cf9300 DPL=0 DS   [-WA]
GS =0018 0000000000000000 ffffffff 00cf9300 DPL=0 DS   [-WA]
LDT=0000 0000000000000000 0000ffff 00008200 DPL=0 LDT
TR =0000 0000000000000000 0000ffff 00008b00 DPL=0 TSS64-busy
GDT=     00000000001001d0 00000017
IDT=     0000000000142dc0 00000fff
CR0=80000011 CR2=0000000000000000 CR3=0000000001017000 CR4=00000020
DR0=0000000000000000 DR1=0000000000000000 DR2=0000000000000000 DR3=0000000000000000 
DR6=00000000ffff0ff0 DR7=0000000000000400
CCS=0000000000000004 CCD=000000000bd5174b CCO=EFLAGS
EFER=0000000000000500
Servicing hardware INT=0x20
   187: v=20 e=0000 i=0 cpl=0 IP=0008:0000000000100aa0 pc=0000000000100aa0 SP=0010:000000000800ffc8 env->regs[R_EAX]=0000000000000000
RAX=0000000000000000 RBX=00ffffff0000000a RCX=0000000000000008 RDX=0000000000000000
RSI=0000000000000001 RDI=0000000000000018 RBP=0000000000115136 RSP=000000000800ffc8
R8 =0000000000142d60 R9 =00000000fd0ef010 R10=00000000000ef000 R11=0000000000126de8
R12=00ffffff00000000 R13=0000000000115136 R14=0000000000136430 R15=0000000000000000
RIP=0000000000100aa0 RFL=00000202 [-------] CPL=0 II=0 A20=1 SMM=0 HLT=0
ES =0010 0000000000000000 ffffffff 00af9300 DPL=0 DS   [-WA]
CS =0008 0000000000000000 ffffffff 00af9a00 DPL=0 CS64 [-R-]
SS =0010 0000000000000000 ffffffff 00af9300 DPL=0 DS   [-WA]
DS =0010 0000000000000000 ffffffff 00af9300 DPL=0 DS   [-WA]
FS =0018 0000000000000000 ffffffff 00cf9300 DPL=0 DS   [-WA]
GS =0018 0000000000000000 ffffffff 00cf9300 DPL=0 DS   [-WA]
LDT=0000 0000000000000000 0000ffff 00008200 DPL=0 LDT
TR =0000 0000000000000000 0000ffff 00008b00 DPL=0 TSS64-busy
GDT=     00000000001001d0 00000017
IDT=     0000000000142dc0 00000fff
CR0=80000011 CR2=0000000000000000 CR3=0000000001017000 CR4=00000020
DR0=0000000000000000 DR1=0000000000000000 DR2=0000000000000000 DR3=0000000000000000 
DR6=00000000ffff0ff0 DR7=0000000000000400
CCS=0000000000000000 CCD=000000000c05e331 CCO=EFLAGS
EFER=0000000000000500
Servicing hardware INT=0x20
   188: v=20 e=0000 i=0 cpl=0 IP=0008:0000000000100aa0 pc=0000000000100aa0 SP=0010:000000000800ffc8 env->regs[R_EAX]=0000000000000000
RAX=0000000000000000 RBX=00ffffff0000000a RCX=0000000000000008 RDX=0000000000000000
RSI=0000000000000001 RDI=0000000000000018 RBP=0000000000115136 RSP=000000000800ffc8
R8 =0000000000142d60 R9 =00000000fd0ef010 R10=00000000000ef000 R11=0000000000126de8
R12=00ffffff00000000 R13=0000000000115136 R14=0000000000136430 R15=0000000000000000
RIP=0000000000100aa0 RFL=00000202 [-------] CPL=0 II=0 A20=1 SMM=0 HLT=0
ES =0010 0000000000000000 ffffffff 00af9300 DPL=0 DS   [-WA]
CS =0008 0000000000000000 ffffffff 00af9a00 DPL=0 CS64 [-R-]
SS =0010 0000000000000000 ffffffff 00af9300 DPL=0 DS   [-WA]
DS =0010 0000000000000000 ffffffff 00af9300 DPL=0 DS   [-WA]
FS =0018 0000000000000000 ffffffff 00cf9300 DPL=0 DS   [-WA]
GS =0018 0000000000000000 ffffffff 00cf9300 DPL=0 DS   [-WA]
LDT=0000 0000000000000000 0000ffff 00008200 DPL=0 LDT
TR =0000 0000000000000000 0000ffff 00008b00 DPL=0 TSS64-busy
GDT=     00000000001001d0 00000017
IDT=     0000000000142dc0 00000fff
CR0=80000011 CR2=0000000000000000 CR3=0000000001017000 CR4=00000020
DR0=0000000000000000 DR1=0000000000000000 DR2=0000000000000000 DR3=0000000000000000 
DR6=00000000ffff0ff0 DR7=0000000000000400
CCS=0000000000000000 CCD=000000000c3cde49 CCO=EFLAGS
EFER=0000000000000500
Servicing hardware INT=0x20
   189: v=20 e=0000 i=0 cpl=0 IP=0008:0000000000100a30 pc=0000000000100a30 SP=0010:000000000800ffc8 env->regs[R_EAX]=0000000000000000
RAX=0000000000000000 RBX=00ffffff0000000a RCX=0000000000000008 RDX=0000000000000000
RSI=0000000000000001 RDI=0000000000000018 RBP=000000000011512a RSP=000000000800ffc8
R8 =0000000000142d60 R9 =00000000fd0cf010 R10=00000000000cf000 R11=0000000000126de8
R12=00ffffff00000000 R13=000000000011512a R14=0000000000136430 R15=0000000000000000
RIP=0000000000100a30 RFL=00010202 [-------] CPL=0 II=0 A20=1 SMM=0 HLT=0
ES =0010 0000000000000000 ffffffff 00af9300 DPL=0 DS   [-WA]
CS =0008 0000000000000000 ffffffff 00af9a00 DPL=0 CS64 [-R-]
SS =0010 0000000000000000 ffffffff 00af9300 DPL=0 DS   [-WA]
DS =0010 0000000000000000 ffffffff 00af9300 DPL=0 DS   [-WA]
FS =0018 0000000000000000 ffffffff 00cf9300 DPL=0 DS   [-WA]
GS =0018 0000000000000000 ffffffff 00cf9300 DPL=0 DS   [-WA]
LDT=0000 0000000000000000 0000ffff 00008200 DPL=0 LDT
TR =0000 0000000000000000 0000ffff 00008b00 DPL=0 TSS64-busy
GDT=     00000000001001d0 00000017
IDT=     0000000000142dc0 00000fff
CR0=80000011 CR2=0000000000000000 CR3=0000000001000000 CR4=00000020
DR0=0000000000000000 DR1=0000000000000000 DR2=0000000000000000 DR3=0000000000000000 
DR6=00000000ffff0ff0 DR7=0000000000000400
CCS=0000000000000000 CCD=000000000800ff18 CCO=EFLAGS
EFER=0000000000000500
Servicing hardware INT=0x20
   190: v=20 e=0000 i=0 cpl=0 IP=0008:0000000000100a30 pc=0000000000100a30 SP=0010:000000000800ffc8 env->regs[R_EAX]=0000000000000000
RAX=0000000000000000 RBX=00ffffff0000000a RCX=0000000000000008 RDX=0000000000000000
RSI=0000000000000001 RDI=0000000000000018 RBP=000000000011512a RSP=000000000800ffc8
R8 =0000000000142d60 R9 =00000000fd0cf010 R10=00000000000cf000 R11=0000000000126de8
R12=00ffffff00000000 R13=000000000011512a R14=0000000000136430 R15=0000000000000000
RIP=0000000000100a30 RFL=00010202 [-------] CPL=0 II=0 A20=1 SMM=0 HLT=0
ES =0010 0000000000000000 ffffffff 00af9300 DPL=0 DS   [-WA]
CS =0008 0000000000000000 ffffffff 00af9a00 DPL=0 CS64 [-R-]
SS =0010 0000000000000000 ffffffff 00af9300 DPL=0 DS   [-WA]
DS =0010 0000000000000000 ffffffff 00af9300 DPL=0 DS   [-WA]
FS =0018 0000000000000000 ffffffff 00cf9300 DPL=0 DS   [-WA]
GS =0018 0000000000000000 ffffffff 00cf9300 DPL=0 DS   [-WA]
LDT=0000 0000000000000000 0000ffff 00008200 DPL=0 LDT
TR =0000 0000000000000000 0000ffff 00008b00 DPL=0 TSS64-busy
GDT=     00000000001001d0 00000017
IDT=     0000000000142dc0 00000fff
CR0=80000011 CR2=0000000000000000 CR3=0000000001000000 CR4=00000020
DR0=0000000000000000 DR1=0000000000000000 DR2=0000000000000000 DR3=0000000000000000 
DR6=00000000ffff0ff0 DR7=0000000000000400
CCS=0000000000000000 CCD=000000000800ff18 CCO=EFLAGS
EFER=0000000000000500
Servicing hardware INT=0x20
   191: v=20 e=0000 i=0 cpl=0 IP=0008:0000000000100a30 pc=0000000000100a30 SP=0010:000000000800ffc8 env->regs[R_EAX]=0000000000000000
RAX=0000000000000000 RBX=00ffffff0000000a RCX=0000000000000008 RDX=0000000000000000
RSI=0000000000000001 RDI=0000000000000018 RBP=000000000011512a RSP=000000000800ffc8
R8 =0000000000142d60 R9 =00000000fd0cf010 R10=00000000000cf000 R11=0000000000126de8
R12=00ffffff00000000 R13=000000000011512a R14=0000000000136430 R15=0000000000000000
RIP=0000000000100a30 RFL=00000206 [-----P-] CPL=0 II=0 A20=1 SMM=0 HLT=0
ES =0010 0000000000000000 ffffffff 00af9300 DPL=0 DS   [-WA]
CS =0008 0000000000000000 ffffffff 00af9a00 DPL=0 CS64 [-R-]
SS =0010 0000000000000000 ffffffff 00af9300 DPL=0 DS   [-WA]
DS =0010 0000000000000000 ffffffff 00af9300 DPL=0 DS   [-WA]
FS =0018 0000000000000000 ffffffff 00cf9300 DPL=0 DS   [-WA]
GS =0018 0000000000000000 ffffffff 00cf9300 DPL=0 DS   [-WA]
LDT=0000 0000000000000000 0000ffff 00008200 DPL=0 LDT
TR =0000 0000000000000000 0000ffff 00008b00 DPL=0 TSS64-busy
GDT=     00000000001001d0 00000017
IDT=     0000000000142dc0 00000fff
CR0=80000011 CR2=0000000000000000 CR3=0000000001000000 CR4=00000020
DR0=0000000000000000 DR1=0000000000000000 DR2=0000000000000000 DR3=0000000000000000 
DR6=00000000ffff0ff0 DR7=0000000000000400
CCS=0000000000000004 CCD=000000000cad6c7b CCO=EFLAGS
EFER=0000000000000500
Servicing hardware INT=0x20
   192: v=20 e=0000 i=0 cpl=0 IP=0008:0000000000100a30 pc=0000000000100a30 SP=0010:000000000800ffc8 env->regs[R_EAX]=0000000000000000
RAX=0000000000000000 RBX=00ffffff0000000a RCX=0000000000000008 RDX=0000000000000000
RSI=0000000000000001 RDI=0000000000000018 RBP=000000000011512a RSP=000000000800ffc8
R8 =0000000000142d60 R9 =00000000fd0cf010 R10=00000000000cf000 R11=0000000000126de8
R12=00ffffff00000000 R13=000000000011512a R14=0000000000136430 R15=0000000000000000
RIP=0000000000100a30 RFL=00000202 [-------] CPL=0 II=0 A20=1 SMM=0 HLT=0
ES =0010 0000000000000000 ffffffff 00af9300 DPL=0 DS   [-WA]
CS =0008 0000000000000000 ffffffff 00af9a00 DPL=0 CS64 [-R-]
SS =0010 0000000000000000 ffffffff 00af9300 DPL=0 DS   [-WA]
DS =0010 0000000000000000 ffffffff 00af9300 DPL=0 DS   [-WA]
FS =0018 0000000000000000 ffffffff 00cf9300 DPL=0 DS   [-WA]
GS =0018 0000000000000000 ffffffff 00cf9300 DPL=0 DS   [-WA]
LDT=0000 0000000000000000 0000ffff 00008200 DPL=0 LDT
TR =0000 0000000000000000 0000ffff 00008b00 DPL=0 TSS64-busy
GDT=     00000000001001d0 00000017
IDT=     0000000000142dc0 00000fff
CR0=80000011 CR2=0000000000000000 CR3=0000000001000000 CR4=00000020
DR0=0000000000000000 DR1=0000000000000000 DR2=0000000000000000 DR3=0000000000000000 
DR6=00000000ffff0ff0 DR7=0000000000000400
CCS=0000000000000000 CCD=000000000cd81cef CCO=EFLAGS
EFER=0000000000000500
Servicing hardware INT=0x20
   193: v=20 e=0000 i=0 cpl=0 IP=0008:0000000000100a30 pc=0000000000100a30 SP=0010:000000000800ffc8 env->regs[R_EAX]=0000000000000000
RAX=0000000000000000 RBX=00ffffff0000000a RCX=0000000000000008 RDX=0000000000000000
RSI=0000000000000001 RDI=0000000000000018 RBP=000000000011512a RSP=000000000800ffc8
R8 =0000000000142d60 R9 =00000000fd0cf010 R10=00000000000cf000 R11=0000000000126de8
R12=00ffffff00000000 R13=000000000011512a R14=0000000000136430 R15=0000000000000000
RIP=0000000000100a30 RFL=00000206 [-----P-] CPL=0 II=0 A20=1 SMM=0 HLT=0
ES =0010 0000000000000000 ffffffff 00af9300 DPL=0 DS   [-WA]
CS =0008 0000000000000000 ffffffff 00af9a00 DPL=0 CS64 [-R-]
SS =0010 0000000000000000 ffffffff 00af9300 DPL=0 DS   [-WA]
DS =0010 0000000000000000 ffffffff 00af9300 DPL=0 DS   [-WA]
FS =0018 0000000000000000 ffffffff 00cf9300 DPL=0 DS   [-WA]
GS =0018 0000000000000000 ffffffff 00cf9300 DPL=0 DS   [-WA]
LDT=0000 0000000000000000 0000ffff 00008200 DPL=0 LDT
TR =0000 0000000000000000 0000ffff 00008b00 DPL=0 TSS64-busy
GDT=     00000000001001d0 00000017
IDT=     0000000000142dc0 00000fff
CR0=80000011 CR2=0000000000000000 CR3=0000000001000000 CR4=00000020
DR0=0000000000000000 DR1=0000000000000000 DR2=0000000000000000 DR3=0000000000000000 
DR6=00000000ffff0ff0 DR7=0000000000000400
CCS=0000000000000004 CCD=000000000d07350a CCO=EFLAGS
EFER=0000000000000500
Servicing hardware INT=0x20
   194: v=20 e=0000 i=0 cpl=0 IP=0008:0000000000100a30 pc=0000000000100a30 SP=0010:000000000800ffc8 env->regs[R_EAX]=0000000000000000
RAX=0000000000000000 RBX=00ffffff0000000a RCX=0000000000000008 RDX=0000000000000000
RSI=0000000000000001 RDI=0000000000000018 RBP=000000000011512a RSP=000000000800ffc8
R8 =0000000000142d60 R9 =00000000fd0cf010 R10=00000000000cf000 R11=0000000000126de8
R12=00ffffff00000000 R13=000000000011512a R14=0000000000136430 R15=0000000000000000
RIP=0000000000100a30 RFL=00000202 [-------] CPL=0 II=0 A20=1 SMM=0 HLT=0
ES =0010 0000000000000000 ffffffff 00af9300 DPL=0 DS   [-WA]
CS =0008 0000000000000000 ffffffff 00af9a00 DPL=0 CS64 [-R-]
SS =0010 0000000000000000 ffffffff 00af9300 DPL=0 DS   [-WA]
DS =0010 0000000000000000 ffffffff 00af9300 DPL=0 DS   [-WA]
FS =0018 0000000000000000 ffffffff 00cf9300 DPL=0 DS   [-WA]
GS =0018 0000000000000000 ffffffff 00cf9300 DPL=0 DS   [-WA]
LDT=0000 0000000000000000 0000ffff 00008200 DPL=0 LDT
TR =0000 0000000000000000 0000ffff 00008b00 DPL=0 TSS64-busy
GDT=     00000000001001d0 00000017
IDT=     0000000000142dc0 00000fff
CR0=80000011 CR2=0000000000000000 CR3=0000000001000000 CR4=00000020
DR0=0000000000000000 DR1=0000000000000000 DR2=0000000000000000 DR3=0000000000000000 
DR6=00000000ffff0ff0 DR7=0000000000000400
CCS=0000000000000000 CCD=000000000d3d7d92 CCO=EFLAGS
EFER=0000000000000500
Servicing hardware INT=0x20
   195: v=20 e=0000 i=0 cpl=0 IP=0008:0000000000100a30 pc=0000000000100a30 SP=0010:000000000800ffc8 env->regs[R_EAX]=0000000000000000
RAX=0000000000000000 RBX=00ffffff0000000a RCX=0000000000000008 RDX=0000000000000000
RSI=0000000000000001 RDI=0000000000000018 RBP=000000000011512a RSP=000000000800ffc8
R8 =0000000000142d60 R9 =00000000fd0cf010 R10=00000000000cf000 R11=0000000000126de8
R12=00ffffff00000000 R13=000000000011512a R14=0000000000136430 R15=0000000000000000
RIP=0000000000100a30 RFL=00000216 [----AP-] CPL=0 II=0 A20=1 SMM=0 HLT=0
ES =0010 0000000000000000 ffffffff 00af9300 DPL=0 DS   [-WA]
CS =0008 0000000000000000 ffffffff 00af9a00 DPL=0 CS64 [-R-]
SS =0010 0000000000000000 ffffffff 00af9300 DPL=0 DS   [-WA]
DS =0010 0000000000000000 ffffffff 00af9300 DPL=0 DS   [-WA]
FS =0018 0000000000000000 ffffffff 00cf9300 DPL=0 DS   [-WA]
GS =0018 0000000000000000 ffffffff 00cf9300 DPL=0 DS   [-WA]
LDT=0000 0000000000000000 0000ffff 00008200 DPL=0 LDT
TR =0000 0000000000000000 0000ffff 00008b00 DPL=0 TSS64-busy
GDT=     00000000001001d0 00000017
IDT=     0000000000142dc0 00000fff
CR0=80000011 CR2=0000000000000000 CR3=0000000001000000 CR4=00000020
DR0=0000000000000000 DR1=0000000000000000 DR2=0000000000000000 DR3=0000000000000000 
DR6=00000000ffff0ff0 DR7=0000000000000400
CCS=0000000000000014 CCD=000000000d742390 CCO=EFLAGS
EFER=0000000000000500
Servicing hardware INT=0x20
   196: v=20 e=0000 i=0 cpl=0 IP=0008:0000000000100a30 pc=0000000000100a30 SP=0010:000000000800ffc8 env->regs[R_EAX]=0000000000000000
RAX=0000000000000000 RBX=00ffffff0000000a RCX=0000000000000008 RDX=0000000000000000
RSI=0000000000000001 RDI=0000000000000018 RBP=000000000011512a RSP=000000000800ffc8
R8 =0000000000142d60 R9 =00000000fd0cf010 R10=00000000000cf000 R11=0000000000126de8
R12=00ffffff00000000 R13=000000000011512a R14=0000000000136430 R15=0000000000000000
RIP=0000000000100a30 RFL=00000206 [-----P-] CPL=0 II=0 A20=1 SMM=0 HLT=0
ES =0010 0000000000000000 ffffffff 00af9300 DPL=0 DS   [-WA]
CS =0008 0000000000000000 ffffffff 00af9a00 DPL=0 CS64 [-R-]
SS =0010 0000000000000000 ffffffff 00af9300 DPL=0 DS   [-WA]
DS =0010 0000000000000000 ffffffff 00af9300 DPL=0 DS   [-WA]
FS =0018 0000000000000000 ffffffff 00cf9300 DPL=0 DS   [-WA]
GS =0018 0000000000000000 ffffffff 00cf9300 DPL=0 DS   [-WA]
LDT=0000 0000000000000000 0000ffff 00008200 DPL=0 LDT
TR =0000 0000000000000000 0000ffff 00008b00 DPL=0 TSS64-busy
GDT=     00000000001001d0 00000017
IDT=     0000000000142dc0 00000fff
CR0=80000011 CR2=0000000000000000 CR3=0000000001000000 CR4=00000020
DR0=0000000000000000 DR1=0000000000000000 DR2=0000000000000000 DR3=0000000000000000 
DR6=00000000ffff0ff0 DR7=0000000000000400
CCS=0000000000000004 CCD=000000000da1f777 CCO=EFLAGS
EFER=0000000000000500
Servicing hardware INT=0x20
   197: v=20 e=0000 i=0 cpl=0 IP=0008:0000000000100a30 pc=0000000000100a30 SP=0010:000000000800ffc8 env->regs[R_EAX]=0000000000000000
RAX=0000000000000000 RBX=00ffffff0000000a RCX=0000000000000008 RDX=0000000000000000
RSI=0000000000000001 RDI=0000000000000018 RBP=000000000011512a RSP=000000000800ffc8
R8 =0000000000142d60 R9 =00000000fd0cf010 R10=00000000000cf000 R11=0000000000126de8
R12=00ffffff00000000 R13=000000000011512a R14=0000000000136430 R15=0000000000000000
RIP=0000000000100a30 RFL=00000206 [-----P-] CPL=0 II=0 A20=1 SMM=0 HLT=0
ES =0010 0000000000000000 ffffffff 00af9300 DPL=0 DS   [-WA]
CS =0008 0000000000000000 ffffffff 00af9a00 DPL=0 CS64 [-R-]
SS =0010 0000000000000000 ffffffff 00af9300 DPL=0 DS   [-WA]
DS =0010 0000000000000000 ffffffff 00af9300 DPL=0 DS   [-WA]
FS =0018 0000000000000000 ffffffff 00cf9300 DPL=0 DS   [-WA]
GS =0018 0000000000000000 ffffffff 00cf9300 DPL=0 DS   [-WA]
LDT=0000 0000000000000000 0000ffff 00008200 DPL=0 LDT
TR =0000 0000000000000000 0000ffff 00008b00 DPL=0 TSS64-busy
GDT=     00000000001001d0 00000017
IDT=     0000000000142dc0 00000fff
CR0=80000011 CR2=0000000000000000 CR3=0000000001000000 CR4=00000020
DR0=0000000000000000 DR1=0000000000000000 DR2=0000000000000000 DR3=0000000000000000 
DR6=00000000ffff0ff0 DR7=0000000000000400
CCS=0000000000000004 CCD=000000000dd3b4b4 CCO=EFLAGS
EFER=0000000000000500
Servicing hardware INT=0x20
   198: v=20 e=0000 i=0 cpl=0 IP=0008:0000000000100a30 pc=0000000000100a30 SP=0010:000000000800ffc8 env->regs[R_EAX]=0000000000000000
RAX=0000000000000000 RBX=00ffffff0000000a RCX=0000000000000008 RDX=0000000000000000
RSI=0000000000000001 RDI=0000000000000018 RBP=000000000011512a RSP=000000000800ffc8
R8 =0000000000142d60 R9 =00000000fd0cf010 R10=00000000000cf000 R11=0000000000126de8
R12=00ffffff00000000 R13=000000000011512a R14=0000000000136430 R15=0000000000000000
RIP=0000000000100a30 RFL=00000206 [-----P-] CPL=0 II=0 A20=1 SMM=0 HLT=0
ES =0010 0000000000000000 ffffffff 00af9300 DPL=0 DS   [-WA]
CS =0008 0000000000000000 ffffffff 00af9a00 DPL=0 CS64 [-R-]
SS =0010 0000000000000000 ffffffff 00af9300 DPL=0 DS   [-WA]
DS =0010 0000000000000000 ffffffff 00af9300 DPL=0 DS   [-WA]
FS =0018 0000000000000000 ffffffff 00cf9300 DPL=0 DS   [-WA]
GS =0018 0000000000000000 ffffffff 00cf9300 DPL=0 DS   [-WA]
LDT=0000 0000000000000000 0000ffff 00008200 DPL=0 LDT
TR =0000 0000000000000000 0000ffff 00008b00 DPL=0 TSS64-busy
GDT=     00000000001001d0 00000017
IDT=     0000000000142dc0 00000fff
CR0=80000011 CR2=0000000000000000 CR3=0000000001000000 CR4=00000020
DR0=0000000000000000 DR1=0000000000000000 DR2=0000000000000000 DR3=0000000000000000 
DR6=00000000ffff0ff0 DR7=0000000000000400
CCS=0000000000000004 CCD=000000000e027dd2 CCO=EFLAGS
EFER=0000000000000500
Servicing hardware INT=0x20
   199: v=20 e=0000 i=0 cpl=0 IP=0008:0000000000100aa0 pc=0000000000100aa0 SP=0010:000000000800ffc8 env->regs[R_EAX]=0000000000000000
RAX=0000000000000000 RBX=00ffffff0000000a RCX=0000000000000008 RDX=0000000000000000
RSI=0000000000000001 RDI=0000000000000018 RBP=0000000000115136 RSP=000000000800ffc8
R8 =0000000000142d60 R9 =00000000fd0ef010 R10=00000000000ef000 R11=0000000000126de8
R12=00ffffff00000000 R13=0000000000115136 R14=0000000000136430 R15=0000000000000000
RIP=0000000000100aa0 RFL=00010202 [-------] CPL=0 II=0 A20=1 SMM=0 HLT=0
ES =0010 0000000000000000 ffffffff 00af9300 DPL=0 DS   [-WA]
CS =0008 0000000000000000 ffffffff 00af9a00 DPL=0 CS64 [-R-]
SS =0010 0000000000000000 ffffffff 00af9300 DPL=0 DS   [-WA]
DS =0010 0000000000000000 ffffffff 00af9300 DPL=0 DS   [-WA]
FS =0018 0000000000000000 ffffffff 00cf9300 DPL=0 DS   [-WA]
GS =0018 0000000000000000 ffffffff 00cf9300 DPL=0 DS   [-WA]
LDT=0000 0000000000000000 0000ffff 00008200 DPL=0 LDT
TR =0000 0000000000000000 0000ffff 00008b00 DPL=0 TSS64-busy
GDT=     00000000001001d0 00000017
IDT=     0000000000142dc0 00000fff
CR0=80000011 CR2=0000000000000000 CR3=0000000001017000 CR4=00000020
DR0=0000000000000000 DR1=0000000000000000 DR2=0000000000000000 DR3=0000000000000000 
DR6=00000000ffff0ff0 DR7=0000000000000400
CCS=0000000000000000 CCD=000000000800ff18 CCO=EFLAGS
EFER=0000000000000500
Servicing hardware INT=0x20
   200: v=20 e=0000 i=0 cpl=0 IP=0008:0000000000100aa0 pc=0000000000100aa0 SP=0010:000000000800ffc8 env->regs[R_EAX]=0000000000000000
RAX=0000000000000000 RBX=00ffffff0000000a RCX=0000000000000008 RDX=0000000000000000
RSI=0000000000000001 RDI=0000000000000018 RBP=0000000000115136 RSP=000000000800ffc8
R8 =0000000000142d60 R9 =00000000fd0ef010 R10=00000000000ef000 R11=0000000000126de8
R12=00ffffff00000000 R13=0000000000115136 R14=0000000000136430 R15=0000000000000000
RIP=0000000000100aa0 RFL=00000206 [-----P-] CPL=0 II=0 A20=1 SMM=0 HLT=0
ES =0010 0000000000000000 ffffffff 00af9300 DPL=0 DS   [-WA]
CS =0008 0000000000000000 ffffffff 00af9a00 DPL=0 CS64 [-R-]
SS =0010 0000000000000000 ffffffff 00af9300 DPL=0 DS   [-WA]
DS =0010 0000000000000000 ffffffff 00af9300 DPL=0 DS   [-WA]
FS =0018 0000000000000000 ffffffff 00cf9300 DPL=0 DS   [-WA]
GS =0018 0000000000000000 ffffffff 00cf9300 DPL=0 DS   [-WA]
LDT=0000 0000000000000000 0000ffff 00008200 DPL=0 LDT
TR =0000 0000000000000000 0000ffff 00008b00 DPL=0 TSS64-busy
GDT=     00000000001001d0 00000017
IDT=     0000000000142dc0 00000fff
CR0=80000011 CR2=0000000000000000 CR3=0000000001017000 CR4=00000020
DR0=0000000000000000 DR1=0000000000000000 DR2=0000000000000000 DR3=0000000000000000 
DR6=00000000ffff0ff0 DR7=0000000000000400
CCS=0000000000000004 CCD=000000000c419136 CCO=EFLAGS
EFER=0000000000000500
Servicing hardware INT=0x20
   201: v=20 e=0000 i=0 cpl=0 IP=0008:0000000000100aa0 pc=0000000000100aa0 SP=0010:000000000800ffc8 env->regs[R_EAX]=0000000000000000
RAX=0000000000000000 RBX=00ffffff0000000a RCX=0000000000000008 RDX=0000000000000000
RSI=0000000000000001 RDI=0000000000000018 RBP=0000000000115136 RSP=000000000800ffc8
R8 =0000000000142d60 R9 =00000000fd0ef010 R10=00000000000ef000 R11=0000000000126de8
R12=00ffffff00000000 R13=0000000000115136 R14=0000000000136430 R15=0000000000000000
RIP=0000000000100aa0 RFL=00000202 [-------] CPL=0 II=0 A20=1 SMM=0 HLT=0
ES =0010 0000000000000000 ffffffff 00af9300 DPL=0 DS   [-WA]
CS =0008 0000000000000000 ffffffff 00af9a00 DPL=0 CS64 [-R-]
SS =0010 0000000000000000 ffffffff 00af9300 DPL=0 DS   [-WA]
DS =0010 0000000000000000 ffffffff 00af9300 DPL=0 DS   [-WA]
FS =0018 0000000000000000 ffffffff 00cf9300 DPL=0 DS   [-WA]
GS =0018 0000000000000000 ffffffff 00cf9300 DPL=0 DS   [-WA]
LDT=0000 0000000000000000 0000ffff 00008200 DPL=0 LDT
TR =0000 0000000000000000 0000ffff 00008b00 DPL=0 TSS64-busy
GDT=     00000000001001d0 00000017
IDT=     0000000000142dc0 00000fff
CR0=80000011 CR2=0000000000000000 CR3=0000000001017000 CR4=00000020
DR0=0000000000000000 DR1=0000000000000000 DR2=0000000000000000 DR3=0000000000000000 
DR6=00000000ffff0ff0 DR7=0000000000000400
CCS=0000000000000000 CCD=000000000c6907b5 CCO=EFLAGS
EFER=0000000000000500
Servicing hardware INT=0x20
   202: v=20 e=0000 i=0 cpl=0 IP=0008:0000000000100aa0 pc=0000000000100aa0 SP=0010:000000000800ffc8 env->regs[R_EAX]=0000000000000000
RAX=0000000000000000 RBX=00ffffff0000000a RCX=0000000000000008 RDX=0000000000000000
RSI=0000000000000001 RDI=0000000000000018 RBP=0000000000115136 RSP=000000000800ffc8
R8 =0000000000142d60 R9 =00000000fd0ef010 R10=00000000000ef000 R11=0000000000126de8
R12=00ffffff00000000 R13=0000000000115136 R14=0000000000136430 R15=0000000000000000
RIP=0000000000100aa0 RFL=00000206 [-----P-] CPL=0 II=0 A20=1 SMM=0 HLT=0
ES =0010 0000000000000000 ffffffff 00af9300 DPL=0 DS   [-WA]
CS =0008 0000000000000000 ffffffff 00af9a00 DPL=0 CS64 [-R-]
SS =0010 0000000000000000 ffffffff 00af9300 DPL=0 DS   [-WA]
DS =0010 0000000000000000 ffffffff 00af9300 DPL=0 DS   [-WA]
FS =0018 0000000000000000 ffffffff 00cf9300 DPL=0 DS   [-WA]
GS =0018 0000000000000000 ffffffff 00cf9300 DPL=0 DS   [-WA]
LDT=0000 0000000000000000 0000ffff 00008200 DPL=0 LDT
TR =0000 0000000000000000 0000ffff 00008b00 DPL=0 TSS64-busy
GDT=     00000000001001d0 00000017
IDT=     0000000000142dc0 00000fff
CR0=80000011 CR2=0000000000000000 CR3=0000000001017000 CR4=00000020
DR0=0000000000000000 DR1=0000000000000000 DR2=0000000000000000 DR3=0000000000000000 
DR6=00000000ffff0ff0 DR7=0000000000000400
CCS=0000000000000004 CCD=000000000c9807d4 CCO=EFLAGS
EFER=0000000000000500
Servicing hardware INT=0x20
   203: v=20 e=0000 i=0 cpl=0 IP=0008:0000000000100aa0 pc=0000000000100aa0 SP=0010:000000000800ffc8 env->regs[R_EAX]=0000000000000000
RAX=0000000000000000 RBX=00ffffff0000000a RCX=0000000000000008 RDX=0000000000000000
RSI=0000000000000001 RDI=0000000000000018 RBP=0000000000115136 RSP=000000000800ffc8
R8 =0000000000142d60 R9 =00000000fd0ef010 R10=00000000000ef000 R11=0000000000126de8
R12=00ffffff00000000 R13=0000000000115136 R14=0000000000136430 R15=0000000000000000
RIP=0000000000100aa0 RFL=00010206 [-----P-] CPL=0 II=0 A20=1 SMM=0 HLT=0
ES =0010 0000000000000000 ffffffff 00af9300 DPL=0 DS   [-WA]
CS =0008 0000000000000000 ffffffff 00af9a00 DPL=0 CS64 [-R-]
SS =0010 0000000000000000 ffffffff 00af9300 DPL=0 DS   [-WA]
DS =0010 0000000000000000 ffffffff 00af9300 DPL=0 DS   [-WA]
FS =0018 0000000000000000 ffffffff 00cf9300 DPL=0 DS   [-WA]
GS =0018 0000000000000000 ffffffff 00cf9300 DPL=0 DS   [-WA]
LDT=0000 0000000000000000 0000ffff 00008200 DPL=0 LDT
TR =0000 0000000000000000 0000ffff 00008b00 DPL=0 TSS64-busy
GDT=     00000000001001d0 00000017
IDT=     0000000000142dc0 00000fff
CR0=80000011 CR2=0000000000000000 CR3=0000000001017000 CR4=00000020
DR0=0000000000000000 DR1=0000000000000000 DR2=0000000000000000 DR3=0000000000000000 
DR6=00000000ffff0ff0 DR7=0000000000000400
CCS=0000000000000004 CCD=000000000800ff18 CCO=EFLAGS
EFER=0000000000000500
Servicing hardware INT=0x20
   204: v=20 e=0000 i=0 cpl=0 IP=0008:0000000000100aa0 pc=0000000000100aa0 SP=0010:000000000800ffc8 env->regs[R_EAX]=0000000000000000
RAX=0000000000000000 RBX=00ffffff0000000a RCX=0000000000000008 RDX=0000000000000000
RSI=0000000000000001 RDI=0000000000000018 RBP=0000000000115136 RSP=000000000800ffc8
R8 =0000000000142d60 R9 =00000000fd0ef010 R10=00000000000ef000 R11=0000000000126de8
R12=00ffffff00000000 R13=0000000000115136 R14=0000000000136430 R15=0000000000000000
RIP=0000000000100aa0 RFL=00000206 [-----P-] CPL=0 II=0 A20=1 SMM=0 HLT=0
ES =0010 0000000000000000 ffffffff 00af9300 DPL=0 DS   [-WA]
CS =0008 0000000000000000 ffffffff 00af9a00 DPL=0 CS64 [-R-]
SS =0010 0000000000000000 ffffffff 00af9300 DPL=0 DS   [-WA]
DS =0010 0000000000000000 ffffffff 00af9300 DPL=0 DS   [-WA]
FS =0018 0000000000000000 ffffffff 00cf9300 DPL=0 DS   [-WA]
GS =0018 0000000000000000 ffffffff 00cf9300 DPL=0 DS   [-WA]
LDT=0000 0000000000000000 0000ffff 00008200 DPL=0 LDT
TR =0000 0000000000000000 0000ffff 00008b00 DPL=0 TSS64-busy
GDT=     00000000001001d0 00000017
IDT=     0000000000142dc0 00000fff
CR0=80000011 CR2=0000000000000000 CR3=0000000001017000 CR4=00000020
DR0=0000000000000000 DR1=0000000000000000 DR2=0000000000000000 DR3=0000000000000000 
DR6=00000000ffff0ff0 DR7=0000000000000400
CCS=0000000000000004 CCD=000000000cac3684 CCO=EFLAGS
EFER=0000000000000500
Servicing hardware INT=0x20
   205: v=20 e=0000 i=0 cpl=0 IP=0008:0000000000100aa0 pc=0000000000100aa0 SP=0010:000000000800ffc8 env->regs[R_EAX]=0000000000000000
RAX=0000000000000000 RBX=00ffffff0000000a RCX=0000000000000008 RDX=0000000000000000
RSI=0000000000000001 RDI=0000000000000018 RBP=0000000000115136 RSP=000000000800ffc8
R8 =0000000000142d60 R9 =00000000fd0ef010 R10=00000000000ef000 R11=0000000000126de8
R12=00ffffff00000000 R13=0000000000115136 R14=0000000000136430 R15=0000000000000000
RIP=0000000000100aa0 RFL=00000206 [-----P-] CPL=0 II=0 A20=1 SMM=0 HLT=0
ES =0010 0000000000000000 ffffffff 00af9300 DPL=0 DS   [-WA]
CS =0008 0000000000000000 ffffffff 00af9a00 DPL=0 CS64 [-R-]
SS =0010 0000000000000000 ffffffff 00af9300 DPL=0 DS   [-WA]
DS =0010 0000000000000000 ffffffff 00af9300 DPL=0 DS   [-WA]
FS =0018 0000000000000000 ffffffff 00cf9300 DPL=0 DS   [-WA]
GS =0018 0000000000000000 ffffffff 00cf9300 DPL=0 DS   [-WA]
LDT=0000 0000000000000000 0000ffff 00008200 DPL=0 LDT
TR =0000 0000000000000000 0000ffff 00008b00 DPL=0 TSS64-busy
GDT=     00000000001001d0 00000017
IDT=     0000000000142dc0 00000fff
CR0=80000011 CR2=0000000000000000 CR3=0000000001017000 CR4=00000020
DR0=0000000000000000 DR1=0000000000000000 DR2=0000000000000000 DR3=0000000000000000 
DR6=00000000ffff0ff0 DR7=0000000000000400
CCS=0000000000000004 CCD=000000000cd74f05 CCO=EFLAGS
EFER=0000000000000500
Servicing hardware INT=0x20
   206: v=20 e=0000 i=0 cpl=0 IP=0008:0000000000100aa0 pc=0000000000100aa0 SP=0010:000000000800ffc8 env->regs[R_EAX]=0000000000000000
RAX=0000000000000000 RBX=00ffffff0000000a RCX=0000000000000008 RDX=0000000000000000
RSI=0000000000000001 RDI=0000000000000018 RBP=0000000000115136 RSP=000000000800ffc8
R8 =0000000000142d60 R9 =00000000fd0ef010 R10=00000000000ef000 R11=0000000000126de8
R12=00ffffff00000000 R13=0000000000115136 R14=0000000000136430 R15=0000000000000000
RIP=0000000000100aa0 RFL=00000202 [-------] CPL=0 II=0 A20=1 SMM=0 HLT=0
ES =0010 0000000000000000 ffffffff 00af9300 DPL=0 DS   [-WA]
CS =0008 0000000000000000 ffffffff 00af9a00 DPL=0 CS64 [-R-]
SS =0010 0000000000000000 ffffffff 00af9300 DPL=0 DS   [-WA]
DS =0010 0000000000000000 ffffffff 00af9300 DPL=0 DS   [-WA]
FS =0018 0000000000000000 ffffffff 00cf9300 DPL=0 DS   [-WA]
GS =0018 0000000000000000 ffffffff 00cf9300 DPL=0 DS   [-WA]
LDT=0000 0000000000000000 0000ffff 00008200 DPL=0 LDT
TR =0000 0000000000000000 0000ffff 00008b00 DPL=0 TSS64-busy
GDT=     00000000001001d0 00000017
IDT=     0000000000142dc0 00000fff
CR0=80000011 CR2=0000000000000000 CR3=0000000001017000 CR4=00000020
DR0=0000000000000000 DR1=0000000000000000 DR2=0000000000000000 DR3=0000000000000000 
DR6=00000000ffff0ff0 DR7=0000000000000400
CCS=0000000000000000 CCD=000000000cfdc2e9 CCO=EFLAGS
EFER=0000000000000500
Servicing hardware INT=0x20
   207: v=20 e=0000 i=0 cpl=0 IP=0008:0000000000100aa0 pc=0000000000100aa0 SP=0010:000000000800ffc8 env->regs[R_EAX]=0000000000000000
RAX=0000000000000000 RBX=00ffffff0000000a RCX=0000000000000008 RDX=0000000000000000
RSI=0000000000000001 RDI=0000000000000018 RBP=0000000000115136 RSP=000000000800ffc8
R8 =0000000000142d60 R9 =00000000fd0ef010 R10=00000000000ef000 R11=0000000000126de8
R12=00ffffff00000000 R13=0000000000115136 R14=0000000000136430 R15=0000000000000000
RIP=0000000000100aa0 RFL=00000206 [-----P-] CPL=0 II=0 A20=1 SMM=0 HLT=0
ES =0010 0000000000000000 ffffffff 00af9300 DPL=0 DS   [-WA]
CS =0008 0000000000000000 ffffffff 00af9a00 DPL=0 CS64 [-R-]
SS =0010 0000000000000000 ffffffff 00af9300 DPL=0 DS   [-WA]
DS =0010 0000000000000000 ffffffff 00af9300 DPL=0 DS   [-WA]
FS =0018 0000000000000000 ffffffff 00cf9300 DPL=0 DS   [-WA]
GS =0018 0000000000000000 ffffffff 00cf9300 DPL=0 DS   [-WA]
LDT=0000 0000000000000000 0000ffff 00008200 DPL=0 LDT
TR =0000 0000000000000000 0000ffff 00008b00 DPL=0 TSS64-busy
GDT=     00000000001001d0 00000017
IDT=     0000000000142dc0 00000fff
CR0=80000011 CR2=0000000000000000 CR3=0000000001017000 CR4=00000020
DR0=0000000000000000 DR1=0000000000000000 DR2=0000000000000000 DR3=0000000000000000 
DR6=00000000ffff0ff0 DR7=0000000000000400
CCS=0000000000000004 CCD=000000000d23f906 CCO=EFLAGS
EFER=0000000000000500
Servicing hardware INT=0x20
   208: v=20 e=0000 i=0 cpl=0 IP=0008:0000000000100aa0 pc=0000000000100aa0 SP=0010:000000000800ffc8 env->regs[R_EAX]=0000000000000000
RAX=0000000000000000 RBX=00ffffff0000000a RCX=0000000000000008 RDX=0000000000000000
RSI=0000000000000001 RDI=0000000000000018 RBP=0000000000115136 RSP=000000000800ffc8
R8 =0000000000142d60 R9 =00000000fd0ef010 R10=00000000000ef000 R11=0000000000126de8
R12=00ffffff00000000 R13=0000000000115136 R14=0000000000136430 R15=0000000000000000
RIP=0000000000100aa0 RFL=00000206 [-----P-] CPL=0 II=0 A20=1 SMM=0 HLT=0
ES =0010 0000000000000000 ffffffff 00af9300 DPL=0 DS   [-WA]
CS =0008 0000000000000000 ffffffff 00af9a00 DPL=0 CS64 [-R-]
SS =0010 0000000000000000 ffffffff 00af9300 DPL=0 DS   [-WA]
DS =0010 0000000000000000 ffffffff 00af9300 DPL=0 DS   [-WA]
FS =0018 0000000000000000 ffffffff 00cf9300 DPL=0 DS   [-WA]
GS =0018 0000000000000000 ffffffff 00cf9300 DPL=0 DS   [-WA]
LDT=0000 0000000000000000 0000ffff 00008200 DPL=0 LDT
TR =0000 0000000000000000 0000ffff 00008b00 DPL=0 TSS64-busy
GDT=     00000000001001d0 00000017
IDT=     0000000000142dc0 00000fff
CR0=80000011 CR2=0000000000000000 CR3=0000000001017000 CR4=00000020
DR0=0000000000000000 DR1=0000000000000000 DR2=0000000000000000 DR3=0000000000000000 
DR6=00000000ffff0ff0 DR7=0000000000000400
CCS=0000000000000004 CCD=000000000d4a0784 CCO=EFLAGS
EFER=0000000000000500
Servicing hardware INT=0x20
   209: v=20 e=0000 i=0 cpl=0 IP=0008:0000000000100a30 pc=0000000000100a30 SP=0010:000000000800ffc8 env->regs[R_EAX]=0000000000000000
RAX=0000000000000000 RBX=00ffffff0000000a RCX=0000000000000008 RDX=0000000000000000
RSI=0000000000000001 RDI=0000000000000018 RBP=000000000011512a RSP=000000000800ffc8
R8 =0000000000142d60 R9 =00000000fd0cf010 R10=00000000000cf000 R11=0000000000126de8
R12=00ffffff00000000 R13=000000000011512a R14=0000000000136430 R15=0000000000000000
RIP=0000000000100a30 RFL=00010206 [-----P-] CPL=0 II=0 A20=1 SMM=0 HLT=0
ES =0010 0000000000000000 ffffffff 00af9300 DPL=0 DS   [-WA]
CS =0008 0000000000000000 ffffffff 00af9a00 DPL=0 CS64 [-R-]
SS =0010 0000000000000000 ffffffff 00af9300 DPL=0 DS   [-WA]
DS =0010 0000000000000000 ffffffff 00af9300 DPL=0 DS   [-WA]
FS =0018 0000000000000000 ffffffff 00cf9300 DPL=0 DS   [-WA]
GS =0018 0000000000000000 ffffffff 00cf9300 DPL=0 DS   [-WA]
LDT=0000 0000000000000000 0000ffff 00008200 DPL=0 LDT
TR =0000 0000000000000000 0000ffff 00008b00 DPL=0 TSS64-busy
GDT=     00000000001001d0 00000017
IDT=     0000000000142dc0 00000fff
CR0=80000011 CR2=0000000000000000 CR3=0000000001000000 CR4=00000020
DR0=0000000000000000 DR1=0000000000000000 DR2=0000000000000000 DR3=0000000000000000 
DR6=00000000ffff0ff0 DR7=0000000000000400
CCS=0000000000000004 CCD=000000000800ff18 CCO=EFLAGS
EFER=0000000000000500
Servicing hardware INT=0x20
   210: v=20 e=0000 i=0 cpl=0 IP=0008:0000000000100a30 pc=0000000000100a30 SP=0010:000000000800ffc8 env->regs[R_EAX]=0000000000000000
RAX=0000000000000000 RBX=00ffffff0000000a RCX=0000000000000008 RDX=0000000000000000
RSI=0000000000000001 RDI=0000000000000018 RBP=000000000011512a RSP=000000000800ffc8
R8 =0000000000142d60 R9 =00000000fd0cf010 R10=00000000000cf000 R11=0000000000126de8
R12=00ffffff00000000 R13=000000000011512a R14=0000000000136430 R15=0000000000000000
RIP=0000000000100a30 RFL=00000206 [-----P-] CPL=0 II=0 A20=1 SMM=0 HLT=0
ES =0010 0000000000000000 ffffffff 00af9300 DPL=0 DS   [-WA]
CS =0008 0000000000000000 ffffffff 00af9a00 DPL=0 CS64 [-R-]
SS =0010 0000000000000000 ffffffff 00af9300 DPL=0 DS   [-WA]
DS =0010 0000000000000000 ffffffff 00af9300 DPL=0 DS   [-WA]
FS =0018 0000000000000000 ffffffff 00cf9300 DPL=0 DS   [-WA]
GS =0018 0000000000000000 ffffffff 00cf9300 DPL=0 DS   [-WA]
LDT=0000 0000000000000000 0000ffff 00008200 DPL=0 LDT
TR =0000 0000000000000000 0000ffff 00008b00 DPL=0 TSS64-busy
GDT=     00000000001001d0 00000017
IDT=     0000000000142dc0 00000fff
CR0=80000011 CR2=0000000000000000 CR3=0000000001000000 CR4=00000020
DR0=0000000000000000 DR1=0000000000000000 DR2=0000000000000000 DR3=0000000000000000 
DR6=00000000ffff0ff0 DR7=0000000000000400
CCS=0000000000000004 CCD=000000000e11de84 CCO=EFLAGS
EFER=0000000000000500
Servicing hardware INT=0x20
   211: v=20 e=0000 i=0 cpl=0 IP=0008:0000000000100a30 pc=0000000000100a30 SP=0010:000000000800ffc8 env->regs[R_EAX]=0000000000000000
RAX=0000000000000000 RBX=00ffffff0000000a RCX=0000000000000008 RDX=0000000000000000
RSI=0000000000000001 RDI=0000000000000018 RBP=000000000011512a RSP=000000000800ffc8
R8 =0000000000142d60 R9 =00000000fd0cf010 R10=00000000000cf000 R11=0000000000126de8
R12=00ffffff00000000 R13=000000000011512a R14=0000000000136430 R15=0000000000000000
RIP=0000000000100a30 RFL=00000202 [-------] CPL=0 II=0 A20=1 SMM=0 HLT=0
ES =0010 0000000000000000 ffffffff 00af9300 DPL=0 DS   [-WA]
CS =0008 0000000000000000 ffffffff 00af9a00 DPL=0 CS64 [-R-]
SS =0010 0000000000000000 ffffffff 00af9300 DPL=0 DS   [-WA]
DS =0010 0000000000000000 ffffffff 00af9300 DPL=0 DS   [-WA]
FS =0018 0000000000000000 ffffffff 00cf9300 DPL=0 DS   [-WA]
GS =0018 0000000000000000 ffffffff 00cf9300 DPL=0 DS   [-WA]
LDT=0000 0000000000000000 0000ffff 00008200 DPL=0 LDT
TR =0000 0000000000000000 0000ffff 00008b00 DPL=0 TSS64-busy
GDT=     00000000001001d0 00000017
IDT=     0000000000142dc0 00000fff
CR0=80000011 CR2=0000000000000000 CR3=0000000001000000 CR4=00000020
DR0=0000000000000000 DR1=0000000000000000 DR2=0000000000000000 DR3=0000000000000000 
DR6=00000000ffff0ff0 DR7=0000000000000400
CCS=0000000000000000 CCD=000000000e3b6d89 CCO=EFLAGS
EFER=0000000000000500
Servicing hardware INT=0x20
   212: v=20 e=0000 i=0 cpl=0 IP=0008:0000000000100a30 pc=0000000000100a30 SP=0010:000000000800ffc8 env->regs[R_EAX]=0000000000000000
RAX=0000000000000000 RBX=00ffffff0000000a RCX=0000000000000008 RDX=0000000000000000
RSI=0000000000000001 RDI=0000000000000018 RBP=000000000011512a RSP=000000000800ffc8
R8 =0000000000142d60 R9 =00000000fd0cf010 R10=00000000000cf000 R11=0000000000126de8
R12=00ffffff00000000 R13=000000000011512a R14=0000000000136430 R15=0000000000000000
RIP=0000000000100a30 RFL=00000206 [-----P-] CPL=0 II=0 A20=1 SMM=0 HLT=0
ES =0010 0000000000000000 ffffffff 00af9300 DPL=0 DS   [-WA]
CS =0008 0000000000000000 ffffffff 00af9a00 DPL=0 CS64 [-R-]
SS =0010 0000000000000000 ffffffff 00af9300 DPL=0 DS   [-WA]
DS =0010 0000000000000000 ffffffff 00af9300 DPL=0 DS   [-WA]
FS =0018 0000000000000000 ffffffff 00cf9300 DPL=0 DS   [-WA]
GS =0018 0000000000000000 ffffffff 00cf9300 DPL=0 DS   [-WA]
LDT=0000 0000000000000000 0000ffff 00008200 DPL=0 LDT
TR =0000 0000000000000000 0000ffff 00008b00 DPL=0 TSS64-busy
GDT=     00000000001001d0 00000017
IDT=     0000000000142dc0 00000fff
CR0=80000011 CR2=0000000000000000 CR3=0000000001000000 CR4=00000020
DR0=0000000000000000 DR1=0000000000000000 DR2=0000000000000000 DR3=0000000000000000 
DR6=00000000ffff0ff0 DR7=0000000000000400
CCS=0000000000000004 CCD=000000000e6cafd8 CCO=EFLAGS
EFER=0000000000000500
Servicing hardware INT=0x20
   213: v=20 e=0000 i=0 cpl=0 IP=0008:0000000000100a30 pc=0000000000100a30 SP=0010:000000000800ffc8 env->regs[R_EAX]=0000000000000000
RAX=0000000000000000 RBX=00ffffff0000000a RCX=0000000000000008 RDX=0000000000000000
RSI=0000000000000001 RDI=0000000000000018 RBP=000000000011512a RSP=000000000800ffc8
R8 =0000000000142d60 R9 =00000000fd0cf010 R10=00000000000cf000 R11=0000000000126de8
R12=00ffffff00000000 R13=000000000011512a R14=0000000000136430 R15=0000000000000000
RIP=0000000000100a30 RFL=00010206 [-----P-] CPL=0 II=0 A20=1 SMM=0 HLT=0
ES =0010 0000000000000000 ffffffff 00af9300 DPL=0 DS   [-WA]
CS =0008 0000000000000000 ffffffff 00af9a00 DPL=0 CS64 [-R-]
SS =0010 0000000000000000 ffffffff 00af9300 DPL=0 DS   [-WA]
DS =0010 0000000000000000 ffffffff 00af9300 DPL=0 DS   [-WA]
FS =0018 0000000000000000 ffffffff 00cf9300 DPL=0 DS   [-WA]
GS =0018 0000000000000000 ffffffff 00cf9300 DPL=0 DS   [-WA]
LDT=0000 0000000000000000 0000ffff 00008200 DPL=0 LDT
TR =0000 0000000000000000 0000ffff 00008b00 DPL=0 TSS64-busy
GDT=     00000000001001d0 00000017
IDT=     0000000000142dc0 00000fff
CR0=80000011 CR2=0000000000000000 CR3=0000000001000000 CR4=00000020
DR0=0000000000000000 DR1=0000000000000000 DR2=0000000000000000 DR3=0000000000000000 
DR6=00000000ffff0ff0 DR7=0000000000000400
CCS=0000000000000004 CCD=000000000800ff18 CCO=EFLAGS
EFER=0000000000000500
Servicing hardware INT=0x20
   214: v=20 e=0000 i=0 cpl=0 IP=0008:0000000000100a30 pc=0000000000100a30 SP=0010:000000000800ffc8 env->regs[R_EAX]=0000000000000000
RAX=0000000000000000 RBX=00ffffff0000000a RCX=0000000000000008 RDX=0000000000000000
RSI=0000000000000001 RDI=0000000000000018 RBP=000000000011512a RSP=000000000800ffc8
R8 =0000000000142d60 R9 =00000000fd0cf010 R10=00000000000cf000 R11=0000000000126de8
R12=00ffffff00000000 R13=000000000011512a R14=0000000000136430 R15=0000000000000000
RIP=0000000000100a30 RFL=00000206 [-----P-] CPL=0 II=0 A20=1 SMM=0 HLT=0
ES =0010 0000000000000000 ffffffff 00af9300 DPL=0 DS   [-WA]
CS =0008 0000000000000000 ffffffff 00af9a00 DPL=0 CS64 [-R-]
SS =0010 0000000000000000 ffffffff 00af9300 DPL=0 DS   [-WA]
DS =0010 0000000000000000 ffffffff 00af9300 DPL=0 DS   [-WA]
FS =0018 0000000000000000 ffffffff 00cf9300 DPL=0 DS   [-WA]
GS =0018 0000000000000000 ffffffff 00cf9300 DPL=0 DS   [-WA]
LDT=0000 0000000000000000 0000ffff 00008200 DPL=0 LDT
TR =0000 0000000000000000 0000ffff 00008b00 DPL=0 TSS64-busy
GDT=     00000000001001d0 00000017
IDT=     0000000000142dc0 00000fff
CR0=80000011 CR2=0000000000000000 CR3=0000000001000000 CR4=00000020
DR0=0000000000000000 DR1=0000000000000000 DR2=0000000000000000 DR3=0000000000000000 
DR6=00000000ffff0ff0 DR7=0000000000000400
CCS=0000000000000004 CCD=000000000e7f3b7d CCO=EFLAGS
EFER=0000000000000500
Servicing hardware INT=0x20
   215: v=20 e=0000 i=0 cpl=0 IP=0008:0000000000100a30 pc=0000000000100a30 SP=0010:000000000800ffc8 env->regs[R_EAX]=0000000000000000
RAX=0000000000000000 RBX=00ffffff0000000a RCX=0000000000000008 RDX=0000000000000000
RSI=0000000000000001 RDI=0000000000000018 RBP=000000000011512a RSP=000000000800ffc8
R8 =0000000000142d60 R9 =00000000fd0cf010 R10=00000000000cf000 R11=0000000000126de8
R12=00ffffff00000000 R13=000000000011512a R14=0000000000136430 R15=0000000000000000
RIP=0000000000100a30 RFL=00000206 [-----P-] CPL=0 II=0 A20=1 SMM=0 HLT=0
ES =0010 0000000000000000 ffffffff 00af9300 DPL=0 DS   [-WA]
CS =0008 0000000000000000 ffffffff 00af9a00 DPL=0 CS64 [-R-]
SS =0010 0000000000000000 ffffffff 00af9300 DPL=0 DS   [-WA]
DS =0010 0000000000000000 ffffffff 00af9300 DPL=0 DS   [-WA]
FS =0018 0000000000000000 ffffffff 00cf9300 DPL=0 DS   [-WA]
GS =0018 0000000000000000 ffffffff 00cf9300 DPL=0 DS   [-WA]
LDT=0000 0000000000000000 0000ffff 00008200 DPL=0 LDT
TR =0000 0000000000000000 0000ffff 00008b00 DPL=0 TSS64-busy
GDT=     00000000001001d0 00000017
IDT=     0000000000142dc0 00000fff
CR0=80000011 CR2=0000000000000000 CR3=0000000001000000 CR4=00000020
DR0=0000000000000000 DR1=0000000000000000 DR2=0000000000000000 DR3=0000000000000000 
DR6=00000000ffff0ff0 DR7=0000000000000400
CCS=0000000000000004 CCD=000000000e9f8014 CCO=EFLAGS
EFER=0000000000000500
Servicing hardware INT=0x20
   216: v=20 e=0000 i=0 cpl=0 IP=0008:0000000000100a30 pc=0000000000100a30 SP=0010:000000000800ffc8 env->regs[R_EAX]=0000000000000000
RAX=0000000000000000 RBX=00ffffff0000000a RCX=0000000000000008 RDX=0000000000000000
RSI=0000000000000001 RDI=0000000000000018 RBP=000000000011512a RSP=000000000800ffc8
R8 =0000000000142d60 R9 =00000000fd0cf010 R10=00000000000cf000 R11=0000000000126de8
R12=00ffffff00000000 R13=000000000011512a R14=0000000000136430 R15=0000000000000000
RIP=0000000000100a30 RFL=00000202 [-------] CPL=0 II=0 A20=1 SMM=0 HLT=0
ES =0010 0000000000000000 ffffffff 00af9300 DPL=0 DS   [-WA]
CS =0008 0000000000000000 ffffffff 00af9a00 DPL=0 CS64 [-R-]
SS =0010 0000000000000000 ffffffff 00af9300 DPL=0 DS   [-WA]
DS =0010 0000000000000000 ffffffff 00af9300 DPL=0 DS   [-WA]
FS =0018 0000000000000000 ffffffff 00cf9300 DPL=0 DS   [-WA]
GS =0018 0000000000000000 ffffffff 00cf9300 DPL=0 DS   [-WA]
LDT=0000 0000000000000000 0000ffff 00008200 DPL=0 LDT
TR =0000 0000000000000000 0000ffff 00008b00 DPL=0 TSS64-busy
GDT=     00000000001001d0 00000017
IDT=     0000000000142dc0 00000fff
CR0=80000011 CR2=0000000000000000 CR3=0000000001000000 CR4=00000020
DR0=0000000000000000 DR1=0000000000000000 DR2=0000000000000000 DR3=0000000000000000 
DR6=00000000ffff0ff0 DR7=0000000000000400
CCS=0000000000000000 CCD=000000000ec41c54 CCO=EFLAGS
EFER=0000000000000500
Servicing hardware INT=0x20
   217: v=20 e=0000 i=0 cpl=0 IP=0008:0000000000100a30 pc=0000000000100a30 SP=0010:000000000800ffc8 env->regs[R_EAX]=0000000000000000
RAX=0000000000000000 RBX=00ffffff0000000a RCX=0000000000000008 RDX=0000000000000000
RSI=0000000000000001 RDI=0000000000000018 RBP=000000000011512a RSP=000000000800ffc8
R8 =0000000000142d60 R9 =00000000fd0cf010 R10=00000000000cf000 R11=0000000000126de8
R12=00ffffff00000000 R13=000000000011512a R14=0000000000136430 R15=0000000000000000
RIP=0000000000100a30 RFL=00000206 [-----P-] CPL=0 II=0 A20=1 SMM=0 HLT=0
ES =0010 0000000000000000 ffffffff 00af9300 DPL=0 DS   [-WA]
CS =0008 0000000000000000 ffffffff 00af9a00 DPL=0 CS64 [-R-]
SS =0010 0000000000000000 ffffffff 00af9300 DPL=0 DS   [-WA]
DS =0010 0000000000000000 ffffffff 00af9300 DPL=0 DS   [-WA]
FS =0018 0000000000000000 ffffffff 00cf9300 DPL=0 DS   [-WA]
GS =0018 0000000000000000 ffffffff 00cf9300 DPL=0 DS   [-WA]
LDT=0000 0000000000000000 0000ffff 00008200 DPL=0 LDT
TR =0000 0000000000000000 0000ffff 00008b00 DPL=0 TSS64-busy
GDT=     00000000001001d0 00000017
IDT=     0000000000142dc0 00000fff
CR0=80000011 CR2=0000000000000000 CR3=0000000001000000 CR4=00000020
DR0=0000000000000000 DR1=0000000000000000 DR2=0000000000000000 DR3=0000000000000000 
DR6=00000000ffff0ff0 DR7=0000000000000400
CCS=0000000000000004 CCD=000000000ef7c38b CCO=EFLAGS
EFER=0000000000000500
Servicing hardware INT=0x20
   218: v=20 e=0000 i=0 cpl=0 IP=0008:0000000000100a30 pc=0000000000100a30 SP=0010:000000000800ffc8 env->regs[R_EAX]=0000000000000000
RAX=0000000000000000 RBX=00ffffff0000000a RCX=0000000000000008 RDX=0000000000000000
RSI=0000000000000001 RDI=0000000000000018 RBP=000000000011512a RSP=000000000800ffc8
R8 =0000000000142d60 R9 =00000000fd0cf010 R10=00000000000cf000 R11=0000000000126de8
R12=00ffffff00000000 R13=000000000011512a R14=0000000000136430 R15=0000000000000000
RIP=0000000000100a30 RFL=00000212 [----A--] CPL=0 II=0 A20=1 SMM=0 HLT=0
ES =0010 0000000000000000 ffffffff 00af9300 DPL=0 DS   [-WA]
CS =0008 0000000000000000 ffffffff 00af9a00 DPL=0 CS64 [-R-]
SS =0010 0000000000000000 ffffffff 00af9300 DPL=0 DS   [-WA]
DS =0010 0000000000000000 ffffffff 00af9300 DPL=0 DS   [-WA]
FS =0018 0000000000000000 ffffffff 00cf9300 DPL=0 DS   [-WA]
GS =0018 0000000000000000 ffffffff 00cf9300 DPL=0 DS   [-WA]
LDT=0000 0000000000000000 0000ffff 00008200 DPL=0 LDT
TR =0000 0000000000000000 0000ffff 00008b00 DPL=0 TSS64-busy
GDT=     00000000001001d0 00000017
IDT=     0000000000142dc0 00000fff
CR0=80000011 CR2=0000000000000000 CR3=0000000001000000 CR4=00000020
DR0=0000000000000000 DR1=0000000000000000 DR2=0000000000000000 DR3=0000000000000000 
DR6=00000000ffff0ff0 DR7=0000000000000400
CCS=0000000000000010 CCD=000000000f2c8de0 CCO=EFLAGS
EFER=0000000000000500
Servicing hardware INT=0x20
   219: v=20 e=0000 i=0 cpl=0 IP=0008:0000000000100aa0 pc=0000000000100aa0 SP=0010:000000000800ffc8 env->regs[R_EAX]=0000000000000000
RAX=0000000000000000 RBX=00ffffff0000000a RCX=0000000000000008 RDX=0000000000000000
RSI=0000000000000001 RDI=0000000000000018 RBP=0000000000115136 RSP=000000000800ffc8
R8 =0000000000142d60 R9 =00000000fd0ef010 R10=00000000000ef000 R11=0000000000126de8
R12=00ffffff00000000 R13=0000000000115136 R14=0000000000136430 R15=0000000000000000
RIP=0000000000100aa0 RFL=00010206 [-----P-] CPL=0 II=0 A20=1 SMM=0 HLT=0
ES =0010 0000000000000000 ffffffff 00af9300 DPL=0 DS   [-WA]
CS =0008 0000000000000000 ffffffff 00af9a00 DPL=0 CS64 [-R-]
SS =0010 0000000000000000 ffffffff 00af9300 DPL=0 DS   [-WA]
DS =0010 0000000000000000 ffffffff 00af9300 DPL=0 DS   [-WA]
FS =0018 0000000000000000 ffffffff 00cf9300 DPL=0 DS   [-WA]
GS =0018 0000000000000000 ffffffff 00cf9300 DPL=0 DS   [-WA]
LDT=0000 0000000000000000 0000ffff 00008200 DPL=0 LDT
TR =0000 0000000000000000 0000ffff 00008b00 DPL=0 TSS64-busy
GDT=     00000000001001d0 00000017
IDT=     0000000000142dc0 00000fff
CR0=80000011 CR2=0000000000000000 CR3=0000000001017000 CR4=00000020
DR0=0000000000000000 DR1=0000000000000000 DR2=0000000000000000 DR3=0000000000000000 
DR6=00000000ffff0ff0 DR7=0000000000000400
CCS=0000000000000004 CCD=000000000800ff18 CCO=EFLAGS
EFER=0000000000000500
Servicing hardware INT=0x20
   220: v=20 e=0000 i=0 cpl=0 IP=0008:0000000000100aa0 pc=0000000000100aa0 SP=0010:000000000800ffc8 env->regs[R_EAX]=0000000000000000
RAX=0000000000000000 RBX=00ffffff0000000a RCX=0000000000000008 RDX=0000000000000000
RSI=0000000000000001 RDI=0000000000000018 RBP=0000000000115136 RSP=000000000800ffc8
R8 =0000000000142d60 R9 =00000000fd0ef010 R10=00000000000ef000 R11=0000000000126de8
R12=00ffffff00000000 R13=0000000000115136 R14=0000000000136430 R15=0000000000000000
RIP=0000000000100aa0 RFL=00010206 [-----P-] CPL=0 II=0 A20=1 SMM=0 HLT=0
ES =0010 0000000000000000 ffffffff 00af9300 DPL=0 DS   [-WA]
CS =0008 0000000000000000 ffffffff 00af9a00 DPL=0 CS64 [-R-]
SS =0010 0000000000000000 ffffffff 00af9300 DPL=0 DS   [-WA]
DS =0010 0000000000000000 ffffffff 00af9300 DPL=0 DS   [-WA]
FS =0018 0000000000000000 ffffffff 00cf9300 DPL=0 DS   [-WA]
GS =0018 0000000000000000 ffffffff 00cf9300 DPL=0 DS   [-WA]
LDT=0000 0000000000000000 0000ffff 00008200 DPL=0 LDT
TR =0000 0000000000000000 0000ffff 00008b00 DPL=0 TSS64-busy
GDT=     00000000001001d0 00000017
IDT=     0000000000142dc0 00000fff
CR0=80000011 CR2=0000000000000000 CR3=0000000001017000 CR4=00000020
DR0=0000000000000000 DR1=0000000000000000 DR2=0000000000000000 DR3=0000000000000000 
DR6=00000000ffff0ff0 DR7=0000000000000400
CCS=0000000000000004 CCD=000000000800ff18 CCO=EFLAGS
EFER=0000000000000500
Servicing hardware INT=0x20
   221: v=20 e=0000 i=0 cpl=0 IP=0008:0000000000100aa0 pc=0000000000100aa0 SP=0010:000000000800ffc8 env->regs[R_EAX]=0000000000000000
RAX=0000000000000000 RBX=00ffffff0000000a RCX=0000000000000008 RDX=0000000000000000
RSI=0000000000000001 RDI=0000000000000018 RBP=0000000000115136 RSP=000000000800ffc8
R8 =0000000000142d60 R9 =00000000fd0ef010 R10=00000000000ef000 R11=0000000000126de8
R12=00ffffff00000000 R13=0000000000115136 R14=0000000000136430 R15=0000000000000000
RIP=0000000000100aa0 RFL=00000202 [-------] CPL=0 II=0 A20=1 SMM=0 HLT=0
ES =0010 0000000000000000 ffffffff 00af9300 DPL=0 DS   [-WA]
CS =0008 0000000000000000 ffffffff 00af9a00 DPL=0 CS64 [-R-]
SS =0010 0000000000000000 ffffffff 00af9300 DPL=0 DS   [-WA]
DS =0010 0000000000000000 ffffffff 00af9300 DPL=0 DS   [-WA]
FS =0018 0000000000000000 ffffffff 00cf9300 DPL=0 DS   [-WA]
GS =0018 0000000000000000 ffffffff 00cf9300 DPL=0 DS   [-WA]
LDT=0000 0000000000000000 0000ffff 00008200 DPL=0 LDT
TR =0000 0000000000000000 0000ffff 00008b00 DPL=0 TSS64-busy
GDT=     00000000001001d0 00000017
IDT=     0000000000142dc0 00000fff
CR0=80000011 CR2=0000000000000000 CR3=0000000001017000 CR4=00000020
DR0=0000000000000000 DR1=0000000000000000 DR2=0000000000000000 DR3=0000000000000000 
DR6=00000000ffff0ff0 DR7=0000000000000400
CCS=0000000000000000 CCD=000000000d7088b3 CCO=EFLAGS
EFER=0000000000000500
Servicing hardware INT=0x20
   222: v=20 e=0000 i=0 cpl=0 IP=0008:0000000000100aa0 pc=0000000000100aa0 SP=0010:000000000800ffc8 env->regs[R_EAX]=0000000000000000
RAX=0000000000000000 RBX=00ffffff0000000a RCX=0000000000000008 RDX=0000000000000000
RSI=0000000000000001 RDI=0000000000000018 RBP=0000000000115136 RSP=000000000800ffc8
R8 =0000000000142d60 R9 =00000000fd0ef010 R10=00000000000ef000 R11=0000000000126de8
R12=00ffffff00000000 R13=0000000000115136 R14=0000000000136430 R15=0000000000000000
RIP=0000000000100aa0 RFL=00000202 [-------] CPL=0 II=0 A20=1 SMM=0 HLT=0
ES =0010 0000000000000000 ffffffff 00af9300 DPL=0 DS   [-WA]
CS =0008 0000000000000000 ffffffff 00af9a00 DPL=0 CS64 [-R-]
SS =0010 0000000000000000 ffffffff 00af9300 DPL=0 DS   [-WA]
DS =0010 0000000000000000 ffffffff 00af9300 DPL=0 DS   [-WA]
FS =0018 0000000000000000 ffffffff 00cf9300 DPL=0 DS   [-WA]
GS =0018 0000000000000000 ffffffff 00cf9300 DPL=0 DS   [-WA]
LDT=0000 0000000000000000 0000ffff 00008200 DPL=0 LDT
TR =0000 0000000000000000 0000ffff 00008b00 DPL=0 TSS64-busy
GDT=     00000000001001d0 00000017
IDT=     0000000000142dc0 00000fff
CR0=80000011 CR2=0000000000000000 CR3=0000000001017000 CR4=00000020
DR0=0000000000000000 DR1=0000000000000000 DR2=0000000000000000 DR3=0000000000000000 
DR6=00000000ffff0ff0 DR7=0000000000000400
CCS=0000000000000000 CCD=000000000d9ba18c CCO=EFLAGS
EFER=0000000000000500
Servicing hardware INT=0x20
   223: v=20 e=0000 i=0 cpl=0 IP=0008:0000000000100aa0 pc=0000000000100aa0 SP=0010:000000000800ffc8 env->regs[R_EAX]=0000000000000000
RAX=0000000000000000 RBX=00ffffff0000000a RCX=0000000000000008 RDX=0000000000000000
RSI=0000000000000001 RDI=0000000000000018 RBP=0000000000115136 RSP=000000000800ffc8
R8 =0000000000142d60 R9 =00000000fd0ef010 R10=00000000000ef000 R11=0000000000126de8
R12=00ffffff00000000 R13=0000000000115136 R14=0000000000136430 R15=0000000000000000
RIP=0000000000100aa0 RFL=00000202 [-------] CPL=0 II=0 A20=1 SMM=0 HLT=0
ES =0010 0000000000000000 ffffffff 00af9300 DPL=0 DS   [-WA]
CS =0008 0000000000000000 ffffffff 00af9a00 DPL=0 CS64 [-R-]
SS =0010 0000000000000000 ffffffff 00af9300 DPL=0 DS   [-WA]
DS =0010 0000000000000000 ffffffff 00af9300 DPL=0 DS   [-WA]
FS =0018 0000000000000000 ffffffff 00cf9300 DPL=0 DS   [-WA]
GS =0018 0000000000000000 ffffffff 00cf9300 DPL=0 DS   [-WA]
LDT=0000 0000000000000000 0000ffff 00008200 DPL=0 LDT
TR =0000 0000000000000000 0000ffff 00008b00 DPL=0 TSS64-busy
GDT=     00000000001001d0 00000017
IDT=     0000000000142dc0 00000fff
CR0=80000011 CR2=0000000000000000 CR3=0000000001017000 CR4=00000020
DR0=0000000000000000 DR1=0000000000000000 DR2=0000000000000000 DR3=0000000000000000 
DR6=00000000ffff0ff0 DR7=0000000000000400
CCS=0000000000000000 CCD=000000000dd18098 CCO=EFLAGS
EFER=0000000000000500
Servicing hardware INT=0x20
   224: v=20 e=0000 i=0 cpl=0 IP=0008:0000000000100aa0 pc=0000000000100aa0 SP=0010:000000000800ffc8 env->regs[R_EAX]=0000000000000000
RAX=0000000000000000 RBX=00ffffff0000000a RCX=0000000000000008 RDX=0000000000000000
RSI=0000000000000001 RDI=0000000000000018 RBP=0000000000115136 RSP=000000000800ffc8
R8 =0000000000142d60 R9 =00000000fd0ef010 R10=00000000000ef000 R11=0000000000126de8
R12=00ffffff00000000 R13=0000000000115136 R14=0000000000136430 R15=0000000000000000
RIP=0000000000100aa0 RFL=00000206 [-----P-] CPL=0 II=0 A20=1 SMM=0 HLT=0
ES =0010 0000000000000000 ffffffff 00af9300 DPL=0 DS   [-WA]
CS =0008 0000000000000000 ffffffff 00af9a00 DPL=0 CS64 [-R-]
SS =0010 0000000000000000 ffffffff 00af9300 DPL=0 DS   [-WA]
DS =0010 0000000000000000 ffffffff 00af9300 DPL=0 DS   [-WA]
FS =0018 0000000000000000 ffffffff 00cf9300 DPL=0 DS   [-WA]
GS =0018 0000000000000000 ffffffff 00cf9300 DPL=0 DS   [-WA]
LDT=0000 0000000000000000 0000ffff 00008200 DPL=0 LDT
TR =0000 0000000000000000 0000ffff 00008b00 DPL=0 TSS64-busy
GDT=     00000000001001d0 00000017
IDT=     0000000000142dc0 00000fff
CR0=80000011 CR2=0000000000000000 CR3=0000000001017000 CR4=00000020
DR0=0000000000000000 DR1=0000000000000000 DR2=0000000000000000 DR3=0000000000000000 
DR6=00000000ffff0ff0 DR7=0000000000000400
CCS=0000000000000004 CCD=000000000df6fb44 CCO=EFLAGS
EFER=0000000000000500
Servicing hardware INT=0x20
   225: v=20 e=0000 i=0 cpl=0 IP=0008:0000000000100aa0 pc=0000000000100aa0 SP=0010:000000000800ffc8 env->regs[R_EAX]=0000000000000000
RAX=0000000000000000 RBX=00ffffff0000000a RCX=0000000000000008 RDX=0000000000000000
RSI=0000000000000001 RDI=0000000000000018 RBP=0000000000115136 RSP=000000000800ffc8
R8 =0000000000142d60 R9 =00000000fd0ef010 R10=00000000000ef000 R11=0000000000126de8
R12=00ffffff00000000 R13=0000000000115136 R14=0000000000136430 R15=0000000000000000
RIP=0000000000100aa0 RFL=00000206 [-----P-] CPL=0 II=0 A20=1 SMM=0 HLT=0
ES =0010 0000000000000000 ffffffff 00af9300 DPL=0 DS   [-WA]
CS =0008 0000000000000000 ffffffff 00af9a00 DPL=0 CS64 [-R-]
SS =0010 0000000000000000 ffffffff 00af9300 DPL=0 DS   [-WA]
DS =0010 0000000000000000 ffffffff 00af9300 DPL=0 DS   [-WA]
FS =0018 0000000000000000 ffffffff 00cf9300 DPL=0 DS   [-WA]
GS =0018 0000000000000000 ffffffff 00cf9300 DPL=0 DS   [-WA]
LDT=0000 0000000000000000 0000ffff 00008200 DPL=0 LDT
TR =0000 0000000000000000 0000ffff 00008b00 DPL=0 TSS64-busy
GDT=     00000000001001d0 00000017
IDT=     0000000000142dc0 00000fff
CR0=80000011 CR2=0000000000000000 CR3=0000000001017000 CR4=00000020
DR0=0000000000000000 DR1=0000000000000000 DR2=0000000000000000 DR3=0000000000000000 
DR6=00000000ffff0ff0 DR7=0000000000000400
CCS=0000000000000004 CCD=000000000e22d68e CCO=EFLAGS
EFER=0000000000000500
Servicing hardware INT=0x20
   226: v=20 e=0000 i=0 cpl=0 IP=0008:0000000000100aa0 pc=0000000000100aa0 SP=0010:000000000800ffc8 env->regs[R_EAX]=0000000000000000
RAX=0000000000000000 RBX=00ffffff0000000a RCX=0000000000000008 RDX=0000000000000000
RSI=0000000000000001 RDI=0000000000000018 RBP=0000000000115136 RSP=000000000800ffc8
R8 =0000000000142d60 R9 =00000000fd0ef010 R10=00000000000ef000 R11=0000000000126de8
R12=00ffffff00000000 R13=0000000000115136 R14=0000000000136430 R15=0000000000000000
RIP=0000000000100aa0 RFL=00000206 [-----P-] CPL=0 II=0 A20=1 SMM=0 HLT=0
ES =0010 0000000000000000 ffffffff 00af9300 DPL=0 DS   [-WA]
CS =0008 0000000000000000 ffffffff 00af9a00 DPL=0 CS64 [-R-]
SS =0010 0000000000000000 ffffffff 00af9300 DPL=0 DS   [-WA]
DS =0010 0000000000000000 ffffffff 00af9300 DPL=0 DS   [-WA]
FS =0018 0000000000000000 ffffffff 00cf9300 DPL=0 DS   [-WA]
GS =0018 0000000000000000 ffffffff 00cf9300 DPL=0 DS   [-WA]
LDT=0000 0000000000000000 0000ffff 00008200 DPL=0 LDT
TR =0000 0000000000000000 0000ffff 00008b00 DPL=0 TSS64-busy
GDT=     00000000001001d0 00000017
IDT=     0000000000142dc0 00000fff
CR0=80000011 CR2=0000000000000000 CR3=0000000001017000 CR4=00000020
DR0=0000000000000000 DR1=0000000000000000 DR2=0000000000000000 DR3=0000000000000000 
DR6=00000000ffff0ff0 DR7=0000000000000400
CCS=0000000000000004 CCD=000000000e58eef6 CCO=EFLAGS
EFER=0000000000000500
Servicing hardware INT=0x20
   227: v=20 e=0000 i=0 cpl=0 IP=0008:0000000000100aa0 pc=0000000000100aa0 SP=0010:000000000800ffc8 env->regs[R_EAX]=0000000000000000
RAX=0000000000000000 RBX=00ffffff0000000a RCX=0000000000000008 RDX=0000000000000000
RSI=0000000000000001 RDI=0000000000000018 RBP=0000000000115136 RSP=000000000800ffc8
R8 =0000000000142d60 R9 =00000000fd0ef010 R10=00000000000ef000 R11=0000000000126de8
R12=00ffffff00000000 R13=0000000000115136 R14=0000000000136430 R15=0000000000000000
RIP=0000000000100aa0 RFL=00000206 [-----P-] CPL=0 II=0 A20=1 SMM=0 HLT=0
ES =0010 0000000000000000 ffffffff 00af9300 DPL=0 DS   [-WA]
CS =0008 0000000000000000 ffffffff 00af9a00 DPL=0 CS64 [-R-]
SS =0010 0000000000000000 ffffffff 00af9300 DPL=0 DS   [-WA]
DS =0010 0000000000000000 ffffffff 00af9300 DPL=0 DS   [-WA]
FS =0018 0000000000000000 ffffffff 00cf9300 DPL=0 DS   [-WA]
GS =0018 0000000000000000 ffffffff 00cf9300 DPL=0 DS   [-WA]
LDT=0000 0000000000000000 0000ffff 00008200 DPL=0 LDT
TR =0000 0000000000000000 0000ffff 00008b00 DPL=0 TSS64-busy
GDT=     00000000001001d0 00000017
IDT=     0000000000142dc0 00000fff
CR0=80000011 CR2=0000000000000000 CR3=0000000001017000 CR4=00000020
DR0=0000000000000000 DR1=0000000000000000 DR2=0000000000000000 DR3=0000000000000000 
DR6=00000000ffff0ff0 DR7=0000000000000400
CCS=0000000000000004 CCD=000000000e8c5fc5 CCO=EFLAGS
EFER=0000000000000500
Servicing hardware INT=0x20
   228: v=20 e=0000 i=0 cpl=0 IP=0008:0000000000100aa0 pc=0000000000100aa0 SP=0010:000000000800ffc8 env->regs[R_EAX]=0000000000000000
RAX=0000000000000000 RBX=00ffffff0000000a RCX=0000000000000008 RDX=0000000000000000
RSI=0000000000000001 RDI=0000000000000018 RBP=0000000000115136 RSP=000000000800ffc8
R8 =0000000000142d60 R9 =00000000fd0ef010 R10=00000000000ef000 R11=0000000000126de8
R12=00ffffff00000000 R13=0000000000115136 R14=0000000000136430 R15=0000000000000000
RIP=0000000000100aa0 RFL=00000212 [----A--] CPL=0 II=0 A20=1 SMM=0 HLT=0
ES =0010 0000000000000000 ffffffff 00af9300 DPL=0 DS   [-WA]
CS =0008 0000000000000000 ffffffff 00af9a00 DPL=0 CS64 [-R-]
SS =0010 0000000000000000 ffffffff 00af9300 DPL=0 DS   [-WA]
DS =0010 0000000000000000 ffffffff 00af9300 DPL=0 DS   [-WA]
FS =0018 0000000000000000 ffffffff 00cf9300 DPL=0 DS   [-WA]
GS =0018 0000000000000000 ffffffff 00cf9300 DPL=0 DS   [-WA]
LDT=0000 0000000000000000 0000ffff 00008200 DPL=0 LDT
TR =0000 0000000000000000 0000ffff 00008b00 DPL=0 TSS64-busy
GDT=     00000000001001d0 00000017
IDT=     0000000000142dc0 00000fff
CR0=80000011 CR2=0000000000000000 CR3=0000000001017000 CR4=00000020
DR0=0000000000000000 DR1=0000000000000000 DR2=0000000000000000 DR3=0000000000000000 
DR6=00000000ffff0ff0 DR7=0000000000000400
CCS=0000000000000010 CCD=000000000ec48540 CCO=EFLAGS
EFER=0000000000000500
Servicing hardware INT=0x20
   229: v=20 e=0000 i=0 cpl=0 IP=0008:0000000000100a30 pc=0000000000100a30 SP=0010:000000000800ffc8 env->regs[R_EAX]=0000000000000000
RAX=0000000000000000 RBX=00ffffff0000000a RCX=0000000000000008 RDX=0000000000000000
RSI=0000000000000001 RDI=0000000000000018 RBP=000000000011512a RSP=000000000800ffc8
R8 =0000000000142d60 R9 =00000000fd0cf010 R10=00000000000cf000 R11=0000000000126de8
R12=00ffffff00000000 R13=000000000011512a R14=0000000000136430 R15=0000000000000000
RIP=0000000000100a30 RFL=00010212 [----A--] CPL=0 II=0 A20=1 SMM=0 HLT=0
ES =0010 0000000000000000 ffffffff 00af9300 DPL=0 DS   [-WA]
CS =0008 0000000000000000 ffffffff 00af9a00 DPL=0 CS64 [-R-]
SS =0010 0000000000000000 ffffffff 00af9300 DPL=0 DS   [-WA]
DS =0010 0000000000000000 ffffffff 00af9300 DPL=0 DS   [-WA]
FS =0018 0000000000000000 ffffffff 00cf9300 DPL=0 DS   [-WA]
GS =0018 0000000000000000 ffffffff 00cf9300 DPL=0 DS   [-WA]
LDT=0000 0000000000000000 0000ffff 00008200 DPL=0 LDT
TR =0000 0000000000000000 0000ffff 00008b00 DPL=0 TSS64-busy
GDT=     00000000001001d0 00000017
IDT=     0000000000142dc0 00000fff
CR0=80000011 CR2=0000000000000000 CR3=0000000001000000 CR4=00000020
DR0=0000000000000000 DR1=0000000000000000 DR2=0000000000000000 DR3=0000000000000000 
DR6=00000000ffff0ff0 DR7=0000000000000400
CCS=0000000000000010 CCD=000000000800ff18 CCO=EFLAGS
EFER=0000000000000500
Servicing hardware INT=0x20
   230: v=20 e=0000 i=0 cpl=0 IP=0008:0000000000100a30 pc=0000000000100a30 SP=0010:000000000800ffc8 env->regs[R_EAX]=0000000000000000
RAX=0000000000000000 RBX=00ffffff0000000a RCX=0000000000000008 RDX=0000000000000000
RSI=0000000000000001 RDI=0000000000000018 RBP=000000000011512a RSP=000000000800ffc8
R8 =0000000000142d60 R9 =00000000fd0cf010 R10=00000000000cf000 R11=0000000000126de8
R12=00ffffff00000000 R13=000000000011512a R14=0000000000136430 R15=0000000000000000
RIP=0000000000100a30 RFL=00000202 [-------] CPL=0 II=0 A20=1 SMM=0 HLT=0
ES =0010 0000000000000000 ffffffff 00af9300 DPL=0 DS   [-WA]
CS =0008 0000000000000000 ffffffff 00af9a00 DPL=0 CS64 [-R-]
SS =0010 0000000000000000 ffffffff 00af9300 DPL=0 DS   [-WA]
DS =0010 0000000000000000 ffffffff 00af9300 DPL=0 DS   [-WA]
FS =0018 0000000000000000 ffffffff 00cf9300 DPL=0 DS   [-WA]
GS =0018 0000000000000000 ffffffff 00cf9300 DPL=0 DS   [-WA]
LDT=0000 0000000000000000 0000ffff 00008200 DPL=0 LDT
TR =0000 0000000000000000 0000ffff 00008b00 DPL=0 TSS64-busy
GDT=     00000000001001d0 00000017
IDT=     0000000000142dc0 00000fff
CR0=80000011 CR2=0000000000000000 CR3=0000000001000000 CR4=00000020
DR0=0000000000000000 DR1=0000000000000000 DR2=0000000000000000 DR3=0000000000000000 
DR6=00000000ffff0ff0 DR7=0000000000000400
CCS=0000000000000000 CCD=000000000f3a84b3 CCO=EFLAGS
EFER=0000000000000500
Servicing hardware INT=0x20
   231: v=20 e=0000 i=0 cpl=0 IP=0008:0000000000100a30 pc=0000000000100a30 SP=0010:000000000800ffc8 env->regs[R_EAX]=0000000000000000
RAX=0000000000000000 RBX=00ffffff0000000a RCX=0000000000000008 RDX=0000000000000000
RSI=0000000000000001 RDI=0000000000000018 RBP=000000000011512a RSP=000000000800ffc8
R8 =0000000000142d60 R9 =00000000fd0cf010 R10=00000000000cf000 R11=0000000000126de8
R12=00ffffff00000000 R13=000000000011512a R14=0000000000136430 R15=0000000000000000
RIP=0000000000100a30 RFL=00000202 [-------] CPL=0 II=0 A20=1 SMM=0 HLT=0
ES =0010 0000000000000000 ffffffff 00af9300 DPL=0 DS   [-WA]
CS =0008 0000000000000000 ffffffff 00af9a00 DPL=0 CS64 [-R-]
SS =0010 0000000000000000 ffffffff 00af9300 DPL=0 DS   [-WA]
DS =0010 0000000000000000 ffffffff 00af9300 DPL=0 DS   [-WA]
FS =0018 0000000000000000 ffffffff 00cf9300 DPL=0 DS   [-WA]
GS =0018 0000000000000000 ffffffff 00cf9300 DPL=0 DS   [-WA]
LDT=0000 0000000000000000 0000ffff 00008200 DPL=0 LDT
TR =0000 0000000000000000 0000ffff 00008b00 DPL=0 TSS64-busy
GDT=     00000000001001d0 00000017
IDT=     0000000000142dc0 00000fff
CR0=80000011 CR2=0000000000000000 CR3=0000000001000000 CR4=00000020
DR0=0000000000000000 DR1=0000000000000000 DR2=0000000000000000 DR3=0000000000000000 
DR6=00000000ffff0ff0 DR7=0000000000000400
CCS=0000000000000000 CCD=000000000f64021c CCO=EFLAGS
EFER=0000000000000500
Servicing hardware INT=0x20
   232: v=20 e=0000 i=0 cpl=0 IP=0008:0000000000100a30 pc=0000000000100a30 SP=0010:000000000800ffc8 env->regs[R_EAX]=0000000000000000
RAX=0000000000000000 RBX=00ffffff0000000a RCX=0000000000000008 RDX=0000000000000000
RSI=0000000000000001 RDI=0000000000000018 RBP=000000000011512a RSP=000000000800ffc8
R8 =0000000000142d60 R9 =00000000fd0cf010 R10=00000000000cf000 R11=0000000000126de8
R12=00ffffff00000000 R13=000000000011512a R14=0000000000136430 R15=0000000000000000
RIP=0000000000100a30 RFL=00000202 [-------] CPL=0 II=0 A20=1 SMM=0 HLT=0
ES =0010 0000000000000000 ffffffff 00af9300 DPL=0 DS   [-WA]
CS =0008 0000000000000000 ffffffff 00af9a00 DPL=0 CS64 [-R-]
SS =0010 0000000000000000 ffffffff 00af9300 DPL=0 DS   [-WA]
DS =0010 0000000000000000 ffffffff 00af9300 DPL=0 DS   [-WA]
FS =0018 0000000000000000 ffffffff 00cf9300 DPL=0 DS   [-WA]
GS =0018 0000000000000000 ffffffff 00cf9300 DPL=0 DS   [-WA]
LDT=0000 0000000000000000 0000ffff 00008200 DPL=0 LDT
TR =0000 0000000000000000 0000ffff 00008b00 DPL=0 TSS64-busy
GDT=     00000000001001d0 00000017
IDT=     0000000000142dc0 00000fff
CR0=80000011 CR2=0000000000000000 CR3=0000000001000000 CR4=00000020
DR0=0000000000000000 DR1=0000000000000000 DR2=0000000000000000 DR3=0000000000000000 
DR6=00000000ffff0ff0 DR7=0000000000000400
CCS=0000000000000000 CCD=000000000f8e30c7 CCO=EFLAGS
EFER=0000000000000500
Servicing hardware INT=0x20
   233: v=20 e=0000 i=0 cpl=0 IP=0008:0000000000100a30 pc=0000000000100a30 SP=0010:000000000800ffc8 env->regs[R_EAX]=0000000000000000
RAX=0000000000000000 RBX=00ffffff0000000a RCX=0000000000000008 RDX=0000000000000000
RSI=0000000000000001 RDI=0000000000000018 RBP=000000000011512a RSP=000000000800ffc8
R8 =0000000000142d60 R9 =00000000fd0cf010 R10=00000000000cf000 R11=0000000000126de8
R12=00ffffff00000000 R13=000000000011512a R14=0000000000136430 R15=0000000000000000
RIP=0000000000100a30 RFL=00000202 [-------] CPL=0 II=0 A20=1 SMM=0 HLT=0
ES =0010 0000000000000000 ffffffff 00af9300 DPL=0 DS   [-WA]
CS =0008 0000000000000000 ffffffff 00af9a00 DPL=0 CS64 [-R-]
SS =0010 0000000000000000 ffffffff 00af9300 DPL=0 DS   [-WA]
DS =0010 0000000000000000 ffffffff 00af9300 DPL=0 DS   [-WA]
FS =0018 0000000000000000 ffffffff 00cf9300 DPL=0 DS   [-WA]
GS =0018 0000000000000000 ffffffff 00cf9300 DPL=0 DS   [-WA]
LDT=0000 0000000000000000 0000ffff 00008200 DPL=0 LDT
TR =0000 0000000000000000 0000ffff 00008b00 DPL=0 TSS64-busy
GDT=     00000000001001d0 00000017
IDT=     0000000000142dc0 00000fff
CR0=80000011 CR2=0000000000000000 CR3=0000000001000000 CR4=00000020
DR0=0000000000000000 DR1=0000000000000000 DR2=0000000000000000 DR3=0000000000000000 
DR6=00000000ffff0ff0 DR7=0000000000000400
CCS=0000000000000000 CCD=000000000fc24158 CCO=EFLAGS
EFER=0000000000000500
Servicing hardware INT=0x20
   234: v=20 e=0000 i=0 cpl=0 IP=0008:0000000000100a30 pc=0000000000100a30 SP=0010:000000000800ffc8 env->regs[R_EAX]=0000000000000000
RAX=0000000000000000 RBX=00ffffff0000000a RCX=0000000000000008 RDX=0000000000000000
RSI=0000000000000001 RDI=0000000000000018 RBP=000000000011512a RSP=000000000800ffc8
R8 =0000000000142d60 R9 =00000000fd0cf010 R10=00000000000cf000 R11=0000000000126de8
R12=00ffffff00000000 R13=000000000011512a R14=0000000000136430 R15=0000000000000000
RIP=0000000000100a30 RFL=00000206 [-----P-] CPL=0 II=0 A20=1 SMM=0 HLT=0
ES =0010 0000000000000000 ffffffff 00af9300 DPL=0 DS   [-WA]
CS =0008 0000000000000000 ffffffff 00af9a00 DPL=0 CS64 [-R-]
SS =0010 0000000000000000 ffffffff 00af9300 DPL=0 DS   [-WA]
DS =0010 0000000000000000 ffffffff 00af9300 DPL=0 DS   [-WA]
FS =0018 0000000000000000 ffffffff 00cf9300 DPL=0 DS   [-WA]
GS =0018 0000000000000000 ffffffff 00cf9300 DPL=0 DS   [-WA]
LDT=0000 0000000000000000 0000ffff 00008200 DPL=0 LDT
TR =0000 0000000000000000 0000ffff 00008b00 DPL=0 TSS64-busy
GDT=     00000000001001d0 00000017
IDT=     0000000000142dc0 00000fff
CR0=80000011 CR2=0000000000000000 CR3=0000000001000000 CR4=00000020
DR0=0000000000000000 DR1=0000000000000000 DR2=0000000000000000 DR3=0000000000000000 
DR6=00000000ffff0ff0 DR7=0000000000000400
CCS=0000000000000004 CCD=000000000ff2fc74 CCO=EFLAGS
EFER=0000000000000500
Servicing hardware INT=0x20
   235: v=20 e=0000 i=0 cpl=0 IP=0008:0000000000100a30 pc=0000000000100a30 SP=0010:000000000800ffc8 env->regs[R_EAX]=0000000000000000
RAX=0000000000000000 RBX=00ffffff0000000a RCX=0000000000000008 RDX=0000000000000000
RSI=0000000000000001 RDI=0000000000000018 RBP=000000000011512a RSP=000000000800ffc8
R8 =0000000000142d60 R9 =00000000fd0cf010 R10=00000000000cf000 R11=0000000000126de8
R12=00ffffff00000000 R13=000000000011512a R14=0000000000136430 R15=0000000000000000
RIP=0000000000100a30 RFL=00000206 [-----P-] CPL=0 II=0 A20=1 SMM=0 HLT=0
ES =0010 0000000000000000 ffffffff 00af9300 DPL=0 DS   [-WA]
CS =0008 0000000000000000 ffffffff 00af9a00 DPL=0 CS64 [-R-]
SS =0010 0000000000000000 ffffffff 00af9300 DPL=0 DS   [-WA]
DS =0010 0000000000000000 ffffffff 00af9300 DPL=0 DS   [-WA]
FS =0018 0000000000000000 ffffffff 00cf9300 DPL=0 DS   [-WA]
GS =0018 0000000000000000 ffffffff 00cf9300 DPL=0 DS   [-WA]
LDT=0000 0000000000000000 0000ffff 00008200 DPL=0 LDT
TR =0000 0000000000000000 0000ffff 00008b00 DPL=0 TSS64-busy
GDT=     00000000001001d0 00000017
IDT=     0000000000142dc0 00000fff
CR0=80000011 CR2=0000000000000000 CR3=0000000001000000 CR4=00000020
DR0=0000000000000000 DR1=0000000000000000 DR2=0000000000000000 DR3=0000000000000000 
DR6=00000000ffff0ff0 DR7=0000000000000400
CCS=0000000000000004 CCD=0000000010239b21 CCO=EFLAGS
EFER=0000000000000500
Servicing hardware INT=0x20
   236: v=20 e=0000 i=0 cpl=0 IP=0008:0000000000100a30 pc=0000000000100a30 SP=0010:000000000800ffc8 env->regs[R_EAX]=0000000000000000
RAX=0000000000000000 RBX=00ffffff0000000a RCX=0000000000000008 RDX=0000000000000000
RSI=0000000000000001 RDI=0000000000000018 RBP=000000000011512a RSP=000000000800ffc8
R8 =0000000000142d60 R9 =00000000fd0cf010 R10=00000000000cf000 R11=0000000000126de8
R12=00ffffff00000000 R13=000000000011512a R14=0000000000136430 R15=0000000000000000
RIP=0000000000100a30 RFL=00000206 [-----P-] CPL=0 II=0 A20=1 SMM=0 HLT=0
ES =0010 0000000000000000 ffffffff 00af9300 DPL=0 DS   [-WA]
CS =0008 0000000000000000 ffffffff 00af9a00 DPL=0 CS64 [-R-]
SS =0010 0000000000000000 ffffffff 00af9300 DPL=0 DS   [-WA]
DS =0010 0000000000000000 ffffffff 00af9300 DPL=0 DS   [-WA]
FS =0018 0000000000000000 ffffffff 00cf9300 DPL=0 DS   [-WA]
GS =0018 0000000000000000 ffffffff 00cf9300 DPL=0 DS   [-WA]
LDT=0000 0000000000000000 0000ffff 00008200 DPL=0 LDT
TR =0000 0000000000000000 0000ffff 00008b00 DPL=0 TSS64-busy
GDT=     00000000001001d0 00000017
IDT=     0000000000142dc0 00000fff
CR0=80000011 CR2=0000000000000000 CR3=0000000001000000 CR4=00000020
DR0=0000000000000000 DR1=0000000000000000 DR2=0000000000000000 DR3=0000000000000000 
DR6=00000000ffff0ff0 DR7=0000000000000400
CCS=0000000000000004 CCD=000000001052fa6a CCO=EFLAGS
EFER=0000000000000500
Servicing hardware INT=0x20
   237: v=20 e=0000 i=0 cpl=0 IP=0008:0000000000100a30 pc=0000000000100a30 SP=0010:000000000800ffc8 env->regs[R_EAX]=0000000000000000
RAX=0000000000000000 RBX=00ffffff0000000a RCX=0000000000000008 RDX=0000000000000000
RSI=0000000000000001 RDI=0000000000000018 RBP=000000000011512a RSP=000000000800ffc8
R8 =0000000000142d60 R9 =00000000fd0cf010 R10=00000000000cf000 R11=0000000000126de8
R12=00ffffff00000000 R13=000000000011512a R14=0000000000136430 R15=0000000000000000
RIP=0000000000100a30 RFL=00000206 [-----P-] CPL=0 II=0 A20=1 SMM=0 HLT=0
ES =0010 0000000000000000 ffffffff 00af9300 DPL=0 DS   [-WA]
CS =0008 0000000000000000 ffffffff 00af9a00 DPL=0 CS64 [-R-]
SS =0010 0000000000000000 ffffffff 00af9300 DPL=0 DS   [-WA]
DS =0010 0000000000000000 ffffffff 00af9300 DPL=0 DS   [-WA]
FS =0018 0000000000000000 ffffffff 00cf9300 DPL=0 DS   [-WA]
GS =0018 0000000000000000 ffffffff 00cf9300 DPL=0 DS   [-WA]
LDT=0000 0000000000000000 0000ffff 00008200 DPL=0 LDT
TR =0000 0000000000000000 0000ffff 00008b00 DPL=0 TSS64-busy
GDT=     00000000001001d0 00000017
IDT=     0000000000142dc0 00000fff
CR0=80000011 CR2=0000000000000000 CR3=0000000001000000 CR4=00000020
DR0=0000000000000000 DR1=0000000000000000 DR2=0000000000000000 DR3=0000000000000000 
DR6=00000000ffff0ff0 DR7=0000000000000400
CCS=0000000000000004 CCD=000000001077d348 CCO=EFLAGS
EFER=0000000000000500
Servicing hardware INT=0x20
   238: v=20 e=0000 i=0 cpl=0 IP=0008:0000000000100a30 pc=0000000000100a30 SP=0010:000000000800ffc8 env->regs[R_EAX]=0000000000000000
RAX=0000000000000000 RBX=00ffffff0000000a RCX=0000000000000008 RDX=0000000000000000
RSI=0000000000000001 RDI=0000000000000018 RBP=000000000011512a RSP=000000000800ffc8
R8 =0000000000142d60 R9 =00000000fd0cf010 R10=00000000000cf000 R11=0000000000126de8
R12=00ffffff00000000 R13=000000000011512a R14=0000000000136430 R15=0000000000000000
RIP=0000000000100a30 RFL=00000206 [-----P-] CPL=0 II=0 A20=1 SMM=0 HLT=0
ES =0010 0000000000000000 ffffffff 00af9300 DPL=0 DS   [-WA]
CS =0008 0000000000000000 ffffffff 00af9a00 DPL=0 CS64 [-R-]
SS =0010 0000000000000000 ffffffff 00af9300 DPL=0 DS   [-WA]
DS =0010 0000000000000000 ffffffff 00af9300 DPL=0 DS   [-WA]
FS =0018 0000000000000000 ffffffff 00cf9300 DPL=0 DS   [-WA]
GS =0018 0000000000000000 ffffffff 00cf9300 DPL=0 DS   [-WA]
LDT=0000 0000000000000000 0000ffff 00008200 DPL=0 LDT
TR =0000 0000000000000000 0000ffff 00008b00 DPL=0 TSS64-busy
GDT=     00000000001001d0 00000017
IDT=     0000000000142dc0 00000fff
CR0=80000011 CR2=0000000000000000 CR3=0000000001000000 CR4=00000020
DR0=0000000000000000 DR1=0000000000000000 DR2=0000000000000000 DR3=0000000000000000 
DR6=00000000ffff0ff0 DR7=0000000000000400
CCS=0000000000000004 CCD=00000000109ccc33 CCO=EFLAGS
EFER=0000000000000500
Servicing hardware INT=0x20
   239: v=20 e=0000 i=0 cpl=0 IP=0008:0000000000100aa0 pc=0000000000100aa0 SP=0010:000000000800ffc8 env->regs[R_EAX]=0000000000000000
RAX=0000000000000000 RBX=00ffffff0000000a RCX=0000000000000008 RDX=0000000000000000
RSI=0000000000000001 RDI=0000000000000018 RBP=0000000000115136 RSP=000000000800ffc8
R8 =0000000000142d60 R9 =00000000fd0ef010 R10=00000000000ef000 R11=0000000000126de8
R12=00ffffff00000000 R13=0000000000115136 R14=0000000000136430 R15=0000000000000000
RIP=0000000000100aa0 RFL=00010212 [----A--] CPL=0 II=0 A20=1 SMM=0 HLT=0
ES =0010 0000000000000000 ffffffff 00af9300 DPL=0 DS   [-WA]
CS =0008 0000000000000000 ffffffff 00af9a00 DPL=0 CS64 [-R-]
SS =0010 0000000000000000 ffffffff 00af9300 DPL=0 DS   [-WA]
DS =0010 0000000000000000 ffffffff 00af9300 DPL=0 DS   [-WA]
FS =0018 0000000000000000 ffffffff 00cf9300 DPL=0 DS   [-WA]
GS =0018 0000000000000000 ffffffff 00cf9300 DPL=0 DS   [-WA]
LDT=0000 0000000000000000 0000ffff 00008200 DPL=0 LDT
TR =0000 0000000000000000 0000ffff 00008b00 DPL=0 TSS64-busy
GDT=     00000000001001d0 00000017
IDT=     0000000000142dc0 00000fff
CR0=80000011 CR2=0000000000000000 CR3=0000000001017000 CR4=00000020
DR0=0000000000000000 DR1=0000000000000000 DR2=0000000000000000 DR3=0000000000000000 
DR6=00000000ffff0ff0 DR7=0000000000000400
CCS=0000000000000010 CCD=000000000800ff18 CCO=EFLAGS
EFER=0000000000000500
Servicing hardware INT=0x20
   240: v=20 e=0000 i=0 cpl=0 IP=0008:0000000000100aa0 pc=0000000000100aa0 SP=0010:000000000800ffc8 env->regs[R_EAX]=0000000000000000
RAX=0000000000000000 RBX=00ffffff0000000a RCX=0000000000000008 RDX=0000000000000000
RSI=0000000000000001 RDI=0000000000000018 RBP=0000000000115136 RSP=000000000800ffc8
R8 =0000000000142d60 R9 =00000000fd0ef010 R10=00000000000ef000 R11=0000000000126de8
R12=00ffffff00000000 R13=0000000000115136 R14=0000000000136430 R15=0000000000000000
RIP=0000000000100aa0 RFL=00000202 [-------] CPL=0 II=0 A20=1 SMM=0 HLT=0
ES =0010 0000000000000000 ffffffff 00af9300 DPL=0 DS   [-WA]
CS =0008 0000000000000000 ffffffff 00af9a00 DPL=0 CS64 [-R-]
SS =0010 0000000000000000 ffffffff 00af9300 DPL=0 DS   [-WA]
DS =0010 0000000000000000 ffffffff 00af9300 DPL=0 DS   [-WA]
FS =0018 0000000000000000 ffffffff 00cf9300 DPL=0 DS   [-WA]
GS =0018 0000000000000000 ffffffff 00cf9300 DPL=0 DS   [-WA]
LDT=0000 0000000000000000 0000ffff 00008200 DPL=0 LDT
TR =0000 0000000000000000 0000ffff 00008b00 DPL=0 TSS64-busy
GDT=     00000000001001d0 00000017
IDT=     0000000000142dc0 00000fff
CR0=80000011 CR2=0000000000000000 CR3=0000000001017000 CR4=00000020
DR0=0000000000000000 DR1=0000000000000000 DR2=0000000000000000 DR3=0000000000000000 
DR6=00000000ffff0ff0 DR7=0000000000000400
CCS=0000000000000000 CCD=000000000ee678ad CCO=EFLAGS
EFER=0000000000000500
Servicing hardware INT=0x20
   241: v=20 e=0000 i=0 cpl=0 IP=0008:0000000000100aa0 pc=0000000000100aa0 SP=0010:000000000800ffc8 env->regs[R_EAX]=0000000000000000
RAX=0000000000000000 RBX=00ffffff0000000a RCX=0000000000000008 RDX=0000000000000000
RSI=0000000000000001 RDI=0000000000000018 RBP=0000000000115136 RSP=000000000800ffc8
R8 =0000000000142d60 R9 =00000000fd0ef010 R10=00000000000ef000 R11=0000000000126de8
R12=00ffffff00000000 R13=0000000000115136 R14=0000000000136430 R15=0000000000000000
RIP=0000000000100aa0 RFL=00000202 [-------] CPL=0 II=0 A20=1 SMM=0 HLT=0
ES =0010 0000000000000000 ffffffff 00af9300 DPL=0 DS   [-WA]
CS =0008 0000000000000000 ffffffff 00af9a00 DPL=0 CS64 [-R-]
SS =0010 0000000000000000 ffffffff 00af9300 DPL=0 DS   [-WA]
DS =0010 0000000000000000 ffffffff 00af9300 DPL=0 DS   [-WA]
FS =0018 0000000000000000 ffffffff 00cf9300 DPL=0 DS   [-WA]
GS =0018 0000000000000000 ffffffff 00cf9300 DPL=0 DS   [-WA]
LDT=0000 0000000000000000 0000ffff 00008200 DPL=0 LDT
TR =0000 0000000000000000 0000ffff 00008b00 DPL=0 TSS64-busy
GDT=     00000000001001d0 00000017
IDT=     0000000000142dc0 00000fff
CR0=80000011 CR2=0000000000000000 CR3=0000000001017000 CR4=00000020
DR0=0000000000000000 DR1=0000000000000000 DR2=0000000000000000 DR3=0000000000000000 
DR6=00000000ffff0ff0 DR7=0000000000000400
CCS=0000000000000000 CCD=000000000f1c7468 CCO=EFLAGS
EFER=0000000000000500
Servicing hardware INT=0x20
   242: v=20 e=0000 i=0 cpl=0 IP=0008:0000000000100aa0 pc=0000000000100aa0 SP=0010:000000000800ffc8 env->regs[R_EAX]=0000000000000000
RAX=0000000000000000 RBX=00ffffff0000000a RCX=0000000000000008 RDX=0000000000000000
RSI=0000000000000001 RDI=0000000000000018 RBP=0000000000115136 RSP=000000000800ffc8
R8 =0000000000142d60 R9 =00000000fd0ef010 R10=00000000000ef000 R11=0000000000126de8
R12=00ffffff00000000 R13=0000000000115136 R14=0000000000136430 R15=0000000000000000
RIP=0000000000100aa0 RFL=00000206 [-----P-] CPL=0 II=0 A20=1 SMM=0 HLT=0
ES =0010 0000000000000000 ffffffff 00af9300 DPL=0 DS   [-WA]
CS =0008 0000000000000000 ffffffff 00af9a00 DPL=0 CS64 [-R-]
SS =0010 0000000000000000 ffffffff 00af9300 DPL=0 DS   [-WA]
DS =0010 0000000000000000 ffffffff 00af9300 DPL=0 DS   [-WA]
FS =0018 0000000000000000 ffffffff 00cf9300 DPL=0 DS   [-WA]
GS =0018 0000000000000000 ffffffff 00cf9300 DPL=0 DS   [-WA]
LDT=0000 0000000000000000 0000ffff 00008200 DPL=0 LDT
TR =0000 0000000000000000 0000ffff 00008b00 DPL=0 TSS64-busy
GDT=     00000000001001d0 00000017
IDT=     0000000000142dc0 00000fff
CR0=80000011 CR2=0000000000000000 CR3=0000000001017000 CR4=00000020
DR0=0000000000000000 DR1=0000000000000000 DR2=0000000000000000 DR3=0000000000000000 
DR6=00000000ffff0ff0 DR7=0000000000000400
CCS=0000000000000004 CCD=000000000f4d5ba6 CCO=EFLAGS
EFER=0000000000000500
Servicing hardware INT=0x20
   243: v=20 e=0000 i=0 cpl=0 IP=0008:0000000000100aa0 pc=0000000000100aa0 SP=0010:000000000800ffc8 env->regs[R_EAX]=0000000000000000
RAX=0000000000000000 RBX=00ffffff0000000a RCX=0000000000000008 RDX=0000000000000000
RSI=0000000000000001 RDI=0000000000000018 RBP=0000000000115136 RSP=000000000800ffc8
R8 =0000000000142d60 R9 =00000000fd0ef010 R10=00000000000ef000 R11=0000000000126de8
R12=00ffffff00000000 R13=0000000000115136 R14=0000000000136430 R15=0000000000000000
RIP=0000000000100aa0 RFL=00010206 [-----P-] CPL=0 II=0 A20=1 SMM=0 HLT=0
ES =0010 0000000000000000 ffffffff 00af9300 DPL=0 DS   [-WA]
CS =0008 0000000000000000 ffffffff 00af9a00 DPL=0 CS64 [-R-]
SS =0010 0000000000000000 ffffffff 00af9300 DPL=0 DS   [-WA]
DS =0010 0000000000000000 ffffffff 00af9300 DPL=0 DS   [-WA]
FS =0018 0000000000000000 ffffffff 00cf9300 DPL=0 DS   [-WA]
GS =0018 0000000000000000 ffffffff 00cf9300 DPL=0 DS   [-WA]
LDT=0000 0000000000000000 0000ffff 00008200 DPL=0 LDT
TR =0000 0000000000000000 0000ffff 00008b00 DPL=0 TSS64-busy
GDT=     00000000001001d0 00000017
IDT=     0000000000142dc0 00000fff
CR0=80000011 CR2=0000000000000000 CR3=0000000001017000 CR4=00000020
DR0=0000000000000000 DR1=0000000000000000 DR2=0000000000000000 DR3=0000000000000000 
DR6=00000000ffff0ff0 DR7=0000000000000400
CCS=0000000000000004 CCD=000000000800ff18 CCO=EFLAGS
EFER=0000000000000500
Servicing hardware INT=0x20
   244: v=20 e=0000 i=0 cpl=0 IP=0008:0000000000100aa0 pc=0000000000100aa0 SP=0010:000000000800ffc8 env->regs[R_EAX]=0000000000000000
RAX=0000000000000000 RBX=00ffffff0000000a RCX=0000000000000008 RDX=0000000000000000
RSI=0000000000000001 RDI=0000000000000018 RBP=0000000000115136 RSP=000000000800ffc8
R8 =0000000000142d60 R9 =00000000fd0ef010 R10=00000000000ef000 R11=0000000000126de8
R12=00ffffff00000000 R13=0000000000115136 R14=0000000000136430 R15=0000000000000000
RIP=0000000000100aa0 RFL=00000206 [-----P-] CPL=0 II=0 A20=1 SMM=0 HLT=0
ES =0010 0000000000000000 ffffffff 00af9300 DPL=0 DS   [-WA]
CS =0008 0000000000000000 ffffffff 00af9a00 DPL=0 CS64 [-R-]
SS =0010 0000000000000000 ffffffff 00af9300 DPL=0 DS   [-WA]
DS =0010 0000000000000000 ffffffff 00af9300 DPL=0 DS   [-WA]
FS =0018 0000000000000000 ffffffff 00cf9300 DPL=0 DS   [-WA]
GS =0018 0000000000000000 ffffffff 00cf9300 DPL=0 DS   [-WA]
LDT=0000 0000000000000000 0000ffff 00008200 DPL=0 LDT
TR =0000 0000000000000000 0000ffff 00008b00 DPL=0 TSS64-busy
GDT=     00000000001001d0 00000017
IDT=     0000000000142dc0 00000fff
CR0=80000011 CR2=0000000000000000 CR3=0000000001017000 CR4=00000020
DR0=0000000000000000 DR1=0000000000000000 DR2=0000000000000000 DR3=0000000000000000 
DR6=00000000ffff0ff0 DR7=0000000000000400
CCS=0000000000000004 CCD=000000000f5e9f39 CCO=EFLAGS
EFER=0000000000000500
Servicing hardware INT=0x20
   245: v=20 e=0000 i=0 cpl=0 IP=0008:0000000000100aa0 pc=0000000000100aa0 SP=0010:000000000800ffc8 env->regs[R_EAX]=0000000000000000
RAX=0000000000000000 RBX=00ffffff0000000a RCX=0000000000000008 RDX=0000000000000000
RSI=0000000000000001 RDI=0000000000000018 RBP=0000000000115136 RSP=000000000800ffc8
R8 =0000000000142d60 R9 =00000000fd0ef010 R10=00000000000ef000 R11=0000000000126de8
R12=00ffffff00000000 R13=0000000000115136 R14=0000000000136430 R15=0000000000000000
RIP=0000000000100aa0 RFL=00000206 [-----P-] CPL=0 II=0 A20=1 SMM=0 HLT=0
ES =0010 0000000000000000 ffffffff 00af9300 DPL=0 DS   [-WA]
CS =0008 0000000000000000 ffffffff 00af9a00 DPL=0 CS64 [-R-]
SS =0010 0000000000000000 ffffffff 00af9300 DPL=0 DS   [-WA]
DS =0010 0000000000000000 ffffffff 00af9300 DPL=0 DS   [-WA]
FS =0018 0000000000000000 ffffffff 00cf9300 DPL=0 DS   [-WA]
GS =0018 0000000000000000 ffffffff 00cf9300 DPL=0 DS   [-WA]
LDT=0000 0000000000000000 0000ffff 00008200 DPL=0 LDT
TR =0000 0000000000000000 0000ffff 00008b00 DPL=0 TSS64-busy
GDT=     00000000001001d0 00000017
IDT=     0000000000142dc0 00000fff
CR0=80000011 CR2=0000000000000000 CR3=0000000001017000 CR4=00000020
DR0=0000000000000000 DR1=0000000000000000 DR2=0000000000000000 DR3=0000000000000000 
DR6=00000000ffff0ff0 DR7=0000000000000400
CCS=0000000000000004 CCD=000000000f8ae47e CCO=EFLAGS
EFER=0000000000000500
Servicing hardware INT=0x20
   246: v=20 e=0000 i=0 cpl=0 IP=0008:0000000000100aa0 pc=0000000000100aa0 SP=0010:000000000800ffc8 env->regs[R_EAX]=0000000000000000
RAX=0000000000000000 RBX=00ffffff0000000a RCX=0000000000000008 RDX=0000000000000000
RSI=0000000000000001 RDI=0000000000000018 RBP=0000000000115136 RSP=000000000800ffc8
R8 =0000000000142d60 R9 =00000000fd0ef010 R10=00000000000ef000 R11=0000000000126de8
R12=00ffffff00000000 R13=0000000000115136 R14=0000000000136430 R15=0000000000000000
RIP=0000000000100aa0 RFL=00000202 [-------] CPL=0 II=0 A20=1 SMM=0 HLT=0
ES =0010 0000000000000000 ffffffff 00af9300 DPL=0 DS   [-WA]
CS =0008 0000000000000000 ffffffff 00af9a00 DPL=0 CS64 [-R-]
SS =0010 0000000000000000 ffffffff 00af9300 DPL=0 DS   [-WA]
DS =0010 0000000000000000 ffffffff 00af9300 DPL=0 DS   [-WA]
FS =0018 0000000000000000 ffffffff 00cf9300 DPL=0 DS   [-WA]
GS =0018 0000000000000000 ffffffff 00cf9300 DPL=0 DS   [-WA]
LDT=0000 0000000000000000 0000ffff 00008200 DPL=0 LDT
TR =0000 0000000000000000 0000ffff 00008b00 DPL=0 TSS64-busy
GDT=     00000000001001d0 00000017
IDT=     0000000000142dc0 00000fff
CR0=80000011 CR2=0000000000000000 CR3=0000000001017000 CR4=00000020
DR0=0000000000000000 DR1=0000000000000000 DR2=0000000000000000 DR3=0000000000000000 
DR6=00000000ffff0ff0 DR7=0000000000000400
CCS=0000000000000000 CCD=000000000fb97919 CCO=EFLAGS
EFER=0000000000000500
Servicing hardware INT=0x20
   247: v=20 e=0000 i=0 cpl=0 IP=0008:0000000000100aa0 pc=0000000000100aa0 SP=0010:000000000800ffc8 env->regs[R_EAX]=0000000000000000
RAX=0000000000000000 RBX=00ffffff0000000a RCX=0000000000000008 RDX=0000000000000000
RSI=0000000000000001 RDI=0000000000000018 RBP=0000000000115136 RSP=000000000800ffc8
R8 =0000000000142d60 R9 =00000000fd0ef010 R10=00000000000ef000 R11=0000000000126de8
R12=00ffffff00000000 R13=0000000000115136 R14=0000000000136430 R15=0000000000000000
RIP=0000000000100aa0 RFL=00000202 [-------] CPL=0 II=0 A20=1 SMM=0 HLT=0
ES =0010 0000000000000000 ffffffff 00af9300 DPL=0 DS   [-WA]
CS =0008 0000000000000000 ffffffff 00af9a00 DPL=0 CS64 [-R-]
SS =0010 0000000000000000 ffffffff 00af9300 DPL=0 DS   [-WA]
DS =0010 0000000000000000 ffffffff 00af9300 DPL=0 DS   [-WA]
FS =0018 0000000000000000 ffffffff 00cf9300 DPL=0 DS   [-WA]
GS =0018 0000000000000000 ffffffff 00cf9300 DPL=0 DS   [-WA]
LDT=0000 0000000000000000 0000ffff 00008200 DPL=0 LDT
TR =0000 0000000000000000 0000ffff 00008b00 DPL=0 TSS64-busy
GDT=     00000000001001d0 00000017
IDT=     0000000000142dc0 00000fff
CR0=80000011 CR2=0000000000000000 CR3=0000000001017000 CR4=00000020
DR0=0000000000000000 DR1=0000000000000000 DR2=0000000000000000 DR3=0000000000000000 
DR6=00000000ffff0ff0 DR7=0000000000000400
CCS=0000000000000000 CCD=000000000fdd5d1f CCO=EFLAGS
EFER=0000000000000500
Servicing hardware INT=0x20
   248: v=20 e=0000 i=0 cpl=0 IP=0008:0000000000100aa0 pc=0000000000100aa0 SP=0010:000000000800ffc8 env->regs[R_EAX]=0000000000000000
RAX=0000000000000000 RBX=00ffffff0000000a RCX=0000000000000008 RDX=0000000000000000
RSI=0000000000000001 RDI=0000000000000018 RBP=0000000000115136 RSP=000000000800ffc8
R8 =0000000000142d60 R9 =00000000fd0ef010 R10=00000000000ef000 R11=0000000000126de8
R12=00ffffff00000000 R13=0000000000115136 R14=0000000000136430 R15=0000000000000000
RIP=0000000000100aa0 RFL=00000206 [-----P-] CPL=0 II=0 A20=1 SMM=0 HLT=0
ES =0010 0000000000000000 ffffffff 00af9300 DPL=0 DS   [-WA]
CS =0008 0000000000000000 ffffffff 00af9a00 DPL=0 CS64 [-R-]
SS =0010 0000000000000000 ffffffff 00af9300 DPL=0 DS   [-WA]
DS =0010 0000000000000000 ffffffff 00af9300 DPL=0 DS   [-WA]
FS =0018 0000000000000000 ffffffff 00cf9300 DPL=0 DS   [-WA]
GS =0018 0000000000000000 ffffffff 00cf9300 DPL=0 DS   [-WA]
LDT=0000 0000000000000000 0000ffff 00008200 DPL=0 LDT
TR =0000 0000000000000000 0000ffff 00008b00 DPL=0 TSS64-busy
GDT=     00000000001001d0 00000017
IDT=     0000000000142dc0 00000fff
CR0=80000011 CR2=0000000000000000 CR3=0000000001017000 CR4=00000020
DR0=0000000000000000 DR1=0000000000000000 DR2=0000000000000000 DR3=0000000000000000 
DR6=00000000ffff0ff0 DR7=0000000000000400
CCS=0000000000000004 CCD=00000000100dd4f5 CCO=EFLAGS
EFER=0000000000000500
Servicing hardware INT=0x20
   249: v=20 e=0000 i=0 cpl=0 IP=0008:0000000000100a30 pc=0000000000100a30 SP=0010:000000000800ffc8 env->regs[R_EAX]=0000000000000000
RAX=0000000000000000 RBX=00ffffff0000000a RCX=0000000000000008 RDX=0000000000000000
RSI=0000000000000001 RDI=0000000000000018 RBP=000000000011512a RSP=000000000800ffc8
R8 =0000000000142d60 R9 =00000000fd0cf010 R10=00000000000cf000 R11=0000000000126de8
R12=00ffffff00000000 R13=000000000011512a R14=0000000000136430 R15=0000000000000000
RIP=0000000000100a30 RFL=00010206 [-----P-] CPL=0 II=0 A20=1 SMM=0 HLT=0
ES =0010 0000000000000000 ffffffff 00af9300 DPL=0 DS   [-WA]
CS =0008 0000000000000000 ffffffff 00af9a00 DPL=0 CS64 [-R-]
SS =0010 0000000000000000 ffffffff 00af9300 DPL=0 DS   [-WA]
DS =0010 0000000000000000 ffffffff 00af9300 DPL=0 DS   [-WA]
FS =0018 0000000000000000 ffffffff 00cf9300 DPL=0 DS   [-WA]
GS =0018 0000000000000000 ffffffff 00cf9300 DPL=0 DS   [-WA]
LDT=0000 0000000000000000 0000ffff 00008200 DPL=0 LDT
TR =0000 0000000000000000 0000ffff 00008b00 DPL=0 TSS64-busy
GDT=     00000000001001d0 00000017
IDT=     0000000000142dc0 00000fff
CR0=80000011 CR2=0000000000000000 CR3=0000000001000000 CR4=00000020
DR0=0000000000000000 DR1=0000000000000000 DR2=0000000000000000 DR3=0000000000000000 
DR6=00000000ffff0ff0 DR7=0000000000000400
CCS=0000000000000004 CCD=000000000800ff18 CCO=EFLAGS
EFER=0000000000000500
Servicing hardware INT=0x20
   250: v=20 e=0000 i=0 cpl=0 IP=0008:0000000000100a30 pc=0000000000100a30 SP=0010:000000000800ffc8 env->regs[R_EAX]=0000000000000000
RAX=0000000000000000 RBX=00ffffff0000000a RCX=0000000000000008 RDX=0000000000000000
RSI=0000000000000001 RDI=0000000000000018 RBP=000000000011512a RSP=000000000800ffc8
R8 =0000000000142d60 R9 =00000000fd0cf010 R10=00000000000cf000 R11=0000000000126de8
R12=00ffffff00000000 R13=000000000011512a R14=0000000000136430 R15=0000000000000000
RIP=0000000000100a30 RFL=00010206 [-----P-] CPL=0 II=0 A20=1 SMM=0 HLT=0
ES =0010 0000000000000000 ffffffff 00af9300 DPL=0 DS   [-WA]
CS =0008 0000000000000000 ffffffff 00af9a00 DPL=0 CS64 [-R-]
SS =0010 0000000000000000 ffffffff 00af9300 DPL=0 DS   [-WA]
DS =0010 0000000000000000 ffffffff 00af9300 DPL=0 DS   [-WA]
FS =0018 0000000000000000 ffffffff 00cf9300 DPL=0 DS   [-WA]
GS =0018 0000000000000000 ffffffff 00cf9300 DPL=0 DS   [-WA]
LDT=0000 0000000000000000 0000ffff 00008200 DPL=0 LDT
TR =0000 0000000000000000 0000ffff 00008b00 DPL=0 TSS64-busy
GDT=     00000000001001d0 00000017
IDT=     0000000000142dc0 00000fff
CR0=80000011 CR2=0000000000000000 CR3=0000000001000000 CR4=00000020
DR0=0000000000000000 DR1=0000000000000000 DR2=0000000000000000 DR3=0000000000000000 
DR6=00000000ffff0ff0 DR7=0000000000000400
CCS=0000000000000004 CCD=000000000800ff18 CCO=EFLAGS
EFER=0000000000000500
Servicing hardware INT=0x20
   251: v=20 e=0000 i=0 cpl=0 IP=0008:0000000000100a30 pc=0000000000100a30 SP=0010:000000000800ffc8 env->regs[R_EAX]=0000000000000000
RAX=0000000000000000 RBX=00ffffff0000000a RCX=0000000000000008 RDX=0000000000000000
RSI=0000000000000001 RDI=0000000000000018 RBP=000000000011512a RSP=000000000800ffc8
R8 =0000000000142d60 R9 =00000000fd0cf010 R10=00000000000cf000 R11=0000000000126de8
R12=00ffffff00000000 R13=000000000011512a R14=0000000000136430 R15=0000000000000000
RIP=0000000000100a30 RFL=00000202 [-------] CPL=0 II=0 A20=1 SMM=0 HLT=0
ES =0010 0000000000000000 ffffffff 00af9300 DPL=0 DS   [-WA]
CS =0008 0000000000000000 ffffffff 00af9a00 DPL=0 CS64 [-R-]
SS =0010 0000000000000000 ffffffff 00af9300 DPL=0 DS   [-WA]
DS =0010 0000000000000000 ffffffff 00af9300 DPL=0 DS   [-WA]
FS =0018 0000000000000000 ffffffff 00cf9300 DPL=0 DS   [-WA]
GS =0018 0000000000000000 ffffffff 00cf9300 DPL=0 DS   [-WA]
LDT=0000 0000000000000000 0000ffff 00008200 DPL=0 LDT
TR =0000 0000000000000000 0000ffff 00008b00 DPL=0 TSS64-busy
GDT=     00000000001001d0 00000017
IDT=     0000000000142dc0 00000fff
CR0=80000011 CR2=0000000000000000 CR3=0000000001000000 CR4=00000020
DR0=0000000000000000 DR1=0000000000000000 DR2=0000000000000000 DR3=0000000000000000 
DR6=00000000ffff0ff0 DR7=0000000000000400
CCS=0000000000000000 CCD=0000000010b11cce CCO=EFLAGS
EFER=0000000000000500
Servicing hardware INT=0x20
   252: v=20 e=0000 i=0 cpl=0 IP=0008:0000000000100a30 pc=0000000000100a30 SP=0010:000000000800ffc8 env->regs[R_EAX]=0000000000000000
RAX=0000000000000000 RBX=00ffffff0000000a RCX=0000000000000008 RDX=0000000000000000
RSI=0000000000000001 RDI=0000000000000018 RBP=000000000011512a RSP=000000000800ffc8
R8 =0000000000142d60 R9 =00000000fd0cf010 R10=00000000000cf000 R11=0000000000126de8
R12=00ffffff00000000 R13=000000000011512a R14=0000000000136430 R15=0000000000000000
RIP=0000000000100a30 RFL=00000202 [-------] CPL=0 II=0 A20=1 SMM=0 HLT=0
ES =0010 0000000000000000 ffffffff 00af9300 DPL=0 DS   [-WA]
CS =0008 0000000000000000 ffffffff 00af9a00 DPL=0 CS64 [-R-]
SS =0010 0000000000000000 ffffffff 00af9300 DPL=0 DS   [-WA]
DS =0010 0000000000000000 ffffffff 00af9300 DPL=0 DS   [-WA]
FS =0018 0000000000000000 ffffffff 00cf9300 DPL=0 DS   [-WA]
GS =0018 0000000000000000 ffffffff 00cf9300 DPL=0 DS   [-WA]
LDT=0000 0000000000000000 0000ffff 00008200 DPL=0 LDT
TR =0000 0000000000000000 0000ffff 00008b00 DPL=0 TSS64-busy
GDT=     00000000001001d0 00000017
IDT=     0000000000142dc0 00000fff
CR0=80000011 CR2=0000000000000000 CR3=0000000001000000 CR4=00000020
DR0=0000000000000000 DR1=0000000000000000 DR2=0000000000000000 DR3=0000000000000000 
DR6=00000000ffff0ff0 DR7=0000000000000400
CCS=0000000000000000 CCD=0000000010d7d03d CCO=EFLAGS
EFER=0000000000000500
Servicing hardware INT=0x20
   253: v=20 e=0000 i=0 cpl=0 IP=0008:0000000000100a30 pc=0000000000100a30 SP=0010:000000000800ffc8 env->regs[R_EAX]=0000000000000000
RAX=0000000000000000 RBX=00ffffff0000000a RCX=0000000000000008 RDX=0000000000000000
RSI=0000000000000001 RDI=0000000000000018 RBP=000000000011512a RSP=000000000800ffc8
R8 =0000000000142d60 R9 =00000000fd0cf010 R10=00000000000cf000 R11=0000000000126de8
R12=00ffffff00000000 R13=000000000011512a R14=0000000000136430 R15=0000000000000000
RIP=0000000000100a30 RFL=00010202 [-------] CPL=0 II=0 A20=1 SMM=0 HLT=0
ES =0010 0000000000000000 ffffffff 00af9300 DPL=0 DS   [-WA]
CS =0008 0000000000000000 ffffffff 00af9a00 DPL=0 CS64 [-R-]
SS =0010 0000000000000000 ffffffff 00af9300 DPL=0 DS   [-WA]
DS =0010 0000000000000000 ffffffff 00af9300 DPL=0 DS   [-WA]
FS =0018 0000000000000000 ffffffff 00cf9300 DPL=0 DS   [-WA]
GS =0018 0000000000000000 ffffffff 00cf9300 DPL=0 DS   [-WA]
LDT=0000 0000000000000000 0000ffff 00008200 DPL=0 LDT
TR =0000 0000000000000000 0000ffff 00008b00 DPL=0 TSS64-busy
GDT=     00000000001001d0 00000017
IDT=     0000000000142dc0 00000fff
CR0=80000011 CR2=0000000000000000 CR3=0000000001000000 CR4=00000020
DR0=0000000000000000 DR1=0000000000000000 DR2=0000000000000000 DR3=0000000000000000 
DR6=00000000ffff0ff0 DR7=0000000000000400
CCS=0000000000000000 CCD=000000000800ff18 CCO=EFLAGS
EFER=0000000000000500
Servicing hardware INT=0x20
   254: v=20 e=0000 i=0 cpl=0 IP=0008:0000000000100a30 pc=0000000000100a30 SP=0010:000000000800ffc8 env->regs[R_EAX]=0000000000000000
RAX=0000000000000000 RBX=00ffffff0000000a RCX=0000000000000008 RDX=0000000000000000
RSI=0000000000000001 RDI=0000000000000018 RBP=000000000011512a RSP=000000000800ffc8
R8 =0000000000142d60 R9 =00000000fd0cf010 R10=00000000000cf000 R11=0000000000126de8
R12=00ffffff00000000 R13=000000000011512a R14=0000000000136430 R15=0000000000000000
RIP=0000000000100a30 RFL=00000202 [-------] CPL=0 II=0 A20=1 SMM=0 HLT=0
ES =0010 0000000000000000 ffffffff 00af9300 DPL=0 DS   [-WA]
CS =0008 0000000000000000 ffffffff 00af9a00 DPL=0 CS64 [-R-]
SS =0010 0000000000000000 ffffffff 00af9300 DPL=0 DS   [-WA]
DS =0010 0000000000000000 ffffffff 00af9300 DPL=0 DS   [-WA]
FS =0018 0000000000000000 ffffffff 00cf9300 DPL=0 DS   [-WA]
GS =0018 0000000000000000 ffffffff 00cf9300 DPL=0 DS   [-WA]
LDT=0000 0000000000000000 0000ffff 00008200 DPL=0 LDT
TR =0000 0000000000000000 0000ffff 00008b00 DPL=0 TSS64-busy
GDT=     00000000001001d0 00000017
IDT=     0000000000142dc0 00000fff
CR0=80000011 CR2=0000000000000000 CR3=0000000001000000 CR4=00000020
DR0=0000000000000000 DR1=0000000000000000 DR2=0000000000000000 DR3=0000000000000000 
DR6=00000000ffff0ff0 DR7=0000000000000400
CCS=0000000000000000 CCD=0000000010e04c25 CCO=EFLAGS
EFER=0000000000000500
Servicing hardware INT=0x20
   255: v=20 e=0000 i=0 cpl=0 IP=0008:0000000000100a30 pc=0000000000100a30 SP=0010:000000000800ffc8 env->regs[R_EAX]=0000000000000000
RAX=0000000000000000 RBX=00ffffff0000000a RCX=0000000000000008 RDX=0000000000000000
RSI=0000000000000001 RDI=0000000000000018 RBP=000000000011512a RSP=000000000800ffc8
R8 =0000000000142d60 R9 =00000000fd0cf010 R10=00000000000cf000 R11=0000000000126de8
R12=00ffffff00000000 R13=000000000011512a R14=0000000000136430 R15=0000000000000000
RIP=0000000000100a30 RFL=00000206 [-----P-] CPL=0 II=0 A20=1 SMM=0 HLT=0
ES =0010 0000000000000000 ffffffff 00af9300 DPL=0 DS   [-WA]
CS =0008 0000000000000000 ffffffff 00af9a00 DPL=0 CS64 [-R-]
SS =0010 0000000000000000 ffffffff 00af9300 DPL=0 DS   [-WA]
DS =0010 0000000000000000 ffffffff 00af9300 DPL=0 DS   [-WA]
FS =0018 0000000000000000 ffffffff 00cf9300 DPL=0 DS   [-WA]
GS =0018 0000000000000000 ffffffff 00cf9300 DPL=0 DS   [-WA]
LDT=0000 0000000000000000 0000ffff 00008200 DPL=0 LDT
TR =0000 0000000000000000 0000ffff 00008b00 DPL=0 TSS64-busy
GDT=     00000000001001d0 00000017
IDT=     0000000000142dc0 00000fff
CR0=80000011 CR2=0000000000000000 CR3=0000000001000000 CR4=00000020
DR0=0000000000000000 DR1=0000000000000000 DR2=0000000000000000 DR3=0000000000000000 
DR6=00000000ffff0ff0 DR7=0000000000000400
CCS=0000000000000004 CCD=0000000011112a93 CCO=EFLAGS
EFER=0000000000000500
Servicing hardware INT=0x20
   256: v=20 e=0000 i=0 cpl=0 IP=0008:0000000000100a30 pc=0000000000100a30 SP=0010:000000000800ffc8 env->regs[R_EAX]=0000000000000000
RAX=0000000000000000 RBX=00ffffff0000000a RCX=0000000000000008 RDX=0000000000000000
RSI=0000000000000001 RDI=0000000000000018 RBP=000000000011512a RSP=000000000800ffc8
R8 =0000000000142d60 R9 =00000000fd0cf010 R10=00000000000cf000 R11=0000000000126de8
R12=00ffffff00000000 R13=000000000011512a R14=0000000000136430 R15=0000000000000000
RIP=0000000000100a30 RFL=00000206 [-----P-] CPL=0 II=0 A20=1 SMM=0 HLT=0
ES =0010 0000000000000000 ffffffff 00af9300 DPL=0 DS   [-WA]
CS =0008 0000000000000000 ffffffff 00af9a00 DPL=0 CS64 [-R-]
SS =0010 0000000000000000 ffffffff 00af9300 DPL=0 DS   [-WA]
DS =0010 0000000000000000 ffffffff 00af9300 DPL=0 DS   [-WA]
FS =0018 0000000000000000 ffffffff 00cf9300 DPL=0 DS   [-WA]
GS =0018 0000000000000000 ffffffff 00cf9300 DPL=0 DS   [-WA]
LDT=0000 0000000000000000 0000ffff 00008200 DPL=0 LDT
TR =0000 0000000000000000 0000ffff 00008b00 DPL=0 TSS64-busy
GDT=     00000000001001d0 00000017
IDT=     0000000000142dc0 00000fff
CR0=80000011 CR2=0000000000000000 CR3=0000000001000000 CR4=00000020
DR0=0000000000000000 DR1=0000000000000000 DR2=0000000000000000 DR3=0000000000000000 
DR6=00000000ffff0ff0 DR7=0000000000000400
CCS=0000000000000004 CCD=0000000011354682 CCO=EFLAGS
EFER=0000000000000500
Servicing hardware INT=0x20
   257: v=20 e=0000 i=0 cpl=0 IP=0008:0000000000100a30 pc=0000000000100a30 SP=0010:000000000800ffc8 env->regs[R_EAX]=0000000000000000
RAX=0000000000000000 RBX=00ffffff0000000a RCX=0000000000000008 RDX=0000000000000000
RSI=0000000000000001 RDI=0000000000000018 RBP=000000000011512a RSP=000000000800ffc8
R8 =0000000000142d60 R9 =00000000fd0cf010 R10=00000000000cf000 R11=0000000000126de8
R12=00ffffff00000000 R13=000000000011512a R14=0000000000136430 R15=0000000000000000
RIP=0000000000100a30 RFL=00000206 [-----P-] CPL=0 II=0 A20=1 SMM=0 HLT=0
ES =0010 0000000000000000 ffffffff 00af9300 DPL=0 DS   [-WA]
CS =0008 0000000000000000 ffffffff 00af9a00 DPL=0 CS64 [-R-]
SS =0010 0000000000000000 ffffffff 00af9300 DPL=0 DS   [-WA]
DS =0010 0000000000000000 ffffffff 00af9300 DPL=0 DS   [-WA]
FS =0018 0000000000000000 ffffffff 00cf9300 DPL=0 DS   [-WA]
GS =0018 0000000000000000 ffffffff 00cf9300 DPL=0 DS   [-WA]
LDT=0000 0000000000000000 0000ffff 00008200 DPL=0 LDT
TR =0000 0000000000000000 0000ffff 00008b00 DPL=0 TSS64-busy
GDT=     00000000001001d0 00000017
IDT=     0000000000142dc0 00000fff
CR0=80000011 CR2=0000000000000000 CR3=0000000001000000 CR4=00000020
DR0=0000000000000000 DR1=0000000000000000 DR2=0000000000000000 DR3=0000000000000000 
DR6=00000000ffff0ff0 DR7=0000000000000400
CCS=0000000000000004 CCD=00000000115ada0f CCO=EFLAGS
EFER=0000000000000500
Servicing hardware INT=0x20
   258: v=20 e=0000 i=0 cpl=0 IP=0008:0000000000100a30 pc=0000000000100a30 SP=0010:000000000800ffc8 env->regs[R_EAX]=0000000000000000
RAX=0000000000000000 RBX=00ffffff0000000a RCX=0000000000000008 RDX=0000000000000000
RSI=0000000000000001 RDI=0000000000000018 RBP=000000000011512a RSP=000000000800ffc8
R8 =0000000000142d60 R9 =00000000fd0cf010 R10=00000000000cf000 R11=0000000000126de8
R12=00ffffff00000000 R13=000000000011512a R14=0000000000136430 R15=0000000000000000
RIP=0000000000100a30 RFL=00000202 [-------] CPL=0 II=0 A20=1 SMM=0 HLT=0
ES =0010 0000000000000000 ffffffff 00af9300 DPL=0 DS   [-WA]
CS =0008 0000000000000000 ffffffff 00af9a00 DPL=0 CS64 [-R-]
SS =0010 0000000000000000 ffffffff 00af9300 DPL=0 DS   [-WA]
DS =0010 0000000000000000 ffffffff 00af9300 DPL=0 DS   [-WA]
FS =0018 0000000000000000 ffffffff 00cf9300 DPL=0 DS   [-WA]
GS =0018 0000000000000000 ffffffff 00cf9300 DPL=0 DS   [-WA]
LDT=0000 0000000000000000 0000ffff 00008200 DPL=0 LDT
TR =0000 0000000000000000 0000ffff 00008b00 DPL=0 TSS64-busy
GDT=     00000000001001d0 00000017
IDT=     0000000000142dc0 00000fff
CR0=80000011 CR2=0000000000000000 CR3=0000000001000000 CR4=00000020
DR0=0000000000000000 DR1=0000000000000000 DR2=0000000000000000 DR3=0000000000000000 
DR6=00000000ffff0ff0 DR7=0000000000000400
CCS=0000000000000000 CCD=00000000117fba4a CCO=EFLAGS
EFER=0000000000000500
Servicing hardware INT=0x20
   259: v=20 e=0000 i=0 cpl=0 IP=0008:0000000000100aa0 pc=0000000000100aa0 SP=0010:000000000800ffc8 env->regs[R_EAX]=0000000000000000
RAX=0000000000000000 RBX=00ffffff0000000a RCX=0000000000000008 RDX=0000000000000000
RSI=0000000000000001 RDI=0000000000000018 RBP=0000000000115136 RSP=000000000800ffc8
R8 =0000000000142d60 R9 =00000000fd0ef010 R10=00000000000ef000 R11=0000000000126de8
R12=00ffffff00000000 R13=0000000000115136 R14=0000000000136430 R15=0000000000000000
RIP=0000000000100aa0 RFL=00010206 [-----P-] CPL=0 II=0 A20=1 SMM=0 HLT=0
ES =0010 0000000000000000 ffffffff 00af9300 DPL=0 DS   [-WA]
CS =0008 0000000000000000 ffffffff 00af9a00 DPL=0 CS64 [-R-]
SS =0010 0000000000000000 ffffffff 00af9300 DPL=0 DS   [-WA]
DS =0010 0000000000000000 ffffffff 00af9300 DPL=0 DS   [-WA]
FS =0018 0000000000000000 ffffffff 00cf9300 DPL=0 DS   [-WA]
GS =0018 0000000000000000 ffffffff 00cf9300 DPL=0 DS   [-WA]
LDT=0000 0000000000000000 0000ffff 00008200 DPL=0 LDT
TR =0000 0000000000000000 0000ffff 00008b00 DPL=0 TSS64-busy
GDT=     00000000001001d0 00000017
IDT=     0000000000142dc0 00000fff
CR0=80000011 CR2=0000000000000000 CR3=0000000001017000 CR4=00000020
DR0=0000000000000000 DR1=0000000000000000 DR2=0000000000000000 DR3=0000000000000000 
DR6=00000000ffff0ff0 DR7=0000000000000400
CCS=0000000000000004 CCD=000000000800ff18 CCO=EFLAGS
EFER=0000000000000500
Servicing hardware INT=0x20
   260: v=20 e=0000 i=0 cpl=0 IP=0008:0000000000100aa0 pc=0000000000100aa0 SP=0010:000000000800ffc8 env->regs[R_EAX]=0000000000000000
RAX=0000000000000000 RBX=00ffffff0000000a RCX=0000000000000008 RDX=0000000000000000
RSI=0000000000000001 RDI=0000000000000018 RBP=0000000000115136 RSP=000000000800ffc8
R8 =0000000000142d60 R9 =00000000fd0ef010 R10=00000000000ef000 R11=0000000000126de8
R12=00ffffff00000000 R13=0000000000115136 R14=0000000000136430 R15=0000000000000000
RIP=0000000000100aa0 RFL=00000206 [-----P-] CPL=0 II=0 A20=1 SMM=0 HLT=0
ES =0010 0000000000000000 ffffffff 00af9300 DPL=0 DS   [-WA]
CS =0008 0000000000000000 ffffffff 00af9a00 DPL=0 CS64 [-R-]
SS =0010 0000000000000000 ffffffff 00af9300 DPL=0 DS   [-WA]
DS =0010 0000000000000000 ffffffff 00af9300 DPL=0 DS   [-WA]
FS =0018 0000000000000000 ffffffff 00cf9300 DPL=0 DS   [-WA]
GS =0018 0000000000000000 ffffffff 00cf9300 DPL=0 DS   [-WA]
LDT=0000 0000000000000000 0000ffff 00008200 DPL=0 LDT
TR =0000 0000000000000000 0000ffff 00008b00 DPL=0 TSS64-busy
GDT=     00000000001001d0 00000017
IDT=     0000000000142dc0 00000fff
CR0=80000011 CR2=0000000000000000 CR3=0000000001017000 CR4=00000020
DR0=0000000000000000 DR1=0000000000000000 DR2=0000000000000000 DR3=0000000000000000 
DR6=00000000ffff0ff0 DR7=0000000000000400
CCS=0000000000000004 CCD=0000000010271e56 CCO=EFLAGS
EFER=0000000000000500
Servicing hardware INT=0x20
   261: v=20 e=0000 i=0 cpl=0 IP=0008:0000000000100aa0 pc=0000000000100aa0 SP=0010:000000000800ffc8 env->regs[R_EAX]=0000000000000000
RAX=0000000000000000 RBX=00ffffff0000000a RCX=0000000000000008 RDX=0000000000000000
RSI=0000000000000001 RDI=0000000000000018 RBP=0000000000115136 RSP=000000000800ffc8
R8 =0000000000142d60 R9 =00000000fd0ef010 R10=00000000000ef000 R11=0000000000126de8
R12=00ffffff00000000 R13=0000000000115136 R14=0000000000136430 R15=0000000000000000
RIP=0000000000100aa0 RFL=00000202 [-------] CPL=0 II=0 A20=1 SMM=0 HLT=0
ES =0010 0000000000000000 ffffffff 00af9300 DPL=0 DS   [-WA]
CS =0008 0000000000000000 ffffffff 00af9a00 DPL=0 CS64 [-R-]
SS =0010 0000000000000000 ffffffff 00af9300 DPL=0 DS   [-WA]
DS =0010 0000000000000000 ffffffff 00af9300 DPL=0 DS   [-WA]
FS =0018 0000000000000000 ffffffff 00cf9300 DPL=0 DS   [-WA]
GS =0018 0000000000000000 ffffffff 00cf9300 DPL=0 DS   [-WA]
LDT=0000 0000000000000000 0000ffff 00008200 DPL=0 LDT
TR =0000 0000000000000000 0000ffff 00008b00 DPL=0 TSS64-busy
GDT=     00000000001001d0 00000017
IDT=     0000000000142dc0 00000fff
CR0=80000011 CR2=0000000000000000 CR3=0000000001017000 CR4=00000020
DR0=0000000000000000 DR1=0000000000000000 DR2=0000000000000000 DR3=0000000000000000 
DR6=00000000ffff0ff0 DR7=0000000000000400
CCS=0000000000000000 CCD=00000000104ac2c4 CCO=EFLAGS
EFER=0000000000000500
Servicing hardware INT=0x20
   262: v=20 e=0000 i=0 cpl=0 IP=0008:0000000000100aa0 pc=0000000000100aa0 SP=0010:000000000800ffc8 env->regs[R_EAX]=0000000000000000
RAX=0000000000000000 RBX=00ffffff0000000a RCX=0000000000000008 RDX=0000000000000000
RSI=0000000000000001 RDI=0000000000000018 RBP=0000000000115136 RSP=000000000800ffc8
R8 =0000000000142d60 R9 =00000000fd0ef010 R10=00000000000ef000 R11=0000000000126de8
R12=00ffffff00000000 R13=0000000000115136 R14=0000000000136430 R15=0000000000000000
RIP=0000000000100aa0 RFL=00000202 [-------] CPL=0 II=0 A20=1 SMM=0 HLT=0
ES =0010 0000000000000000 ffffffff 00af9300 DPL=0 DS   [-WA]
CS =0008 0000000000000000 ffffffff 00af9a00 DPL=0 CS64 [-R-]
SS =0010 0000000000000000 ffffffff 00af9300 DPL=0 DS   [-WA]
DS =0010 0000000000000000 ffffffff 00af9300 DPL=0 DS   [-WA]
FS =0018 0000000000000000 ffffffff 00cf9300 DPL=0 DS   [-WA]
GS =0018 0000000000000000 ffffffff 00cf9300 DPL=0 DS   [-WA]
LDT=0000 0000000000000000 0000ffff 00008200 DPL=0 LDT
TR =0000 0000000000000000 0000ffff 00008b00 DPL=0 TSS64-busy
GDT=     00000000001001d0 00000017
IDT=     0000000000142dc0 00000fff
CR0=80000011 CR2=0000000000000000 CR3=0000000001017000 CR4=00000020
DR0=0000000000000000 DR1=0000000000000000 DR2=0000000000000000 DR3=0000000000000000 
DR6=00000000ffff0ff0 DR7=0000000000000400
CCS=0000000000000000 CCD=00000000107156ce CCO=EFLAGS
EFER=0000000000000500
Servicing hardware INT=0x20
   263: v=20 e=0000 i=0 cpl=0 IP=0008:0000000000100aa0 pc=0000000000100aa0 SP=0010:000000000800ffc8 env->regs[R_EAX]=0000000000000000
RAX=0000000000000000 RBX=00ffffff0000000a RCX=0000000000000008 RDX=0000000000000000
RSI=0000000000000001 RDI=0000000000000018 RBP=0000000000115136 RSP=000000000800ffc8
R8 =0000000000142d60 R9 =00000000fd0ef010 R10=00000000000ef000 R11=0000000000126de8
R12=00ffffff00000000 R13=0000000000115136 R14=0000000000136430 R15=0000000000000000
RIP=0000000000100aa0 RFL=00000206 [-----P-] CPL=0 II=0 A20=1 SMM=0 HLT=0
ES =0010 0000000000000000 ffffffff 00af9300 DPL=0 DS   [-WA]
CS =0008 0000000000000000 ffffffff 00af9a00 DPL=0 CS64 [-R-]
SS =0010 0000000000000000 ffffffff 00af9300 DPL=0 DS   [-WA]
DS =0010 0000000000000000 ffffffff 00af9300 DPL=0 DS   [-WA]
FS =0018 0000000000000000 ffffffff 00cf9300 DPL=0 DS   [-WA]
GS =0018 0000000000000000 ffffffff 00cf9300 DPL=0 DS   [-WA]
LDT=0000 0000000000000000 0000ffff 00008200 DPL=0 LDT
TR =0000 0000000000000000 0000ffff 00008b00 DPL=0 TSS64-busy
GDT=     00000000001001d0 00000017
IDT=     0000000000142dc0 00000fff
CR0=80000011 CR2=0000000000000000 CR3=0000000001017000 CR4=00000020
DR0=0000000000000000 DR1=0000000000000000 DR2=0000000000000000 DR3=0000000000000000 
DR6=00000000ffff0ff0 DR7=0000000000000400
CCS=0000000000000004 CCD=0000000010a49305 CCO=EFLAGS
EFER=0000000000000500
Servicing hardware INT=0x20
   264: v=20 e=0000 i=0 cpl=0 IP=0008:0000000000100aa0 pc=0000000000100aa0 SP=0010:000000000800ffc8 env->regs[R_EAX]=0000000000000000
RAX=0000000000000000 RBX=00ffffff0000000a RCX=0000000000000008 RDX=0000000000000000
RSI=0000000000000001 RDI=0000000000000018 RBP=0000000000115136 RSP=000000000800ffc8
R8 =0000000000142d60 R9 =00000000fd0ef010 R10=00000000000ef000 R11=0000000000126de8
R12=00ffffff00000000 R13=0000000000115136 R14=0000000000136430 R15=0000000000000000
RIP=0000000000100aa0 RFL=00000206 [-----P-] CPL=0 II=0 A20=1 SMM=0 HLT=0
ES =0010 0000000000000000 ffffffff 00af9300 DPL=0 DS   [-WA]
CS =0008 0000000000000000 ffffffff 00af9a00 DPL=0 CS64 [-R-]
SS =0010 0000000000000000 ffffffff 00af9300 DPL=0 DS   [-WA]
DS =0010 0000000000000000 ffffffff 00af9300 DPL=0 DS   [-WA]
FS =0018 0000000000000000 ffffffff 00cf9300 DPL=0 DS   [-WA]
GS =0018 0000000000000000 ffffffff 00cf9300 DPL=0 DS   [-WA]
LDT=0000 0000000000000000 0000ffff 00008200 DPL=0 LDT
TR =0000 0000000000000000 0000ffff 00008b00 DPL=0 TSS64-busy
GDT=     00000000001001d0 00000017
IDT=     0000000000142dc0 00000fff
CR0=80000011 CR2=0000000000000000 CR3=0000000001017000 CR4=00000020
DR0=0000000000000000 DR1=0000000000000000 DR2=0000000000000000 DR3=0000000000000000 
DR6=00000000ffff0ff0 DR7=0000000000000400
CCS=0000000000000004 CCD=0000000010cc003f CCO=EFLAGS
EFER=0000000000000500
Servicing hardware INT=0x20
   265: v=20 e=0000 i=0 cpl=0 IP=0008:0000000000100aa0 pc=0000000000100aa0 SP=0010:000000000800ffc8 env->regs[R_EAX]=0000000000000000
RAX=0000000000000000 RBX=00ffffff0000000a RCX=0000000000000008 RDX=0000000000000000
RSI=0000000000000001 RDI=0000000000000018 RBP=0000000000115136 RSP=000000000800ffc8
R8 =0000000000142d60 R9 =00000000fd0ef010 R10=00000000000ef000 R11=0000000000126de8
R12=00ffffff00000000 R13=0000000000115136 R14=0000000000136430 R15=0000000000000000
RIP=0000000000100aa0 RFL=00000206 [-----P-] CPL=0 II=0 A20=1 SMM=0 HLT=0
ES =0010 0000000000000000 ffffffff 00af9300 DPL=0 DS   [-WA]
CS =0008 0000000000000000 ffffffff 00af9a00 DPL=0 CS64 [-R-]
SS =0010 0000000000000000 ffffffff 00af9300 DPL=0 DS   [-WA]
DS =0010 0000000000000000 ffffffff 00af9300 DPL=0 DS   [-WA]
FS =0018 0000000000000000 ffffffff 00cf9300 DPL=0 DS   [-WA]
GS =0018 0000000000000000 ffffffff 00cf9300 DPL=0 DS   [-WA]
LDT=0000 0000000000000000 0000ffff 00008200 DPL=0 LDT
TR =0000 0000000000000000 0000ffff 00008b00 DPL=0 TSS64-busy
GDT=     00000000001001d0 00000017
IDT=     0000000000142dc0 00000fff
CR0=80000011 CR2=0000000000000000 CR3=0000000001017000 CR4=00000020
DR0=0000000000000000 DR1=0000000000000000 DR2=0000000000000000 DR3=0000000000000000 
DR6=00000000ffff0ff0 DR7=0000000000000400
CCS=0000000000000004 CCD=0000000010f23a33 CCO=EFLAGS
EFER=0000000000000500
Servicing hardware INT=0x20
   266: v=20 e=0000 i=0 cpl=0 IP=0008:0000000000100aa0 pc=0000000000100aa0 SP=0010:000000000800ffc8 env->regs[R_EAX]=0000000000000000
RAX=0000000000000000 RBX=00ffffff0000000a RCX=0000000000000008 RDX=0000000000000000
RSI=0000000000000001 RDI=0000000000000018 RBP=0000000000115136 RSP=000000000800ffc8
R8 =0000000000142d60 R9 =00000000fd0ef010 R10=00000000000ef000 R11=0000000000126de8
R12=00ffffff00000000 R13=0000000000115136 R14=0000000000136430 R15=0000000000000000
RIP=0000000000100aa0 RFL=00000206 [-----P-] CPL=0 II=0 A20=1 SMM=0 HLT=0
ES =0010 0000000000000000 ffffffff 00af9300 DPL=0 DS   [-WA]
CS =0008 0000000000000000 ffffffff 00af9a00 DPL=0 CS64 [-R-]
SS =0010 0000000000000000 ffffffff 00af9300 DPL=0 DS   [-WA]
DS =0010 0000000000000000 ffffffff 00af9300 DPL=0 DS   [-WA]
FS =0018 0000000000000000 ffffffff 00cf9300 DPL=0 DS   [-WA]
GS =0018 0000000000000000 ffffffff 00cf9300 DPL=0 DS   [-WA]
LDT=0000 0000000000000000 0000ffff 00008200 DPL=0 LDT
TR =0000 0000000000000000 0000ffff 00008b00 DPL=0 TSS64-busy
GDT=     00000000001001d0 00000017
IDT=     0000000000142dc0 00000fff
CR0=80000011 CR2=0000000000000000 CR3=0000000001017000 CR4=00000020
DR0=0000000000000000 DR1=0000000000000000 DR2=0000000000000000 DR3=0000000000000000 
DR6=00000000ffff0ff0 DR7=0000000000000400
CCS=0000000000000004 CCD=00000000111930a9 CCO=EFLAGS
EFER=0000000000000500
Servicing hardware INT=0x20
   267: v=20 e=0000 i=0 cpl=0 IP=0008:0000000000100aa0 pc=0000000000100aa0 SP=0010:000000000800ffc8 env->regs[R_EAX]=0000000000000000
RAX=0000000000000000 RBX=00ffffff0000000a RCX=0000000000000008 RDX=0000000000000000
RSI=0000000000000001 RDI=0000000000000018 RBP=0000000000115136 RSP=000000000800ffc8
R8 =0000000000142d60 R9 =00000000fd0ef010 R10=00000000000ef000 R11=0000000000126de8
R12=00ffffff00000000 R13=0000000000115136 R14=0000000000136430 R15=0000000000000000
RIP=0000000000100aa0 RFL=00000212 [----A--] CPL=0 II=0 A20=1 SMM=0 HLT=0
ES =0010 0000000000000000 ffffffff 00af9300 DPL=0 DS   [-WA]
CS =0008 0000000000000000 ffffffff 00af9a00 DPL=0 CS64 [-R-]
SS =0010 0000000000000000 ffffffff 00af9300 DPL=0 DS   [-WA]
DS =0010 0000000000000000 ffffffff 00af9300 DPL=0 DS   [-WA]
FS =0018 0000000000000000 ffffffff 00cf9300 DPL=0 DS   [-WA]
GS =0018 0000000000000000 ffffffff 00cf9300 DPL=0 DS   [-WA]
LDT=0000 0000000000000000 0000ffff 00008200 DPL=0 LDT
TR =0000 0000000000000000 0000ffff 00008b00 DPL=0 TSS64-busy
GDT=     00000000001001d0 00000017
IDT=     0000000000142dc0 00000fff
CR0=80000011 CR2=0000000000000000 CR3=0000000001017000 CR4=00000020
DR0=0000000000000000 DR1=0000000000000000 DR2=0000000000000000 DR3=0000000000000000 
DR6=00000000ffff0ff0 DR7=0000000000000400
CCS=0000000000000010 CCD=000000001143df10 CCO=EFLAGS
EFER=0000000000000500
Servicing hardware INT=0x20
   268: v=20 e=0000 i=0 cpl=0 IP=0008:0000000000100aa0 pc=0000000000100aa0 SP=0010:000000000800ffc8 env->regs[R_EAX]=0000000000000000
RAX=0000000000000000 RBX=00ffffff0000000a RCX=0000000000000008 RDX=0000000000000000
RSI=0000000000000001 RDI=0000000000000018 RBP=0000000000115136 RSP=000000000800ffc8
R8 =0000000000142d60 R9 =00000000fd0ef010 R10=00000000000ef000 R11=0000000000126de8
R12=00ffffff00000000 R13=0000000000115136 R14=0000000000136430 R15=0000000000000000
RIP=0000000000100aa0 RFL=00000202 [-------] CPL=0 II=0 A20=1 SMM=0 HLT=0
ES =0010 0000000000000000 ffffffff 00af9300 DPL=0 DS   [-WA]
CS =0008 0000000000000000 ffffffff 00af9a00 DPL=0 CS64 [-R-]
SS =0010 0000000000000000 ffffffff 00af9300 DPL=0 DS   [-WA]
DS =0010 0000000000000000 ffffffff 00af9300 DPL=0 DS   [-WA]
FS =0018 0000000000000000 ffffffff 00cf9300 DPL=0 DS   [-WA]
GS =0018 0000000000000000 ffffffff 00cf9300 DPL=0 DS   [-WA]
LDT=0000 0000000000000000 0000ffff 00008200 DPL=0 LDT
TR =0000 0000000000000000 0000ffff 00008b00 DPL=0 TSS64-busy
GDT=     00000000001001d0 00000017
IDT=     0000000000142dc0 00000fff
CR0=80000011 CR2=0000000000000000 CR3=0000000001017000 CR4=00000020
DR0=0000000000000000 DR1=0000000000000000 DR2=0000000000000000 DR3=0000000000000000 
DR6=00000000ffff0ff0 DR7=0000000000000400
CCS=0000000000000000 CCD=00000000117a2bdf CCO=EFLAGS
EFER=0000000000000500
Servicing hardware INT=0x20
   269: v=20 e=0000 i=0 cpl=0 IP=0008:0000000000100a30 pc=0000000000100a30 SP=0010:000000000800ffc8 env->regs[R_EAX]=0000000000000000
RAX=0000000000000000 RBX=00ffffff0000000a RCX=0000000000000008 RDX=0000000000000000
RSI=0000000000000001 RDI=0000000000000018 RBP=000000000011512a RSP=000000000800ffc8
R8 =0000000000142d60 R9 =00000000fd0cf010 R10=00000000000cf000 R11=0000000000126de8
R12=00ffffff00000000 R13=000000000011512a R14=0000000000136430 R15=0000000000000000
RIP=0000000000100a30 RFL=00010202 [-------] CPL=0 II=0 A20=1 SMM=0 HLT=0
ES =0010 0000000000000000 ffffffff 00af9300 DPL=0 DS   [-WA]
CS =0008 0000000000000000 ffffffff 00af9a00 DPL=0 CS64 [-R-]
SS =0010 0000000000000000 ffffffff 00af9300 DPL=0 DS   [-WA]
DS =0010 0000000000000000 ffffffff 00af9300 DPL=0 DS   [-WA]
FS =0018 0000000000000000 ffffffff 00cf9300 DPL=0 DS   [-WA]
GS =0018 0000000000000000 ffffffff 00cf9300 DPL=0 DS   [-WA]
LDT=0000 0000000000000000 0000ffff 00008200 DPL=0 LDT
TR =0000 0000000000000000 0000ffff 00008b00 DPL=0 TSS64-busy
GDT=     00000000001001d0 00000017
IDT=     0000000000142dc0 00000fff
CR0=80000011 CR2=0000000000000000 CR3=0000000001000000 CR4=00000020
DR0=0000000000000000 DR1=0000000000000000 DR2=0000000000000000 DR3=0000000000000000 
DR6=00000000ffff0ff0 DR7=0000000000000400
CCS=0000000000000000 CCD=000000000800ff18 CCO=EFLAGS
EFER=0000000000000500
Servicing hardware INT=0x20
   270: v=20 e=0000 i=0 cpl=0 IP=0008:0000000000100a30 pc=0000000000100a30 SP=0010:000000000800ffc8 env->regs[R_EAX]=0000000000000000
RAX=0000000000000000 RBX=00ffffff0000000a RCX=0000000000000008 RDX=0000000000000000
RSI=0000000000000001 RDI=0000000000000018 RBP=000000000011512a RSP=000000000800ffc8
R8 =0000000000142d60 R9 =00000000fd0cf010 R10=00000000000cf000 R11=0000000000126de8
R12=00ffffff00000000 R13=000000000011512a R14=0000000000136430 R15=0000000000000000
RIP=0000000000100a30 RFL=00000206 [-----P-] CPL=0 II=0 A20=1 SMM=0 HLT=0
ES =0010 0000000000000000 ffffffff 00af9300 DPL=0 DS   [-WA]
CS =0008 0000000000000000 ffffffff 00af9a00 DPL=0 CS64 [-R-]
SS =0010 0000000000000000 ffffffff 00af9300 DPL=0 DS   [-WA]
DS =0010 0000000000000000 ffffffff 00af9300 DPL=0 DS   [-WA]
FS =0018 0000000000000000 ffffffff 00cf9300 DPL=0 DS   [-WA]
GS =0018 0000000000000000 ffffffff 00cf9300 DPL=0 DS   [-WA]
LDT=0000 0000000000000000 0000ffff 00008200 DPL=0 LDT
TR =0000 0000000000000000 0000ffff 00008b00 DPL=0 TSS64-busy
GDT=     00000000001001d0 00000017
IDT=     0000000000142dc0 00000fff
CR0=80000011 CR2=0000000000000000 CR3=0000000001000000 CR4=00000020
DR0=0000000000000000 DR1=0000000000000000 DR2=0000000000000000 DR3=0000000000000000 
DR6=00000000ffff0ff0 DR7=0000000000000400
CCS=0000000000000004 CCD=000000001186c4fa CCO=EFLAGS
EFER=0000000000000500
Servicing hardware INT=0x20
   271: v=20 e=0000 i=0 cpl=0 IP=0008:0000000000100a30 pc=0000000000100a30 SP=0010:000000000800ffc8 env->regs[R_EAX]=0000000000000000
RAX=0000000000000000 RBX=00ffffff0000000a RCX=0000000000000008 RDX=0000000000000000
RSI=0000000000000001 RDI=0000000000000018 RBP=000000000011512a RSP=000000000800ffc8
R8 =0000000000142d60 R9 =00000000fd0cf010 R10=00000000000cf000 R11=0000000000126de8
R12=00ffffff00000000 R13=000000000011512a R14=0000000000136430 R15=0000000000000000
RIP=0000000000100a30 RFL=00000206 [-----P-] CPL=0 II=0 A20=1 SMM=0 HLT=0
ES =0010 0000000000000000 ffffffff 00af9300 DPL=0 DS   [-WA]
CS =0008 0000000000000000 ffffffff 00af9a00 DPL=0 CS64 [-R-]
SS =0010 0000000000000000 ffffffff 00af9300 DPL=0 DS   [-WA]
DS =0010 0000000000000000 ffffffff 00af9300 DPL=0 DS   [-WA]
FS =0018 0000000000000000 ffffffff 00cf9300 DPL=0 DS   [-WA]
GS =0018 0000000000000000 ffffffff 00cf9300 DPL=0 DS   [-WA]
LDT=0000 0000000000000000 0000ffff 00008200 DPL=0 LDT
TR =0000 0000000000000000 0000ffff 00008b00 DPL=0 TSS64-busy
GDT=     00000000001001d0 00000017
IDT=     0000000000142dc0 00000fff
CR0=80000011 CR2=0000000000000000 CR3=0000000001000000 CR4=00000020
DR0=0000000000000000 DR1=0000000000000000 DR2=0000000000000000 DR3=0000000000000000 
DR6=00000000ffff0ff0 DR7=0000000000000400
CCS=0000000000000004 CCD=0000000011bde796 CCO=EFLAGS
EFER=0000000000000500
Servicing hardware INT=0x20
   272: v=20 e=0000 i=0 cpl=0 IP=0008:0000000000100a30 pc=0000000000100a30 SP=0010:000000000800ffc8 env->regs[R_EAX]=0000000000000000
RAX=0000000000000000 RBX=00ffffff0000000a RCX=0000000000000008 RDX=0000000000000000
RSI=0000000000000001 RDI=0000000000000018 RBP=000000000011512a RSP=000000000800ffc8
R8 =0000000000142d60 R9 =00000000fd0cf010 R10=00000000000cf000 R11=0000000000126de8
R12=00ffffff00000000 R13=000000000011512a R14=0000000000136430 R15=0000000000000000
RIP=0000000000100a30 RFL=00000202 [-------] CPL=0 II=0 A20=1 SMM=0 HLT=0
ES =0010 0000000000000000 ffffffff 00af9300 DPL=0 DS   [-WA]
CS =0008 0000000000000000 ffffffff 00af9a00 DPL=0 CS64 [-R-]
SS =0010 0000000000000000 ffffffff 00af9300 DPL=0 DS   [-WA]
DS =0010 0000000000000000 ffffffff 00af9300 DPL=0 DS   [-WA]
FS =0018 0000000000000000 ffffffff 00cf9300 DPL=0 DS   [-WA]
GS =0018 0000000000000000 ffffffff 00cf9300 DPL=0 DS   [-WA]
LDT=0000 0000000000000000 0000ffff 00008200 DPL=0 LDT
TR =0000 0000000000000000 0000ffff 00008b00 DPL=0 TSS64-busy
GDT=     00000000001001d0 00000017
IDT=     0000000000142dc0 00000fff
CR0=80000011 CR2=0000000000000000 CR3=0000000001000000 CR4=00000020
DR0=0000000000000000 DR1=0000000000000000 DR2=0000000000000000 DR3=0000000000000000 
DR6=00000000ffff0ff0 DR7=0000000000000400
CCS=0000000000000000 CCD=0000000011ef692a CCO=EFLAGS
EFER=0000000000000500
Servicing hardware INT=0x20
   273: v=20 e=0000 i=0 cpl=0 IP=0008:0000000000100a30 pc=0000000000100a30 SP=0010:000000000800ffc8 env->regs[R_EAX]=0000000000000000
RAX=0000000000000000 RBX=00ffffff0000000a RCX=0000000000000008 RDX=0000000000000000
RSI=0000000000000001 RDI=0000000000000018 RBP=000000000011512a RSP=000000000800ffc8
R8 =0000000000142d60 R9 =00000000fd0cf010 R10=00000000000cf000 R11=0000000000126de8
R12=00ffffff00000000 R13=000000000011512a R14=0000000000136430 R15=0000000000000000
RIP=0000000000100a30 RFL=00010202 [-------] CPL=0 II=0 A20=1 SMM=0 HLT=0
ES =0010 0000000000000000 ffffffff 00af9300 DPL=0 DS   [-WA]
CS =0008 0000000000000000 ffffffff 00af9a00 DPL=0 CS64 [-R-]
SS =0010 0000000000000000 ffffffff 00af9300 DPL=0 DS   [-WA]
DS =0010 0000000000000000 ffffffff 00af9300 DPL=0 DS   [-WA]
FS =0018 0000000000000000 ffffffff 00cf9300 DPL=0 DS   [-WA]
GS =0018 0000000000000000 ffffffff 00cf9300 DPL=0 DS   [-WA]
LDT=0000 0000000000000000 0000ffff 00008200 DPL=0 LDT
TR =0000 0000000000000000 0000ffff 00008b00 DPL=0 TSS64-busy
GDT=     00000000001001d0 00000017
IDT=     0000000000142dc0 00000fff
CR0=80000011 CR2=0000000000000000 CR3=0000000001000000 CR4=00000020
DR0=0000000000000000 DR1=0000000000000000 DR2=0000000000000000 DR3=0000000000000000 
DR6=00000000ffff0ff0 DR7=0000000000000400
CCS=0000000000000000 CCD=000000000800ff18 CCO=EFLAGS
EFER=0000000000000500
Servicing hardware INT=0x20
   274: v=20 e=0000 i=0 cpl=0 IP=0008:0000000000100a30 pc=0000000000100a30 SP=0010:000000000800ffc8 env->regs[R_EAX]=0000000000000000
RAX=0000000000000000 RBX=00ffffff0000000a RCX=0000000000000008 RDX=0000000000000000
RSI=0000000000000001 RDI=0000000000000018 RBP=000000000011512a RSP=000000000800ffc8
R8 =0000000000142d60 R9 =00000000fd0cf010 R10=00000000000cf000 R11=0000000000126de8
R12=00ffffff00000000 R13=000000000011512a R14=0000000000136430 R15=0000000000000000
RIP=0000000000100a30 RFL=00000206 [-----P-] CPL=0 II=0 A20=1 SMM=0 HLT=0
ES =0010 0000000000000000 ffffffff 00af9300 DPL=0 DS   [-WA]
CS =0008 0000000000000000 ffffffff 00af9a00 DPL=0 CS64 [-R-]
SS =0010 0000000000000000 ffffffff 00af9300 DPL=0 DS   [-WA]
DS =0010 0000000000000000 ffffffff 00af9300 DPL=0 DS   [-WA]
FS =0018 0000000000000000 ffffffff 00cf9300 DPL=0 DS   [-WA]
GS =0018 0000000000000000 ffffffff 00cf9300 DPL=0 DS   [-WA]
LDT=0000 0000000000000000 0000ffff 00008200 DPL=0 LDT
TR =0000 0000000000000000 0000ffff 00008b00 DPL=0 TSS64-busy
GDT=     00000000001001d0 00000017
IDT=     0000000000142dc0 00000fff
CR0=80000011 CR2=0000000000000000 CR3=0000000001000000 CR4=00000020
DR0=0000000000000000 DR1=0000000000000000 DR2=0000000000000000 DR3=0000000000000000 
DR6=00000000ffff0ff0 DR7=0000000000000400
CCS=0000000000000004 CCD=0000000011fc80e2 CCO=EFLAGS
EFER=0000000000000500
Servicing hardware INT=0x20
   275: v=20 e=0000 i=0 cpl=0 IP=0008:0000000000100a30 pc=0000000000100a30 SP=0010:000000000800ffc8 env->regs[R_EAX]=0000000000000000
RAX=0000000000000000 RBX=00ffffff0000000a RCX=0000000000000008 RDX=0000000000000000
RSI=0000000000000001 RDI=0000000000000018 RBP=000000000011512a RSP=000000000800ffc8
R8 =0000000000142d60 R9 =00000000fd0cf010 R10=00000000000cf000 R11=0000000000126de8
R12=00ffffff00000000 R13=000000000011512a R14=0000000000136430 R15=0000000000000000
RIP=0000000000100a30 RFL=00000202 [-------] CPL=0 II=0 A20=1 SMM=0 HLT=0
ES =0010 0000000000000000 ffffffff 00af9300 DPL=0 DS   [-WA]
CS =0008 0000000000000000 ffffffff 00af9a00 DPL=0 CS64 [-R-]
SS =0010 0000000000000000 ffffffff 00af9300 DPL=0 DS   [-WA]
DS =0010 0000000000000000 ffffffff 00af9300 DPL=0 DS   [-WA]
FS =0018 0000000000000000 ffffffff 00cf9300 DPL=0 DS   [-WA]
GS =0018 0000000000000000 ffffffff 00cf9300 DPL=0 DS   [-WA]
LDT=0000 0000000000000000 0000ffff 00008200 DPL=0 LDT
TR =0000 0000000000000000 0000ffff 00008b00 DPL=0 TSS64-busy
GDT=     00000000001001d0 00000017
IDT=     0000000000142dc0 00000fff
CR0=80000011 CR2=0000000000000000 CR3=0000000001000000 CR4=00000020
DR0=0000000000000000 DR1=0000000000000000 DR2=0000000000000000 DR3=0000000000000000 
DR6=00000000ffff0ff0 DR7=0000000000000400
CCS=0000000000000000 CCD=00000000122da149 CCO=EFLAGS
EFER=0000000000000500
Servicing hardware INT=0x20
   276: v=20 e=0000 i=0 cpl=0 IP=0008:0000000000100a30 pc=0000000000100a30 SP=0010:000000000800ffc8 env->regs[R_EAX]=0000000000000000
RAX=0000000000000000 RBX=00ffffff0000000a RCX=0000000000000008 RDX=0000000000000000
RSI=0000000000000001 RDI=0000000000000018 RBP=000000000011512a RSP=000000000800ffc8
R8 =0000000000142d60 R9 =00000000fd0cf010 R10=00000000000cf000 R11=0000000000126de8
R12=00ffffff00000000 R13=000000000011512a R14=0000000000136430 R15=0000000000000000
RIP=0000000000100a30 RFL=00000202 [-------] CPL=0 II=0 A20=1 SMM=0 HLT=0
ES =0010 0000000000000000 ffffffff 00af9300 DPL=0 DS   [-WA]
CS =0008 0000000000000000 ffffffff 00af9a00 DPL=0 CS64 [-R-]
SS =0010 0000000000000000 ffffffff 00af9300 DPL=0 DS   [-WA]
DS =0010 0000000000000000 ffffffff 00af9300 DPL=0 DS   [-WA]
FS =0018 0000000000000000 ffffffff 00cf9300 DPL=0 DS   [-WA]
GS =0018 0000000000000000 ffffffff 00cf9300 DPL=0 DS   [-WA]
LDT=0000 0000000000000000 0000ffff 00008200 DPL=0 LDT
TR =0000 0000000000000000 0000ffff 00008b00 DPL=0 TSS64-busy
GDT=     00000000001001d0 00000017
IDT=     0000000000142dc0 00000fff
CR0=80000011 CR2=0000000000000000 CR3=0000000001000000 CR4=00000020
DR0=0000000000000000 DR1=0000000000000000 DR2=0000000000000000 DR3=0000000000000000 
DR6=00000000ffff0ff0 DR7=0000000000000400
CCS=0000000000000000 CCD=00000000125ca50d CCO=EFLAGS
EFER=0000000000000500
Servicing hardware INT=0x20
   277: v=20 e=0000 i=0 cpl=0 IP=0008:0000000000100a30 pc=0000000000100a30 SP=0010:000000000800ffc8 env->regs[R_EAX]=0000000000000000
RAX=0000000000000000 RBX=00ffffff0000000a RCX=0000000000000008 RDX=0000000000000000
RSI=0000000000000001 RDI=0000000000000018 RBP=000000000011512a RSP=000000000800ffc8
R8 =0000000000142d60 R9 =00000000fd0cf010 R10=00000000000cf000 R11=0000000000126de8
R12=00ffffff00000000 R13=000000000011512a R14=0000000000136430 R15=0000000000000000
RIP=0000000000100a30 RFL=00000212 [----A--] CPL=0 II=0 A20=1 SMM=0 HLT=0
ES =0010 0000000000000000 ffffffff 00af9300 DPL=0 DS   [-WA]
CS =0008 0000000000000000 ffffffff 00af9a00 DPL=0 CS64 [-R-]
SS =0010 0000000000000000 ffffffff 00af9300 DPL=0 DS   [-WA]
DS =0010 0000000000000000 ffffffff 00af9300 DPL=0 DS   [-WA]
FS =0018 0000000000000000 ffffffff 00cf9300 DPL=0 DS   [-WA]
GS =0018 0000000000000000 ffffffff 00cf9300 DPL=0 DS   [-WA]
LDT=0000 0000000000000000 0000ffff 00008200 DPL=0 LDT
TR =0000 0000000000000000 0000ffff 00008b00 DPL=0 TSS64-busy
GDT=     00000000001001d0 00000017
IDT=     0000000000142dc0 00000fff
CR0=80000011 CR2=0000000000000000 CR3=0000000001000000 CR4=00000020
DR0=0000000000000000 DR1=0000000000000000 DR2=0000000000000000 DR3=0000000000000000 
DR6=00000000ffff0ff0 DR7=0000000000000400
CCS=0000000000000010 CCD=000000001286f1d0 CCO=EFLAGS
EFER=0000000000000500
Servicing hardware INT=0x20
   278: v=20 e=0000 i=0 cpl=0 IP=0008:0000000000100a30 pc=0000000000100a30 SP=0010:000000000800ffc8 env->regs[R_EAX]=0000000000000000
RAX=0000000000000000 RBX=00ffffff0000000a RCX=0000000000000008 RDX=0000000000000000
RSI=0000000000000001 RDI=0000000000000018 RBP=000000000011512a RSP=000000000800ffc8
R8 =0000000000142d60 R9 =00000000fd0cf010 R10=00000000000cf000 R11=0000000000126de8
R12=00ffffff00000000 R13=000000000011512a R14=0000000000136430 R15=0000000000000000
RIP=0000000000100a30 RFL=00000202 [-------] CPL=0 II=0 A20=1 SMM=0 HLT=0
ES =0010 0000000000000000 ffffffff 00af9300 DPL=0 DS   [-WA]
CS =0008 0000000000000000 ffffffff 00af9a00 DPL=0 CS64 [-R-]
SS =0010 0000000000000000 ffffffff 00af9300 DPL=0 DS   [-WA]
DS =0010 0000000000000000 ffffffff 00af9300 DPL=0 DS   [-WA]
FS =0018 0000000000000000 ffffffff 00cf9300 DPL=0 DS   [-WA]
GS =0018 0000000000000000 ffffffff 00cf9300 DPL=0 DS   [-WA]
LDT=0000 0000000000000000 0000ffff 00008200 DPL=0 LDT
TR =0000 0000000000000000 0000ffff 00008b00 DPL=0 TSS64-busy
GDT=     00000000001001d0 00000017
IDT=     0000000000142dc0 00000fff
CR0=80000011 CR2=0000000000000000 CR3=0000000001000000 CR4=00000020
DR0=0000000000000000 DR1=0000000000000000 DR2=0000000000000000 DR3=0000000000000000 
DR6=00000000ffff0ff0 DR7=0000000000000400
CCS=0000000000000000 CCD=0000000012b1a4d6 CCO=EFLAGS
EFER=0000000000000500
Servicing hardware INT=0x20
   279: v=20 e=0000 i=0 cpl=0 IP=0008:0000000000100aa0 pc=0000000000100aa0 SP=0010:000000000800ffc8 env->regs[R_EAX]=0000000000000000
RAX=0000000000000000 RBX=00ffffff0000000a RCX=0000000000000008 RDX=0000000000000000
RSI=0000000000000001 RDI=0000000000000018 RBP=0000000000115136 RSP=000000000800ffc8
R8 =0000000000142d60 R9 =00000000fd0ef010 R10=00000000000ef000 R11=0000000000126de8
R12=00ffffff00000000 R13=0000000000115136 R14=0000000000136430 R15=0000000000000000
RIP=0000000000100aa0 RFL=00010202 [-------] CPL=0 II=0 A20=1 SMM=0 HLT=0
ES =0010 0000000000000000 ffffffff 00af9300 DPL=0 DS   [-WA]
CS =0008 0000000000000000 ffffffff 00af9a00 DPL=0 CS64 [-R-]
SS =0010 0000000000000000 ffffffff 00af9300 DPL=0 DS   [-WA]
DS =0010 0000000000000000 ffffffff 00af9300 DPL=0 DS   [-WA]
FS =0018 0000000000000000 ffffffff 00cf9300 DPL=0 DS   [-WA]
GS =0018 0000000000000000 ffffffff 00cf9300 DPL=0 DS   [-WA]
LDT=0000 0000000000000000 0000ffff 00008200 DPL=0 LDT
TR =0000 0000000000000000 0000ffff 00008b00 DPL=0 TSS64-busy
GDT=     00000000001001d0 00000017
IDT=     0000000000142dc0 00000fff
CR0=80000011 CR2=0000000000000000 CR3=0000000001017000 CR4=00000020
DR0=0000000000000000 DR1=0000000000000000 DR2=0000000000000000 DR3=0000000000000000 
DR6=00000000ffff0ff0 DR7=0000000000000400
CCS=0000000000000000 CCD=000000000800ff18 CCO=EFLAGS
EFER=0000000000000500
